,Test_accuracy,correct_buys,correct_sells,correct_holds,correct_low_buys,correct_high_sells,correct_mid_holds,Profit gained,buy_n_hold profit
0,0.7397260069847107,13.043478260869565,5.0,89.77272727272727,56.52173913043478,60.0,82.85714285714286,53.907906922395995,-8.209536376169453
1,0.6940639019012451,0.0,17.857142857142858,90.74074074074075,35.714285714285715,64.28571428571429,85.18518518518519,70.44897851346772,-42.761652058241246
2,0.7579908967018127,5.2631578947368425,10.526315789473685,90.05524861878453,52.63157894736842,47.36842105263158,81.66666666666667,66.65044622994864,-31.90034799175503
