,Test_accuracy,correct_buys,correct_sells,correct_holds,correct_low_buys,correct_high_sells,correct_mid_holds,Profit gained,buy_n_hold profit
0,0.7579908967018127,15.0,5.2631578947368425,90.0,45.0,57.89473684210526,83.24022346368714,-23.74391599595043,-8.209536376169453
1,0.7214611768722534,0.0,17.391304347826086,90.58823529411765,40.0,69.56521739130434,84.11764705882354,101.16517634675559,-42.761652058241246
2,0.7351598143577576,5.2631578947368425,4.545454545454546,89.32584269662921,52.63157894736842,45.45454545454545,80.7909604519774,301.8426780813353,-31.90034799175503
