,Test_accuracy,correct_buys,correct_sells,correct_holds,correct_low_buys,correct_high_sells,correct_mid_holds,Profit gained,buy_n_hold profit
0,0.232876718044281,7.865168539325842,7.865168539325842,90.2439024390244,51.68539325842696,48.31460674157304,87.5,1084.9487959682344,-8.209536376169453
1,0.23744292557239532,5.9523809523809526,7.6923076923076925,90.9090909090909,46.98795180722892,51.64835164835165,81.81818181818181,-39.30653981055291,-42.761652058241246
2,0.2785388231277466,10.126582278481013,9.89010989010989,89.79591836734694,46.15384615384615,53.84615384615385,83.6734693877551,251.00603397373754,-31.90034799175503
