,Test_accuracy,correct_buys,correct_sells,correct_holds,correct_low_buys,correct_high_sells,correct_mid_holds,Profit gained,buy_n_hold profit
0,0.5616438388824463,10.0,9.090909090909092,90.47619047619048,55.0,63.63636363636363,84.0,-58.29203874198966,-8.209536376169453
1,0.47488585114479065,7.6923076923076925,10.416666666666666,88.67924528301887,43.75,60.416666666666664,82.0754716981132,24.05096725980924,-42.761652058241246
2,0.45205479860305786,8.791208791208792,13.88888888888889,93.47826086956522,47.77777777777778,61.111111111111114,84.78260869565217,269.7586372486039,-31.90034799175503
