,Test_accuracy,correct_buys,correct_sells,correct_holds,correct_low_buys,correct_high_sells,correct_mid_holds,Profit gained,buy_n_hold profit
0,0.08219178020954132,7.6923076923076925,9.523809523809524,0.0,51.61290322580645,60.317460317460316,0.0,1857.203522973289,-8.209536376169453
1,0.07305935770273209,7.189542483660131,7.575757575757576,0.0,45.39473684210526,51.515151515151516,0.0,78.28271640711046,-42.761652058241246
2,0.08219178020954132,6.329113924050633,13.114754098360656,0.0,43.67088607594937,48.333333333333336,0.0,155.35094147069316,-31.90034799175503
