,Test_accuracy,correct_buys,correct_sells,correct_holds,correct_low_buys,correct_high_sells,correct_mid_holds,Profit gained,buy_n_hold profit
0,0.2876712381839752,7.0588235294117645,8.974358974358974,89.28571428571429,50.588235294117645,53.246753246753244,83.92857142857143,822.170844937044,-8.209536376169453
1,0.29223743081092834,3.658536585365854,10.38961038961039,88.33333333333333,43.20987654320987,54.54545454545455,83.33333333333333,-26.295423016999038,-42.761652058241246
2,0.34246575832366943,8.333333333333334,13.698630136986301,93.54838709677419,46.98795180722892,49.31506849315068,83.87096774193549,202.42951680078107,-31.90034799175503
