,Test_accuracy,correct_buys,correct_sells,correct_holds,correct_low_buys,correct_high_sells,correct_mid_holds,Profit gained,buy_n_hold profit
0,0.7168949842453003,14.285714285714286,6.896551724137931,89.94082840236686,57.142857142857146,65.51724137931035,82.73809523809524,41.88659886153724,-8.209536376169453
1,0.6712328791618347,0.0,14.285714285714286,90.44585987261146,38.46153846153846,65.71428571428571,85.35031847133757,62.51602045940581,-42.761652058241246
2,0.7077625393867493,4.545454545454546,10.344827586206897,89.88095238095238,59.09090909090909,51.724137931034484,80.83832335329342,7.978546672102738,-31.90034799175503
