,Test_accuracy,correct_buys,correct_sells,correct_holds,correct_low_buys,correct_high_sells,correct_mid_holds,Profit gained,buy_n_hold profit
0,0.8082191944122314,0.0,0.0,88.94472361809045,63.63636363636363,66.66666666666667,82.32323232323232,-62.32190230043538,-8.209536376169453
1,0.7808219194412231,9.090909090909092,5.2631578947368425,89.41798941798942,36.36363636363637,63.1578947368421,82.44680851063829,58.117518290076966,-42.761652058241246
2,0.7168949842453003,5.555555555555555,9.090909090909092,89.53488372093024,38.888888888888886,54.54545454545455,82.45614035087719,-49.61599550426846,-31.90034799175503
