,Test_accuracy,correct_buys,correct_sells,correct_holds,correct_low_buys,correct_high_sells,correct_mid_holds,Profit gained,buy_n_hold profit
0,0.44748857617378235,12.0,8.219178082191782,89.58333333333333,52.0,55.55555555555556,85.41666666666667,-8.099882709397562,-8.209536376169453
1,0.45205479860305786,0.0,9.859154929577464,88.46153846153847,39.53488372093023,54.929577464788736,85.57692307692308,50.32058343541206,-42.761652058241246
2,0.4794520437717438,5.128205128205129,7.352941176470588,87.5,53.84615384615385,50.0,80.18018018018019,-61.0865791469208,-31.90034799175503
