,Test_accuracy,correct_buys,correct_sells,correct_holds,correct_low_buys,correct_high_sells,correct_mid_holds,Profit gained,buy_n_hold profit
0,0.7031963467597961,9.090909090909092,16.666666666666668,90.74074074074075,60.60606060606061,75.0,83.85093167701864,9.33225491083266,-8.209536376169453
1,0.6621004343032837,9.523809523809524,9.090909090909092,89.6774193548387,51.21951219512195,54.54545454545455,83.2258064516129,5.180199923313879,-42.761652058241246
2,0.5799086689949036,5.454545454545454,11.11111111111111,88.32116788321167,50.90909090909091,59.25925925925926,80.88235294117646,-22.266411583425906,-31.90034799175503
