,Test_accuracy,correct_buys,correct_sells,correct_holds,correct_low_buys,correct_high_sells,correct_mid_holds,Profit gained,buy_n_hold profit
0,0.7625570893287659,0.0,7.6923076923076925,88.77005347593582,68.42105263157895,61.53846153846154,82.25806451612904,-63.16121677389711,-8.209536376169453
1,0.7305936217308044,9.523809523809524,4.545454545454546,89.20454545454545,42.857142857142854,63.63636363636363,82.28571428571429,-35.98797159137733,-42.761652058241246
2,0.6621004343032837,7.6923076923076925,15.384615384615385,90.25974025974025,45.09803921568628,61.53846153846154,82.46753246753246,-48.44179565783313,-31.90034799175503
