,Test_accuracy,correct_buys,correct_sells,correct_holds,correct_low_buys,correct_high_sells,correct_mid_holds,Profit gained,buy_n_hold profit
0,0.42465752363204956,9.090909090909092,10.76923076923077,90.9090909090909,53.03030303030303,57.8125,86.36363636363636,63.942633651535715,-8.209536376169453
1,0.3835616409778595,7.792207792207792,11.11111111111111,89.87341772151899,53.94736842105263,58.73015873015873,88.60759493670886,-3.8178752241789624,-42.761652058241246
2,0.3333333432674408,10.112359550561798,7.6923076923076925,90.76923076923077,49.438202247191015,50.76923076923077,76.5625,-61.491352463573904,-31.90034799175503
