,Test_accuracy,correct_buys,correct_sells,correct_holds,correct_low_buys,correct_high_sells,correct_mid_holds,Profit gained,buy_n_hold profit
0,0.45205479860305786,5.555555555555555,9.30232558139535,87.5,51.388888888888886,55.81395348837209,77.66990291262135,206.06357042621136,-8.209536376169453
1,0.47488585114479065,5.555555555555555,8.333333333333334,87.38738738738739,52.11267605633803,55.55555555555556,82.88288288288288,-19.431810802310565,-42.761652058241246
2,0.5022830963134766,7.246376811594203,10.81081081081081,89.38053097345133,47.82608695652174,50.0,84.070796460177,771.2147394594568,-31.90034799175503
