,Test_accuracy,correct_buys,correct_sells,correct_holds,correct_low_buys,correct_high_sells,correct_mid_holds,Profit gained,buy_n_hold profit
0,0.1780821979045868,5.555555555555555,6.896551724137931,87.09677419354838,50.70422535211268,47.41379310344828,77.41935483870968,228.9367073096646,-8.209536376169453
1,0.1826484054327011,6.557377049180328,7.633587786259542,96.29629629629629,41.666666666666664,47.32824427480916,88.88888888888889,22.358164722750843,-42.761652058241246
2,0.155251145362854,9.859154929577464,8.396946564885496,94.11764705882354,47.142857142857146,47.32824427480916,88.23529411764706,1501.614279319844,-31.90034799175503
