,Test_accuracy,correct_buys,correct_sells,correct_holds,correct_low_buys,correct_high_sells,correct_mid_holds,Profit gained,buy_n_hold profit
0,0.13242009282112122,6.306306306306307,8.695652173913043,87.5,50.450450450450454,51.64835164835165,81.25,867.2169645165029,-8.209536376169453
1,0.13242009282112122,5.405405405405405,8.791208791208792,88.23529411764706,45.45454545454545,50.54945054945055,82.3529411764706,-3.7672310231216812,-42.761652058241246
2,0.15068493783473969,8.771929824561404,10.869565217391305,100.0,43.36283185840708,46.73913043478261,84.61538461538461,141.40451274147884,-31.90034799175503
