,Test_accuracy,correct_buys,correct_sells,correct_holds,correct_low_buys,correct_high_sells,correct_mid_holds,Profit gained,buy_n_hold profit
0,0.767123281955719,0.0,0.0,88.88888888888889,47.36842105263158,54.54545454545455,82.44680851063829,-26.949823133616462,-8.209536376169453
1,0.7899543642997742,0.0,18.75,89.94708994708995,42.857142857142854,81.25,82.97872340425532,-13.248748883208036,-42.761652058241246
2,0.8127853870391846,11.11111111111111,22.22222222222222,90.625,55.55555555555556,55.55555555555556,82.72251308900523,-10.909860259105741,-31.90034799175503
