,Test_accuracy,correct_buys,correct_sells,correct_holds,correct_low_buys,correct_high_sells,correct_mid_holds,Profit gained,buy_n_hold profit
0,0.8173515796661377,9.090909090909092,9.090909090909092,89.84771573604061,36.36363636363637,63.63636363636363,83.6734693877551,-51.326864783665506,-8.209536376169453
1,0.7853881120681763,0.0,7.6923076923076925,89.52879581151832,35.714285714285715,53.84615384615385,82.72251308900523,100.22373023823677,-42.761652058241246
2,0.7808219194412231,0.0,0.0,89.0625,50.0,46.15384615384615,80.6282722513089,90.23082657102015,-31.90034799175503
