,Test_accuracy,correct_buys,correct_sells,correct_holds,correct_low_buys,correct_high_sells,correct_mid_holds,Profit gained,buy_n_hold profit
0,0.7808219194412231,13.636363636363637,0.0,89.83957219251337,68.18181818181819,60.0,82.79569892473118,-24.350280627365564,-8.209536376169453
1,0.8036529421806335,12.5,9.090909090909092,90.10416666666667,37.5,63.63636363636363,82.72251308900523,-26.7766174325064,-42.761652058241246
2,0.7716894745826721,5.882352941176471,6.666666666666667,89.3048128342246,35.294117647058826,53.333333333333336,82.25806451612904,-6.086055780457173,-31.90034799175503
