,Test_accuracy,correct_buys,correct_sells,correct_holds,correct_low_buys,correct_high_sells,correct_mid_holds,Profit gained,buy_n_hold profit
0,0.7945205569267273,0.0,9.090909090909092,89.17525773195877,64.28571428571429,63.63636363636363,82.38341968911917,-64.66826323605957,-8.209536376169453
1,0.7534246444702148,10.526315789473685,5.2631578947368425,89.50276243093923,42.10526315789474,63.1578947368421,82.77777777777777,-32.094659578649,-42.761652058241246
2,0.6940639019012451,4.651162790697675,23.076923076923077,90.1840490797546,38.095238095238095,61.53846153846154,82.82208588957056,-49.12700557627485,-31.90034799175503
