,Test_accuracy,correct_buys,correct_sells,correct_holds,correct_low_buys,correct_high_sells,correct_mid_holds,Profit gained,buy_n_hold profit
0,0.8219178318977356,0.0,11.11111111111111,89.5,20.0,66.66666666666667,83.41708542713567,-50.53920703197517,-8.209536376169453
1,0.8036529421806335,0.0,8.333333333333334,89.74358974358974,45.45454545454545,50.0,83.07692307692308,34.50082909193884,-42.761652058241246
2,0.8036529421806335,0.0,0.0,89.34010152284264,36.36363636363637,45.45454545454545,81.12244897959184,300.1450935421249,-31.90034799175503
