,Test_accuracy,correct_buys,correct_sells,correct_holds,correct_low_buys,correct_high_sells,correct_mid_holds,Profit gained,buy_n_hold profit
0,0.7625570893287659,0.0,7.6923076923076925,89.24731182795699,45.0,53.84615384615385,83.24324324324324,-53.03170518346543,-8.209536376169453
1,0.767123281955719,0.0,18.75,89.67391304347827,42.10526315789474,81.25,82.51366120218579,-27.781749794016235,-42.761652058241246
2,0.8219178318977356,20.0,22.22222222222222,91.57894736842105,60.0,55.55555555555556,83.06878306878306,297.13863470100966,-31.90034799175503
