,Test_accuracy,correct_buys,correct_sells,correct_holds,correct_low_buys,correct_high_sells,correct_mid_holds,Profit gained,buy_n_hold profit
0,0.8127853870391846,0.0,9.090909090909092,89.39393939393939,60.0,63.63636363636363,82.74111675126903,-64.66826323605957,-8.209536376169453
1,0.767123281955719,7.6923076923076925,5.0,89.24731182795699,30.76923076923077,65.0,82.70270270270271,-45.50444798481402,-42.761652058241246
2,0.7260273694992065,5.714285714285714,23.076923076923077,90.05847953216374,37.142857142857146,61.53846153846154,83.52941176470588,-50.21117248465843,-31.90034799175503
