,Test_accuracy,correct_buys,correct_sells,correct_holds,correct_low_buys,correct_high_sells,correct_mid_holds,Profit gained,buy_n_hold profit
0,0.4292237460613251,7.5,7.142857142857143,87.62886597938144,52.5,53.65853658536585,81.44329896907216,-49.22775389298855,-8.209536376169453
1,0.4383561611175537,8.219178082191782,11.320754716981131,90.3225806451613,47.22222222222222,60.37735849056604,83.87096774193549,51.50974912903558,-42.761652058241246
2,0.37899544835090637,8.080808080808081,11.363636363636363,92.10526315789474,47.95918367346939,52.27272727272727,84.21052631578948,211.25714757457018,-31.90034799175503
