,Test_accuracy,correct_buys,correct_sells,correct_holds,correct_low_buys,correct_high_sells,correct_mid_holds,Profit gained,buy_n_hold profit
0,0.5844748616218567,10.0,10.204081632653061,91.53846153846153,52.5,51.02040816326531,86.82170542635659,167.49392708390866,-8.209536376169453
1,0.5616438388824463,8.333333333333334,2.127659574468085,87.5,36.111111111111114,55.319148936170215,80.0,-52.58005948188259,-42.761652058241246
2,0.6164383292198181,3.5714285714285716,10.869565217391305,88.96551724137932,28.571428571428573,54.34782608695652,81.94444444444444,-35.58692990714725,-31.90034799175503
