,Test_accuracy,correct_buys,correct_sells,correct_holds,correct_low_buys,correct_high_sells,correct_mid_holds,Profit gained,buy_n_hold profit
0,0.6803653240203857,10.256410256410257,9.523809523809524,89.937106918239,58.97435897435897,66.66666666666667,82.9113924050633,5.3047885031112685,-8.209536376169453
1,0.7214611768722534,2.857142857142857,11.11111111111111,89.14285714285714,45.714285714285715,33.333333333333336,84.48275862068965,-65.5521753909732,-42.761652058241246
2,0.7168949842453003,5.882352941176471,13.333333333333334,90.0,50.0,40.0,83.4319526627219,674.2320738249954,-31.90034799175503
