,Test_accuracy,correct_buys,correct_sells,correct_holds,correct_low_buys,correct_high_sells,correct_mid_holds,Profit gained,buy_n_hold profit
0,0.767123281955719,13.636363636363637,6.666666666666667,90.10989010989012,68.18181818181819,60.0,83.97790055248619,-30.387267178127512,-8.209536376169453
1,0.7579908967018127,11.764705882352942,5.0,89.56043956043956,41.1764705882353,50.0,81.76795580110497,-34.89815159207377,-42.761652058241246
2,0.7625570893287659,6.25,13.636363636363637,90.05524861878453,37.5,63.63636363636363,82.77777777777777,-45.5683303540236,-31.90034799175503
