,Test_accuracy,correct_buys,correct_sells,correct_holds,correct_low_buys,correct_high_sells,correct_mid_holds,Profit gained,buy_n_hold profit
0,0.26940637826919556,5.714285714285714,9.836065573770492,88.67924528301887,49.523809523809526,55.73770491803279,84.61538461538461,644.9305418295994,-8.209536376169453
1,0.232876718044281,4.901960784313726,9.859154929577464,84.78260869565217,43.56435643564357,54.929577464788736,78.26086956521739,-31.935201585292276,-42.761652058241246
2,0.2557077705860138,7.920792079207921,9.722222222222221,89.1304347826087,44.0,50.0,76.08695652173913,-4.632813585894397,-31.90034799175503
