,Test_accuracy,correct_buys,correct_sells,correct_holds,correct_low_buys,correct_high_sells,correct_mid_holds,Profit gained,buy_n_hold profit
0,0.8264840245246887,9.090909090909092,18.181818181818183,90.35532994923858,45.45454545454545,81.81818181818181,83.6734693877551,-59.41026239516623,-8.209536376169453
1,0.7808219194412231,15.384615384615385,10.0,90.7103825136612,50.0,30.0,83.51648351648352,-31.036201676621015,-42.761652058241246
2,0.7077625393867493,3.225806451612903,6.25,88.95348837209302,51.61290322580645,56.25,81.28654970760233,-39.94109750941875,-31.90034799175503
