,Test_accuracy,correct_buys,correct_sells,correct_holds,correct_low_buys,correct_high_sells,correct_mid_holds,Profit gained,buy_n_hold profit
0,0.17351597547531128,8.148148148148149,10.0,87.5,50.0,60.0,79.16666666666667,1149.9270286532176,-8.209536376169453
1,0.14611871540546417,7.299270072992701,5.2631578947368425,76.0,47.05882352941177,50.87719298245614,72.0,114.246939091861,-42.761652058241246
2,0.2054794579744339,6.569343065693431,14.0,90.625,43.7956204379562,48.97959183673469,84.375,44.868486898893906,-31.90034799175503
