,Test_accuracy,correct_buys,correct_sells,correct_holds,correct_low_buys,correct_high_sells,correct_mid_holds,Profit gained,buy_n_hold profit
0,0.6484017968177795,7.6923076923076925,13.333333333333334,90.0,61.53846153846154,60.0,82.5503355704698,65.43180072124841,-8.209536376169453
1,0.6301369667053223,8.695652173913043,13.793103448275861,90.27777777777777,51.111111111111114,58.62068965517241,84.02777777777777,27.60349729738095,-42.761652058241246
2,0.5525113940238953,5.2631578947368425,14.285714285714286,88.97637795275591,49.12280701754386,62.857142857142854,81.74603174603175,-28.27509757273613,-31.90034799175503
