,Test_accuracy,correct_buys,correct_sells,correct_holds,correct_low_buys,correct_high_sells,correct_mid_holds,Profit gained,buy_n_hold profit
0,0.5296803712844849,5.797101449275362,10.344827586206897,90.08264462809917,49.27536231884058,48.275862068965516,85.83333333333333,97.26919144715694,-8.209536376169453
1,0.4794520437717438,5.882352941176471,9.523809523809524,88.9908256880734,42.64705882352941,54.76190476190476,84.25925925925925,30.02474763886505,-42.761652058241246
2,0.5159817337989807,7.462686567164179,11.904761904761905,93.63636363636364,46.96969696969697,52.38095238095238,84.54545454545455,-39.81230921686094,-31.90034799175503
