,Test_accuracy,correct_buys,correct_sells,correct_holds,correct_low_buys,correct_high_sells,correct_mid_holds,Profit gained,buy_n_hold profit
0,0.10958904027938843,6.896551724137931,8.421052631578947,100.0,50.43478260869565,49.473684210526315,87.5,820.9697576772079,-8.209536376169453
1,0.13242009282112122,4.672897196261682,8.421052631578947,94.11764705882354,46.22641509433962,51.578947368421055,76.47058823529412,-36.04777715873571,-42.761652058241246
2,0.13698630034923553,9.0,9.345794392523365,91.66666666666667,49.494949494949495,48.598130841121495,83.33333333333333,131.66904336446382,-31.90034799175503
