,Test_accuracy,correct_buys,correct_sells,correct_holds,correct_low_buys,correct_high_sells,correct_mid_holds,Profit gained,buy_n_hold profit
0,0.2889908254146576,7.317073170731708,9.63855421686747,92.45283018867924,50.0,45.78313253012048,88.46153846153847,64.53292427096352,-64.15459983292143
1,0.12844036519527435,8.080808080808081,5.882352941176471,82.3529411764706,56.56565656565657,52.475247524752476,82.3529411764706,-85.762151241553,-55.90202865575834
2,0.21800947189331055,6.25,8.536585365853659,100.0,53.125,59.25925925925926,87.87878787878788,467.05482938827265,-54.68960086691082
3,0.22018349170684814,11.267605633802816,4.587155963302752,92.10526315789474,52.11267605633803,48.148148148148145,89.47368421052632,2169.2858460152215,1576.1791664809543
4,0.20642201602458954,4.123711340206185,8.333333333333334,91.89189189189189,46.391752577319586,52.38095238095238,88.88888888888889,28.48312950985553,-40.19620025164952
