,Test_accuracy,correct_buys,correct_sells,correct_holds,correct_low_buys,correct_high_sells,correct_mid_holds,Profit gained,buy_n_hold profit
0,0.2801932394504547,12.987012987012987,9.195402298850574,93.02325581395348,53.246753246753244,49.42528735632184,90.47619047619048,3114.906805647961,1666.8922807869963
1,0.25120773911476135,10.75268817204301,10.126582278481013,97.14285714285714,60.215053763440864,58.97435897435897,82.85714285714286,369125.60472605884,1245.2754815401652
2,0.18807339668273926,6.741573033707865,6.25,87.87878787878788,50.561797752808985,44.21052631578947,75.75757575757575,222.10886860011692,9380.979094228014
3,0.26146790385246277,8.51063829787234,8.974358974358974,91.30434782608695,47.31182795698925,50.0,78.26086956521739,52.12015370443066,5.320148704751816
