,Test_accuracy,correct_buys,correct_sells,correct_holds,correct_low_buys,correct_high_sells,correct_mid_holds,Profit gained,buy_n_hold profit
0,0.19266055524349213,9.63855421686747,8.256880733944953,96.15384615384616,54.21686746987952,46.788990825688074,92.0,279.9810089083831,-64.15459983292143
1,0.15596330165863037,6.097560975609756,6.422018348623853,81.48148148148148,59.75609756097561,53.7037037037037,77.77777777777777,-97.496244971089,-55.90202865575834
2,0.15639810264110565,5.555555555555555,7.142857142857143,91.30434782608695,57.77777777777778,53.608247422680414,78.26086956521739,110.85319694701252,-54.68960086691082
3,0.1055045872926712,11.940298507462687,3.597122302158273,83.33333333333333,55.223880597014926,44.927536231884055,83.33333333333333,866.4541384170951,1576.1791664809543
4,0.14220184087753296,4.49438202247191,7.407407407407407,90.47619047619048,44.943820224719104,51.851851851851855,85.0,-39.42357087861179,-40.19620025164952
