,Test_accuracy,correct_buys,correct_sells,correct_holds,correct_low_buys,correct_high_sells,correct_mid_holds,Profit gained,buy_n_hold profit
0,0.28985506296157837,15.517241379310345,7.920792079207921,89.58333333333333,60.3448275862069,45.54455445544554,85.1063829787234,1162.3638843200788,1666.8922807869963
1,0.2753623127937317,9.722222222222221,8.045977011494253,89.58333333333333,54.166666666666664,55.172413793103445,70.2127659574468,11851.845612939429,1245.2754815401652
2,0.2844036817550659,5.172413793103448,5.882352941176471,91.37931034482759,51.724137931034484,43.56435643564357,84.48275862068965,148.80783567184352,9380.979094228014
3,0.30733945965766907,8.928571428571429,7.8431372549019605,90.0,44.642857142857146,48.03921568627451,84.7457627118644,1142.3755463741907,5.320148704751816
