,Test_accuracy,correct_buys,correct_sells,correct_holds,correct_low_buys,correct_high_sells,correct_mid_holds,Profit gained,buy_n_hold profit
0,0.23188406229019165,13.333333333333334,8.910891089108912,93.54838709677419,56.75675675675676,48.51485148514851,90.3225806451613,1666.6005731213443,1666.8922807869963
1,0.23671497404575348,9.523809523809524,9.195402298850574,91.66666666666667,57.142857142857146,56.97674418604651,69.44444444444444,19051.643130449876,1245.2754815401652
2,0.20183485746383667,6.410256410256411,5.769230769230769,91.66666666666667,51.282051282051285,46.601941747572816,88.88888888888889,183.26905081734003,9380.979094228014
3,0.20642201602458954,9.523809523809524,7.8431372549019605,90.625,47.61904761904762,46.07843137254902,83.87096774193549,413.95689781572196,5.320148704751816
