,Test_accuracy,correct_buys,correct_sells,correct_holds,correct_low_buys,correct_high_sells,correct_mid_holds,Profit gained,buy_n_hold profit
0,0.40096619725227356,20.0,7.142857142857143,91.78082191780823,60.0,46.98795180722892,87.67123287671232,314.2898891474987,1666.8922807869963
1,0.33816424012184143,11.290322580645162,8.433734939759036,90.3225806451613,61.29032258064516,59.75609756097561,80.64516129032258,29065.838103918777,1245.2754815401652
2,0.2706421911716461,4.545454545454546,7.142857142857143,90.74074074074075,53.03030303030303,47.95918367346939,81.13207547169812,186.92082320029175,9380.979094228014
3,0.3623853325843811,11.428571428571429,10.843373493975903,95.38461538461539,58.57142857142857,54.21686746987952,85.9375,279.4708459012708,5.320148704751816
