,Test_accuracy,correct_buys,correct_sells,correct_holds,correct_low_buys,correct_high_sells,correct_mid_holds,Profit gained,buy_n_hold profit
0,0.21739129722118378,15.714285714285714,8.108108108108109,96.15384615384616,57.971014492753625,46.846846846846844,92.3076923076923,4629.914310230524,1666.8922807869963
1,0.2222222238779068,10.38961038961039,9.0,96.66666666666667,63.1578947368421,54.0,80.0,119069.10477508439,1245.2754815401652
2,0.17431192100048065,5.0,6.422018348623853,93.10344827586206,51.25,44.44444444444444,89.65517241379311,151.25841889781023,9380.979094228014
3,0.25229358673095703,10.256410256410257,8.16326530612245,92.85714285714286,50.0,51.02040816326531,90.2439024390244,100.61185843718474,5.320148704751816
