,Test_accuracy,correct_buys,correct_sells,correct_holds,correct_low_buys,correct_high_sells,correct_mid_holds,Profit gained,buy_n_hold profit
0,0.3478260934352875,14.0625,7.5,90.47619047619048,53.125,41.25,85.48387096774194,133.73625113906215,1666.8922807869963
1,0.32367148995399475,11.267605633802816,8.75,92.85714285714286,60.563380281690144,58.22784810126582,78.57142857142857,8342.596398756928,1245.2754815401652
2,0.2568807303905487,6.4935064935064934,7.446808510638298,93.61702127659575,48.05194805194805,40.86021505376344,85.1063829787234,175.23133167968552,9380.979094228014
3,0.35779815912246704,10.526315789473685,5.797101449275362,90.41095890410959,50.0,50.72463768115942,81.94444444444444,-19.373905706766095,5.320148704751816
