,Test_accuracy,correct_buys,correct_sells,correct_holds,correct_low_buys,correct_high_sells,correct_mid_holds,Profit gained,buy_n_hold profit
0,0.22705313563346863,12.195121951219512,7.526881720430108,93.75,53.08641975308642,47.31182795698925,90.625,1082.303211358579,1666.8922807869963
1,0.27053138613700867,10.344827586206897,9.090909090909092,93.02325581395348,58.62068965517241,59.21052631578947,76.74418604651163,24745.24987920486,1245.2754815401652
2,0.15596330165863037,5.208333333333333,6.25,88.46153846153847,49.473684210526315,52.083333333333336,88.46153846153847,42.413244130441,9380.979094228014
3,0.20183485746383667,9.278350515463918,9.67741935483871,92.85714285714286,52.577319587628864,50.0,82.14285714285714,286.3493612526163,5.320148704751816
