,Test_accuracy,correct_buys,correct_sells,correct_holds,correct_low_buys,correct_high_sells,correct_mid_holds,Profit gained,buy_n_hold profit
0,0.2706421911716461,6.382978723404255,8.450704225352112,88.67924528301887,51.06382978723404,46.478873239436616,75.0,-82.80044482134306,-64.15459983292143
1,0.14678898453712463,6.796116504854369,6.521739130434782,82.6086956521739,54.36893203883495,54.34782608695652,81.81818181818181,-93.92443556173836,-55.90202865575834
2,0.1895734667778015,4.716981132075472,8.219178082191782,90.625,50.0,52.77777777777778,81.25,193.06990660673898,-54.68960086691082
3,0.13302752375602722,11.764705882352942,3.389830508474576,100.0,49.411764705882355,46.15384615384615,93.33333333333333,401.1372669145418,1576.1791664809543
4,0.19266055524349213,4.901960784313726,9.30232558139535,96.66666666666667,46.07843137254902,54.11764705882353,86.66666666666667,-77.06235645983354,-40.19620025164952
