,Test_accuracy,correct_buys,correct_sells,correct_holds,correct_low_buys,correct_high_sells,correct_mid_holds,Profit gained,buy_n_hold profit
0,0.2753623127937317,12.987012987012987,9.090909090909092,92.85714285714286,53.246753246753244,49.42528735632184,90.47619047619048,743.9013687598818,1666.8922807869963
1,0.34299516677856445,8.955223880597014,9.210526315789474,90.625,56.71641791044776,61.333333333333336,78.125,15193.612719879482,1245.2754815401652
2,0.17889907956123352,6.666666666666667,6.896551724137931,96.29629629629629,50.666666666666664,47.41379310344828,96.15384615384616,76.59043432875063,9380.979094228014
3,0.2706421911716461,10.666666666666666,7.291666666666667,93.61702127659575,54.666666666666664,41.05263157894737,82.97872340425532,28.2319018819189,5.320148704751816
