,Test_accuracy,correct_buys,correct_sells,correct_holds,correct_low_buys,correct_high_sells,correct_mid_holds,Profit gained,buy_n_hold profit
0,0.3302752375602722,9.333333333333334,7.5,93.65079365079364,56.0,48.10126582278481,80.95238095238095,-77.95554559291713,-64.15459983292143
1,0.26605504751205444,6.329113924050633,6.976744186046512,88.67924528301887,59.49367088607595,51.76470588235294,81.13207547169812,-92.60350850599724,-55.90202865575834
2,0.28436020016670227,6.896551724137931,5.714285714285714,92.5925925925926,56.32183908045977,53.6231884057971,85.18518518518519,196.2516551611103,-54.68960086691082
3,0.2431192696094513,13.432835820895523,3.6036036036036037,100.0,55.223880597014926,47.27272727272727,97.5,11.313630631733005,1576.1791664809543
4,0.23853211104869843,4.444444444444445,8.433734939759036,91.11111111111111,48.888888888888886,55.42168674698795,81.81818181818181,-97.00507521774266,-40.19620025164952
