,Test_accuracy,correct_buys,correct_sells,correct_holds,correct_low_buys,correct_high_sells,correct_mid_holds,Profit gained,buy_n_hold profit
0,0.4357798099517822,10.169491525423728,10.81081081081081,95.29411764705883,50.847457627118644,44.5945945945946,88.0952380952381,-78.99499322107111,-64.15459983292143
1,0.2568807303905487,9.45945945945946,4.301075268817204,88.23529411764706,59.45945945945946,53.26086956521739,84.31372549019608,-84.21999388933614,-55.90202865575834
2,0.3033175468444824,6.4935064935064934,6.4935064935064934,94.73684210526316,58.44155844155844,63.1578947368421,84.21052631578948,530.4339797070012,-54.68960086691082
3,0.22477063536643982,7.547169811320755,2.542372881355932,89.36170212765957,47.16981132075472,44.44444444444444,85.1063829787234,1735.7348371585235,1576.1791664809543
4,0.25229358673095703,1.25,6.097560975609756,87.5,42.5,53.65853658536585,80.0,-81.65042462909767,-40.19620025164952
