,Test_accuracy,correct_buys,correct_sells,correct_holds,correct_low_buys,correct_high_sells,correct_mid_holds,Profit gained,buy_n_hold profit
0,0.2844036817550659,10.95890410958904,8.24742268041237,95.83333333333333,54.794520547945204,44.329896907216494,85.1063829787234,-60.70324712145903,-64.15459983292143
1,0.22018349170684814,6.329113924050633,7.142857142857143,87.8048780487805,58.22784810126582,56.70103092783505,85.36585365853658,-98.78216747111377,-55.90202865575834
2,0.2132701426744461,5.555555555555555,7.142857142857143,91.89189189189189,57.77777777777778,53.01204819277108,70.27027027027027,47.453478555076146,-54.68960086691082
3,0.1513761430978775,12.67605633802817,3.9682539682539684,90.47619047619048,54.929577464788736,44.8,90.47619047619048,982.1268134326722,1576.1791664809543
4,0.22477063536643982,5.555555555555555,7.954545454545454,92.5,45.55555555555556,55.68181818181818,84.61538461538461,-43.9010986242353,-40.19620025164952
