,Test_accuracy,correct_buys,correct_sells,correct_holds,correct_low_buys,correct_high_sells,correct_mid_holds,Profit gained,buy_n_hold profit
0,0.2706421911716461,6.896551724137931,7.6923076923076925,88.67924528301887,55.172413793103445,43.58974358974359,78.84615384615384,413.5179709216004,-64.15459983292143
1,0.1651376187801361,5.681818181818182,6.930693069306931,82.75862068965517,55.68181818181818,55.0,75.86206896551724,-96.89177551076662,-55.90202865575834
2,0.22274881601333618,4.25531914893617,7.792207792207792,92.5,53.191489361702125,51.31578947368421,77.5,97.67712964534405,-54.68960086691082
3,0.12385321408510208,11.538461538461538,3.225806451612903,87.5,52.56410256410256,47.96747967479675,87.5,760.0863145105491,1576.1791664809543
4,0.2110091745853424,3.3333333333333335,6.976744186046512,88.0952380952381,46.666666666666664,52.325581395348834,85.36585365853658,142.68775316553092,-40.19620025164952
