,Test_accuracy,correct_buys,correct_sells,correct_holds,correct_low_buys,correct_high_sells,correct_mid_holds,Profit gained,buy_n_hold profit
0,0.23394495248794556,6.4935064935064934,7.291666666666667,86.66666666666667,44.15584415584416,41.666666666666664,79.54545454545455,-86.25300162904253,-64.15459983292143
1,0.1834862381219864,7.5,6.481481481481482,90.0,58.75,53.271028037383175,76.66666666666667,-53.8409069343219,-55.90202865575834
2,0.274881511926651,6.097560975609756,8.536585365853659,97.87234042553192,50.0,58.02469135802469,87.23404255319149,-42.85801699535844,-54.68960086691082
3,0.197247713804245,11.538461538461538,3.125,86.84210526315789,53.84615384615385,47.24409448818898,84.21052631578948,2480.567578395176,1576.1791664809543
4,0.23853211104869843,4.651162790697675,7.954545454545454,93.18181818181819,51.16279069767442,52.27272727272727,86.04651162790698,-63.44090710487351,-40.19620025164952
