,Test_accuracy,correct_buys,correct_sells,correct_holds,correct_low_buys,correct_high_sells,correct_mid_holds,Profit gained,buy_n_hold profit
0,0.2028985470533371,15.068493150684931,8.108108108108109,95.65217391304348,54.794520547945204,49.549549549549546,86.36363636363636,4917.2125164923045,1666.8922807869963
1,0.21739129722118378,10.975609756097562,9.278350515463918,96.42857142857143,57.31707317073171,53.608247422680414,74.07407407407408,103857.24976937422,1245.2754815401652
2,0.1651376187801361,6.329113924050633,6.140350877192983,96.0,55.69620253164557,43.36283185840708,96.0,137.23228024018618,9380.979094228014
3,0.2110091745853424,10.714285714285714,7.8431372549019605,90.625,48.80952380952381,49.01960784313726,90.3225806451613,502.97674393397955,5.320148704751816
