,Test_accuracy,correct_buys,correct_sells,correct_holds,correct_low_buys,correct_high_sells,correct_mid_holds,Profit gained,buy_n_hold profit
0,0.26605504751205444,6.60377358490566,8.333333333333334,88.46153846153847,52.83018867924528,46.666666666666664,72.54901960784314,-83.18371331451155,-64.15459983292143
1,0.19266055524349213,7.547169811320755,7.407407407407407,90.3225806451613,55.660377358490564,55.0,87.09677419354838,-90.99508359330852,-55.90202865575834
2,0.18009479343891144,4.237288135593221,8.064516129032258,90.3225806451613,50.0,54.09836065573771,80.64516129032258,187.84956900348504,-54.68960086691082
3,0.15596330165863037,10.1010101010101,4.040404040404041,100.0,48.97959183673469,49.494949494949495,95.0,604.1506549101747,1576.1791664809543
4,0.197247713804245,5.454545454545454,6.944444444444445,88.88888888888889,45.87155963302752,56.94444444444444,80.55555555555556,-76.61347715392199,-40.19620025164952
