,Test_accuracy,correct_buys,correct_sells,correct_holds,correct_low_buys,correct_high_sells,correct_mid_holds,Profit gained,buy_n_hold profit
0,0.12077295035123825,10.76923076923077,7.518796992481203,88.88888888888889,55.38461538461539,45.45454545454545,77.77777777777777,1847.488492346849,1666.8922807869963
1,0.07246376574039459,6.557377049180328,6.338028169014085,50.0,50.81967213114754,48.226950354609926,50.0,2979.6662639736833,1245.2754815401652
2,0.055045872926712036,1.6666666666666667,5.161290322580645,100.0,55.0,41.55844155844156,100.0,5.455219639907071,9380.979094228014
3,0.08256880939006805,10.714285714285714,6.25,100.0,46.42857142857143,40.880503144654085,50.0,1678.1841307861655,5.320148704751816
