,Test_accuracy,correct_buys,correct_sells,correct_holds,correct_low_buys,correct_high_sells,correct_mid_holds,Profit gained,buy_n_hold profit
0,0.43478259444236755,17.647058823529413,8.0,92.5925925925926,54.90196078431372,48.648648648648646,90.12345679012346,170.58667985611726,1666.8922807869963
1,0.36231884360313416,10.0,7.894736842105263,88.73239436619718,63.333333333333336,58.666666666666664,78.87323943661971,11669.99759869361,1245.2754815401652
2,0.2889908254146576,1.694915254237288,7.070707070707071,91.66666666666667,52.54237288135593,50.505050505050505,83.05084745762711,4.735128002038593,9380.979094228014
3,0.3807339370250702,12.698412698412698,9.411764705882353,95.71428571428571,63.492063492063494,48.23529411764706,86.95652173913044,1266.4598268545124,5.320148704751816
