,Test_accuracy,correct_buys,correct_sells,correct_holds,correct_low_buys,correct_high_sells,correct_mid_holds,Profit gained,buy_n_hold profit
0,0.21559633314609528,7.865168539325842,6.666666666666667,87.17948717948718,55.68181818181818,48.888888888888886,82.05128205128206,444.9473938075348,-64.15459983292143
1,0.14678898453712463,5.882352941176471,6.481481481481482,80.0,56.470588235294116,54.205607476635514,72.0,-96.69418307175027,-55.90202865575834
2,0.20853079855442047,4.49438202247191,8.045977011494253,94.28571428571429,51.68539325842696,51.16279069767442,80.0,91.92934744598602,-54.68960086691082
3,0.0917431190609932,10.81081081081081,3.7037037037037037,77.77777777777777,52.7027027027027,46.26865671641791,77.77777777777777,633.9374319986545,1576.1791664809543
4,0.18807339668273926,3.4482758620689653,7.291666666666667,88.57142857142857,47.12643678160919,52.083333333333336,85.29411764705883,136.11878106441256,-40.19620025164952
