,Test_accuracy,correct_buys,correct_sells,correct_holds,correct_low_buys,correct_high_sells,correct_mid_holds,Profit gained,buy_n_hold profit
0,0.32568806409835815,9.722222222222221,8.235294117647058,93.44262295081967,51.388888888888886,45.88235294117647,85.0,-45.00355285875113,-64.15459983292143
1,0.14678898453712463,8.791208791208792,4.8076923076923075,82.6086956521739,60.43956043956044,53.398058252427184,78.26086956521739,-90.11847277442979,-55.90202865575834
2,0.1895734667778015,6.451612903225806,7.6923076923076925,100.0,54.83870967741935,58.888888888888886,92.5925925925926,410.3961570976788,-54.68960086691082
3,0.1651376187801361,10.169491525423728,3.787878787878788,92.5925925925926,50.847457627118644,45.80152671755725,88.88888888888889,2095.5401444266845,1576.1791664809543
4,0.19266055524349213,5.376344086021505,7.608695652173913,90.9090909090909,48.38709677419355,51.08695652173913,87.5,116.7207164728024,-40.19620025164952
