,Test_accuracy,correct_buys,correct_sells,correct_holds,correct_low_buys,correct_high_sells,correct_mid_holds,Profit gained,buy_n_hold profit
0,0.4082568883895874,8.450704225352112,9.23076923076923,93.90243902439025,53.521126760563384,45.3125,81.70731707317073,-65.01388420860401,-64.15459983292143
1,0.26605504751205444,7.228915662650603,7.0588235294117645,92.0,59.036144578313255,56.470588235294116,85.71428571428571,-64.9949046273104,-55.90202865575834
2,0.3412322402000427,6.976744186046512,8.19672131147541,95.3125,58.13953488372093,58.333333333333336,82.8125,108.73046529535151,-54.68960086691082
3,0.2568807303905487,13.043478260869565,2.9411764705882355,93.61702127659575,53.6231884057971,47.524752475247524,89.36170212765957,3356.8264667869166,1576.1791664809543
4,0.2889908254146576,4.545454545454546,8.333333333333334,91.37931034482759,44.31818181818182,51.388888888888886,87.71929824561404,-29.035714539363113,-40.19620025164952
