,Test_accuracy,correct_buys,correct_sells,correct_holds,correct_low_buys,correct_high_sells,correct_mid_holds,Profit gained,buy_n_hold profit
0,0.24637681245803833,14.666666666666666,9.803921568627452,100.0,54.666666666666664,50.0,100.0,1854.1247836594227,1666.8922807869963
1,0.22705313563346863,9.75609756097561,8.791208791208792,91.17647058823529,56.09756097560975,55.55555555555556,64.70588235294117,29541.623232854527,1245.2754815401652
2,0.18807339668273926,6.097560975609756,5.882352941176471,88.23529411764706,53.65853658536585,46.53465346534654,85.29411764705883,161.87296311374485,9380.979094228014
3,0.20642201602458954,9.411764705882353,7.920792079207921,90.625,47.05882352941177,45.54455445544554,83.87096774193549,312.91302770929184,5.320148704751816
