,Test_accuracy,correct_buys,correct_sells,correct_holds,correct_low_buys,correct_high_sells,correct_mid_holds,Profit gained,buy_n_hold profit
0,0.35748791694641113,13.114754098360656,8.641975308641975,90.76923076923077,60.0,45.67901234567901,89.23076923076923,1293.5885813049601,1666.8922807869963
1,0.3719806671142578,13.513513513513514,11.11111111111111,96.72131147540983,59.45945945945946,63.38028169014085,83.60655737704919,82653.79954045251,1245.2754815401652
2,0.29816514253616333,3.7974683544303796,6.666666666666667,89.0625,53.164556962025316,43.24324324324324,82.8125,119.68163202529479,9380.979094228014
3,0.3761467933654785,12.5,8.108108108108109,93.05555555555556,52.77777777777778,47.2972972972973,81.69014084507042,195.34244389388545,5.320148704751816
