,Test_accuracy,correct_buys,correct_sells,correct_holds,correct_low_buys,correct_high_sells,correct_mid_holds,Profit gained,buy_n_hold profit
0,0.21739129722118378,10.588235294117647,7.6923076923076925,93.54838709677419,51.19047619047619,48.35164835164835,90.3225806451613,1197.4167412330837,1666.8922807869963
1,0.26570048928260803,10.465116279069768,8.860759493670885,92.85714285714286,60.0,60.75949367088607,73.80952380952381,4756.9670654225665,1245.2754815401652
2,0.16055046021938324,5.208333333333333,6.185567010309279,96.0,49.473684210526315,50.51546391752577,96.0,18.451402161351098,9380.979094228014
3,0.18807339668273926,9.0,8.791208791208792,88.88888888888889,54.0,48.888888888888886,77.77777777777777,303.34831381870805,5.320148704751816
