,Test_accuracy,correct_buys,correct_sells,correct_holds,correct_low_buys,correct_high_sells,correct_mid_holds,Profit gained,buy_n_hold profit
0,0.2753623127937317,16.923076923076923,8.653846153846153,97.36842105263158,57.8125,45.19230769230769,89.47368421052632,563.8508545620396,1666.8922807869963
1,0.30434781312942505,12.67605633802817,8.98876404494382,97.87234042553192,63.38028169014085,56.81818181818182,82.97872340425532,75739.52791464582,1245.2754815401652
2,0.2293577939271927,1.7543859649122806,6.25,85.71428571428571,45.6140350877193,47.747747747747745,79.59183673469387,320.84131640990375,9380.979094228014
3,0.29816514253616333,10.447761194029852,9.090909090909092,94.23076923076923,47.76119402985075,46.464646464646464,86.27450980392157,166.41370289435474,5.320148704751816
