,Test_accuracy,correct_buys,correct_sells,correct_holds,correct_low_buys,correct_high_sells,correct_mid_holds,Profit gained,buy_n_hold profit
0,0.11009174585342407,8.910891089108912,4.716981132075472,90.9090909090909,52.0,41.509433962264154,72.72727272727273,12.785048303066034,-64.15459983292143
1,0.08256880939006805,6.956521739130435,7.0,100.0,52.17391304347826,53.535353535353536,100.0,-92.80345339136608,-55.90202865575834
2,0.061611372977495193,4.0,6.097560975609756,75.0,47.2,53.08641975308642,75.0,50.61477265609631,-54.68960086691082
3,0.0917431190609932,10.1010101010101,3.5398230088495577,100.0,44.44444444444444,44.642857142857146,100.0,8327.94409638024,1576.1791664809543
4,0.09633027762174606,4.918032786885246,7.954545454545454,100.0,43.442622950819676,48.275862068965516,87.5,-95.25254282621002,-40.19620025164952
