,Test_accuracy,correct_buys,correct_sells,correct_holds,correct_low_buys,correct_high_sells,correct_mid_holds,Profit gained,buy_n_hold profit
0,0.3165137469768524,7.0588235294117645,8.571428571428571,90.47619047619048,51.19047619047619,40.0,80.95238095238095,-80.81053793196635,-64.15459983292143
1,0.2752293646335602,8.98876404494382,6.410256410256411,92.15686274509804,64.04494382022472,55.84415584415584,90.19607843137256,-83.94085126440882,-55.90202865575834
2,0.3033175468444824,5.617977528089888,7.6923076923076925,94.73684210526316,57.30337078651685,59.375,91.2280701754386,16.838220324777552,-54.68960086691082
3,0.2568807303905487,12.068965517241379,3.6036036036036037,91.83673469387755,48.275862068965516,49.09090909090909,87.75510204081633,2800.2336711147495,1576.1791664809543
4,0.27981650829315186,4.878048780487805,6.4935064935064934,88.13559322033899,45.1219512195122,50.64935064935065,79.3103448275862,28.45843466714186,-40.19620025164952
