,Test_accuracy,correct_buys,correct_sells,correct_holds,correct_low_buys,correct_high_sells,correct_mid_holds,Profit gained,buy_n_hold profit
0,0.23853211104869843,7.792207792207792,7.216494845360825,88.63636363636364,46.753246753246756,46.391752577319586,88.37209302325581,-81.33585340400975,-64.15459983292143
1,0.1651376187801361,8.045977011494253,6.60377358490566,88.0,58.62068965517241,53.333333333333336,76.0,-80.82506708874607,-55.90202865575834
2,0.21800947189331055,6.976744186046512,7.608695652173913,100.0,54.651162790697676,56.043956043956044,93.93939393939394,250.68215328646502,-54.68960086691082
3,0.19266055524349213,11.320754716981131,3.816793893129771,91.17647058823529,50.943396226415096,45.38461538461539,88.23529411764706,3571.9858795320156,1576.1791664809543
4,0.2110091745853424,4.705882352941177,7.446808510638298,89.74358974358974,47.05882352941177,51.06382978723404,86.84210526315789,-44.377905485505096,-40.19620025164952
