,Test_accuracy,correct_buys,correct_sells,correct_holds,correct_low_buys,correct_high_sells,correct_mid_holds,Profit gained,buy_n_hold profit
0,0.483091801404953,16.0,9.375,92.47311827956989,54.0,52.38095238095238,89.24731182795699,120.55295916879149,1666.8922807869963
1,0.38164252042770386,8.620689655172415,7.142857142857143,87.34177215189874,65.51724137931035,56.52173913043478,78.48101265822785,18522.90624978619,1245.2754815401652
2,0.31192660331726074,3.4482758620689653,7.291666666666667,92.1875,55.172413793103445,48.958333333333336,82.53968253968254,-21.511534360145987,9380.979094228014
3,0.3761467933654785,12.698412698412698,9.30232558139535,95.65217391304348,63.492063492063494,46.51162790697674,88.23529411764706,987.1247826513701,5.320148704751816
