,Test_accuracy,correct_buys,correct_sells,correct_holds,correct_low_buys,correct_high_sells,correct_mid_holds,Profit gained,buy_n_hold profit
0,0.21739129722118378,14.285714285714286,8.653846153846153,96.15384615384616,55.26315789473684,51.92307692307692,88.46153846153847,7024.129799155781,1666.8922807869963
1,0.22705313563346863,10.227272727272727,10.112359550561798,96.66666666666667,59.09090909090909,57.30337078651685,79.3103448275862,49513.184513466935,1245.2754815401652
2,0.1834862381219864,6.976744186046512,6.796116504854369,93.10344827586206,53.48837209302326,46.07843137254902,89.65517241379311,308.1567318166251,9380.979094228014
3,0.2110091745853424,10.227272727272727,7.216494845360825,90.9090909090909,48.86363636363637,49.48453608247423,90.625,97.23943529044723,5.320148704751816
