,Test_accuracy,correct_buys,correct_sells,correct_holds,correct_low_buys,correct_high_sells,correct_mid_holds,Profit gained,buy_n_hold profit
0,0.2753623127937317,15.277777777777779,11.0,100.0,52.11267605633803,48.0,91.42857142857143,961.2213067099583,1666.8922807869963
1,0.27053138613700867,10.95890410958904,7.865168539325842,91.11111111111111,61.64383561643836,60.22727272727273,80.0,91062.46946486527,1245.2754815401652
2,0.11926605552434921,6.578947368421052,6.2015503875969,100.0,49.333333333333336,43.41085271317829,100.0,77.18404629377633,9380.979094228014
3,0.1834862381219864,6.896551724137931,7.920792079207921,86.66666666666667,51.724137931034484,44.0,76.66666666666667,122.04724066413294,5.320148704751816
