,Test_accuracy,correct_buys,correct_sells,correct_holds,correct_low_buys,correct_high_sells,correct_mid_holds,Profit gained,buy_n_hold profit
0,0.30917873978614807,13.698630136986301,8.333333333333334,94.0,58.333333333333336,44.04761904761905,90.0,2623.89628478057,1666.8922807869963
1,0.3478260934352875,10.526315789473685,10.95890410958904,96.55172413793103,56.0,58.9041095890411,82.75862068965517,217739.47257925515,1245.2754815401652
2,0.2889908254146576,8.75,6.976744186046512,96.15384615384616,57.5,41.86046511627907,88.23529411764706,1565.8430559363858,9380.979094228014
3,0.33944955468177795,8.823529411764707,8.433734939759036,91.04477611940298,48.529411764705884,50.602409638554214,81.81818181818181,-46.3305592024906,5.320148704751816
