,Test_accuracy,correct_buys,correct_sells,correct_holds,correct_low_buys,correct_high_sells,correct_mid_holds,Profit gained,buy_n_hold profit
0,0.1376146823167801,9.30232558139535,7.563025210084033,100.0,56.97674418604651,48.30508474576271,100.0,-71.02419052674252,-64.15459983292143
1,0.11467889696359634,7.608695652173913,7.758620689655173,90.0,57.608695652173914,53.91304347826087,90.0,-86.54581873694109,-55.90202865575834
2,0.08056872338056564,2.6785714285714284,5.747126436781609,75.0,50.0,54.651162790697676,66.66666666666667,-9.590316213773576,-54.68960086691082
3,0.07798165082931519,11.363636363636363,3.90625,100.0,47.72727272727273,46.45669291338583,100.0,251.10269287259203,1576.1791664809543
4,0.07798165082931519,4.166666666666667,6.140350877192983,75.0,44.791666666666664,50.442477876106196,75.0,-40.349238552371276,-40.19620025164952
