,Test_accuracy,correct_buys,correct_sells,correct_holds,correct_low_buys,correct_high_sells,correct_mid_holds,Profit gained,buy_n_hold profit
0,0.29357796907424927,6.315789473684211,9.23076923076923,89.65517241379311,51.578947368421055,47.69230769230769,75.43859649122807,-79.69914318935639,-64.15459983292143
1,0.17889907956123352,6.0,6.976744186046512,84.375,54.0,53.48837209302326,77.41935483870968,-91.30265926122543,-55.90202865575834
2,0.22274881601333618,5.0,8.450704225352112,90.0,51.0,55.714285714285715,82.5,268.3352904987349,-54.68960086691082
3,0.1376146823167801,11.904761904761905,3.4188034188034186,94.11764705882354,50.0,44.827586206896555,88.23529411764706,287.04029851387173,1576.1791664809543
4,0.20183485746383667,4.9504950495049505,8.536585365853659,91.42857142857143,46.53465346534654,54.32098765432099,82.85714285714286,-80.20970361219439,-40.19620025164952
