,Test_accuracy,correct_buys,correct_sells,correct_holds,correct_low_buys,correct_high_sells,correct_mid_holds,Profit gained,buy_n_hold profit
0,0.16055046021938324,10.0,5.3097345132743365,84.0,53.75,43.36283185840708,83.33333333333333,-85.83232961067745,-64.15459983292143
1,0.1834862381219864,8.641975308641975,8.035714285714286,96.0,58.02469135802469,54.95495495495496,92.0,-92.22155723943276,-55.90202865575834
2,0.1516587734222412,4.3478260869565215,6.382978723404255,88.0,54.34782608695652,53.763440860215056,76.0,46.247681808911096,-54.68960086691082
3,0.11467889696359634,12.987012987012987,4.545454545454546,100.0,50.64935064935065,45.038167938931295,88.88888888888889,2556.076878889149,1576.1791664809543
4,0.14678898453712463,4.444444444444445,6.730769230769231,87.5,41.111111111111114,50.0,86.95652173913044,-62.144736349510346,-40.19620025164952
