,Test_accuracy,correct_buys,correct_sells,correct_holds,correct_low_buys,correct_high_sells,correct_mid_holds,Profit gained,buy_n_hold profit
0,0.2568807303905487,7.368421052631579,10.126582278481013,93.18181818181819,49.473684210526315,44.30379746835443,83.72093023255815,120.70918080792971,-64.15459983292143
1,0.21559633314609528,8.602150537634408,6.666666666666667,94.28571428571429,58.064516129032256,55.056179775280896,91.42857142857143,-82.15238504321717,-55.90202865575834
2,0.18483412265777588,5.05050505050505,8.333333333333334,96.42857142857143,55.55555555555556,56.626506024096386,89.28571428571429,-87.10364873997521,-54.68960086691082
3,0.14220184087753296,9.090909090909092,3.389830508474576,86.95652173913044,51.94805194805195,46.15384615384615,82.6086956521739,3154.7724617556783,1576.1791664809543
4,0.20183485746383667,5.154639175257732,8.88888888888889,100.0,47.422680412371136,55.55555555555556,93.33333333333333,-71.21657000560023,-40.19620025164952
