,Test_accuracy,correct_buys,correct_sells,correct_holds,correct_low_buys,correct_high_sells,correct_mid_holds,Profit gained,buy_n_hold profit
0,0.4587155878543854,7.228915662650603,3.225806451612903,89.42307692307692,49.397590361445786,38.70967741935484,78.64077669902913,-80.18213766456003,-64.15459983292143
1,0.31192660331726074,7.766990291262136,5.660377358490566,91.93548387096774,55.33980582524272,45.283018867924525,90.1639344262295,-66.7784700025488,-55.90202865575834
2,0.3222748935222626,5.2631578947368425,7.8431372549019605,90.76923076923077,53.68421052631579,62.0,81.53846153846153,169.42448158187318,-54.68960086691082
3,0.2752293646335602,9.195402298850574,2.6315789473684212,90.9090909090909,48.275862068965516,52.0,83.63636363636364,7497.87812482919,1576.1791664809543
4,0.34403669834136963,4.9504950495049505,7.142857142857143,89.33333333333333,44.554455445544555,50.0,82.43243243243244,-21.318316321673024,-40.19620025164952
