,Test_accuracy,correct_buys,correct_sells,correct_holds,correct_low_buys,correct_high_sells,correct_mid_holds,Profit gained,buy_n_hold profit
0,0.14009661972522736,12.658227848101266,7.6923076923076925,90.9090909090909,53.164556962025316,47.41379310344828,81.81818181818181,2238.2535252890825,1666.8922807869963
1,0.14492753148078918,10.126582278481013,7.894736842105263,92.85714285714286,59.49367088607595,54.86725663716814,92.85714285714286,18020.275325024573,1245.2754815401652
2,0.12385321408510208,6.329113924050633,5.691056910569106,93.75,54.43037974683544,45.90163934426229,87.5,128.4485269966663,9380.979094228014
3,0.18807339668273926,11.594202898550725,8.0,95.83333333333333,47.82608695652174,43.2,91.30434782608695,658.4749241115467,5.320148704751816
