,Test_accuracy,correct_buys,correct_sells,correct_holds,correct_low_buys,correct_high_sells,correct_mid_holds,Profit gained,buy_n_hold profit
0,0.2753623127937317,15.277777777777779,8.421052631578947,95.0,54.929577464788736,49.473684210526315,90.0,1304.099326398458,1666.8922807869963
1,0.3285024166107178,11.842105263157896,9.333333333333334,92.85714285714286,59.21052631578947,59.45945945945946,82.14285714285714,344235.6603568225,1245.2754815401652
2,0.30733945965766907,5.405405405405405,6.329113924050633,89.23076923076923,54.054054054054056,45.56962025316456,81.25,732.5088240759577,9380.979094228014
3,0.3623853325843811,11.428571428571429,9.63855421686747,96.92307692307692,51.42857142857143,46.98795180722892,90.625,77.71607517573088,5.320148704751816
