,Test_accuracy,correct_buys,correct_sells,correct_holds,correct_low_buys,correct_high_sells,correct_mid_holds,Profit gained,buy_n_hold profit
0,0.2568807303905487,7.368421052631579,9.090909090909092,91.30434782608695,49.473684210526315,46.753246753246756,84.44444444444444,-83.44794834252689,-64.15459983292143
1,0.1513761430978775,6.382978723404255,6.0606060606060606,84.0,58.51063829787234,52.04081632653061,76.0,-91.85877461467551,-55.90202865575834
2,0.2511848211288452,5.2631578947368425,9.45945945945946,97.61904761904762,52.63157894736842,63.013698630136986,92.85714285714286,581.8145494346878,-54.68960086691082
3,0.1834862381219864,9.859154929577464,2.6548672566371683,88.23529411764706,50.70422535211268,44.642857142857146,79.41176470588235,1748.6809251760378,1576.1791664809543
4,0.19266055524349213,5.154639175257732,6.896551724137931,91.17647058823529,45.36082474226804,48.275862068965516,78.78787878787878,84.98744251370042,-40.19620025164952
