,Test_accuracy,correct_buys,correct_sells,correct_holds,correct_low_buys,correct_high_sells,correct_mid_holds,Profit gained,buy_n_hold profit
0,0.20183485746383667,9.63855421686747,8.411214953271028,96.42857142857143,54.21686746987952,49.532710280373834,92.5925925925926,257.172063882844,-64.15459983292143
1,0.14678898453712463,7.608695652173913,8.256880733944953,94.11764705882354,55.43478260869565,52.77777777777778,94.11764705882354,-90.95805307204591,-55.90202865575834
2,0.12322274595499039,3.7037037037037037,7.0588235294117645,88.88888888888889,51.851851851851855,53.57142857142857,77.77777777777777,174.15969424859384,-54.68960086691082
3,0.1055045872926712,11.494252873563218,3.3057851239669422,90.0,47.674418604651166,46.28099173553719,80.0,427.0866599024498,1576.1791664809543
4,0.1376146823167801,5.376344086021505,7.547169811320755,89.47368421052632,46.236559139784944,52.83018867924528,88.88888888888889,-57.525200758540116,-40.19620025164952
