,Test_accuracy,correct_buys,correct_sells,correct_holds,correct_low_buys,correct_high_sells,correct_mid_holds,Profit gained,buy_n_hold profit
0,0.2110091745853424,8.0,8.333333333333334,91.17647058823529,55.0,44.04761904761905,78.78787878787878,-83.9180135953789,-64.15459983292143
1,0.17889907956123352,7.8431372549019605,8.695652173913043,95.83333333333333,53.92156862745098,56.043956043956044,83.33333333333333,-89.72779324217485,-55.90202865575834
2,0.12322274595499039,3.508771929824561,6.666666666666667,77.27272727272727,50.0,52.7027027027027,63.63636363636363,-2.8864989165554817,-54.68960086691082
3,0.12844036519527435,11.627906976744185,3.389830508474576,100.0,48.83720930232558,47.863247863247864,100.0,734.0256167746647,1576.1791664809543
4,0.14220184087753296,4.854368932038835,7.526881720430108,86.36363636363636,45.09803921568628,54.83870967741935,81.81818181818181,-87.7469785623819,-40.19620025164952
