,Test_accuracy,correct_buys,correct_sells,correct_holds,correct_low_buys,correct_high_sells,correct_mid_holds,Profit gained,buy_n_hold profit
0,0.06880734115839005,8.653846153846153,4.424778761061947,100.0,52.42718446601942,44.24778761061947,100.0,62.89796011549436,-64.15459983292143
1,0.07798165082931519,7.207207207207207,7.547169811320755,100.0,51.351351351351354,51.42857142857143,100.0,-92.98421090273533,-55.90202865575834
2,0.04739336669445038,4.166666666666667,5.4945054945054945,0.0,45.833333333333336,50.0,0.0,54.9071193417881,-54.68960086691082
3,0.06880734115839005,9.473684210526315,4.098360655737705,100.0,45.26315789473684,43.80165289256198,100.0,1386.4691602948008,1576.1791664809543
4,0.055045872926712036,4.385964912280702,6.730769230769231,0.0,44.73684210526316,46.601941747572816,0.0,-84.52928381205551,-40.19620025164952
