,Test_accuracy,correct_buys,correct_sells,correct_holds,correct_low_buys,correct_high_sells,correct_mid_holds,Profit gained,buy_n_hold profit
0,0.19806763529777527,12.0,8.527131782945736,85.71428571428571,56.0,45.3125,82.14285714285714,1343.9019054971402,1666.8922807869963
1,0.20772947371006012,12.121212121212121,7.964601769911504,92.85714285714286,60.60606060606061,58.035714285714285,89.28571428571429,163772.68833377084,1245.2754815401652
2,0.09633027762174606,2.5,4.848484848484849,92.3076923076923,53.84615384615385,42.42424242424242,84.61538461538461,-47.37647984102772,9380.979094228014
3,0.14678898453712463,10.447761194029852,7.407407407407407,93.75,53.73134328358209,44.02985074626866,87.5,528.867695051012,5.320148704751816
