,Test_accuracy,correct_buys,correct_sells,correct_holds,correct_low_buys,correct_high_sells,correct_mid_holds,Profit gained,buy_n_hold profit
0,0.2706421911716461,6.8493150684931505,7.608695652173913,88.67924528301887,45.205479452054796,43.47826086956522,80.76923076923077,-85.60673947320653,-64.15459983292143
1,0.21559633314609528,7.894736842105263,6.730769230769231,89.47368421052632,57.89473684210526,51.45631067961165,78.94736842105263,-76.6669218688603,-55.90202865575834
2,0.3033175468444824,6.666666666666667,8.536585365853659,96.29629629629629,50.666666666666664,58.02469135802469,87.03703703703704,-44.392661599283876,-54.68960086691082
3,0.21559633314609528,12.5,3.3057851239669422,87.8048780487805,50.0,49.166666666666664,85.36585365853658,731.3997510436001,1576.1791664809543
4,0.2844036817550659,7.792207792207792,7.865168539325842,94.23076923076923,53.246753246753244,53.93258426966292,88.23529411764706,264.0852014028162,-40.19620025164952
