,Test_accuracy,correct_buys,correct_sells,correct_holds,correct_low_buys,correct_high_sells,correct_mid_holds,Profit gained,buy_n_hold profit
0,0.2415459007024765,11.428571428571429,8.080808080808081,89.47368421052632,53.6231884057971,46.464646464646464,89.47368421052632,962.4054797833454,1666.8922807869963
1,0.25120773911476135,11.11111111111111,6.451612903225806,90.47619047619048,65.27777777777777,59.78260869565217,80.95238095238095,70516.1747675813,1245.2754815401652
2,0.1651376187801361,8.571428571428571,6.349206349206349,100.0,51.42857142857143,48.0,95.45454545454545,140.21095084389447,9380.979094228014
3,0.19266055524349213,10.666666666666666,6.956521739130435,92.85714285714286,54.666666666666664,46.49122807017544,75.0,225.1156153331725,5.320148704751816
