,Test_accuracy,correct_buys,correct_sells,correct_holds,correct_low_buys,correct_high_sells,correct_mid_holds,Profit gained,buy_n_hold profit
0,0.21256038546562195,12.5,9.0,92.5925925925926,53.75,49.0,92.3076923076923,6310.197140307332,1666.8922807869963
1,0.24637681245803833,11.235955056179776,10.465116279069768,100.0,59.550561797752806,61.1764705882353,84.375,102619.49787368794,1245.2754815401652
2,0.1834862381219864,6.741573033707865,6.0606060606060606,93.33333333333333,56.17977528089887,45.91836734693877,93.33333333333333,300.8055187677989,9380.979094228014
3,0.20642201602458954,8.88888888888889,8.24742268041237,93.54838709677419,44.943820224719104,45.36082474226804,83.87096774193549,57.89484064881742,5.320148704751816
