,Test_accuracy,correct_buys,correct_sells,correct_holds,correct_low_buys,correct_high_sells,correct_mid_holds,Profit gained,buy_n_hold profit
0,0.28985506296157837,12.987012987012987,9.411764705882353,93.33333333333333,54.54545454545455,50.0,91.11111111111111,1172.6674272088076,1666.8922807869963
1,0.3333333432674408,9.58904109589041,9.45945945945946,91.66666666666667,54.794520547945204,61.64383561643836,78.33333333333333,14956.511067076852,1245.2754815401652
2,0.17431192100048065,5.333333333333333,6.956521739130435,92.85714285714286,52.0,47.82608695652174,92.5925925925926,-11.100679921406098,9380.979094228014
3,0.2752293646335602,10.975609756097562,7.865168539325842,93.61702127659575,54.8780487804878,44.31818181818182,82.97872340425532,423.8014977191403,5.320148704751816
