,Test_accuracy,correct_buys,correct_sells,correct_holds,correct_low_buys,correct_high_sells,correct_mid_holds,Profit gained,buy_n_hold profit
0,0.302752286195755,6.896551724137931,9.58904109589041,91.37931034482759,50.0,39.726027397260275,81.03448275862068,-89.48265634203759,-64.15459983292143
1,0.2293577939271927,8.421052631578947,6.097560975609756,90.2439024390244,60.0,58.02469135802469,90.2439024390244,-82.80167665805408,-55.90202865575834
2,0.2890995144844055,5.555555555555555,10.0,96.07843137254902,56.666666666666664,59.42028985507246,94.11764705882354,40.15383375774178,-54.68960086691082
3,0.23394495248794556,11.475409836065573,3.508771929824561,93.02325581395348,45.90163934426229,46.902654867256636,90.69767441860465,1830.6547347438357,1576.1791664809543
4,0.24770642817020416,4.651162790697675,6.25,86.53846153846153,45.348837209302324,50.0,80.3921568627451,14.662579728362246,-40.19620025164952
