,Test_accuracy,correct_buys,correct_sells,correct_holds,correct_low_buys,correct_high_sells,correct_mid_holds,Profit gained,buy_n_hold profit
0,0.2568807303905487,7.142857142857143,7.042253521126761,89.79591836734694,47.95918367346939,47.88732394366197,83.33333333333333,-84.93977489997334,-64.15459983292143
1,0.14678898453712463,6.382978723404255,6.0,83.33333333333333,58.51063829787234,51.515151515151516,75.0,-92.79019572139103,-55.90202865575834
2,0.2511848211288452,5.05050505050505,10.0,97.61904761904762,52.525252525252526,62.31884057971015,92.85714285714286,507.55944721314756,-54.68960086691082
3,0.18807339668273926,10.256410256410257,2.803738317757009,90.9090909090909,51.282051282051285,47.16981132075472,81.81818181818181,587.8799839724636,1576.1791664809543
4,0.197247713804245,5.1020408163265305,7.142857142857143,88.88888888888889,44.89795918367347,48.80952380952381,77.14285714285714,297.1003868009773,-40.19620025164952
