,Test_accuracy,correct_buys,correct_sells,correct_holds,correct_low_buys,correct_high_sells,correct_mid_holds,Profit gained,buy_n_hold profit
0,0.23394495248794556,7.446808510638298,10.344827586206897,94.5945945945946,46.808510638297875,49.42528735632184,86.11111111111111,115.4912495721773,-64.15459983292143
1,0.20642201602458954,9.090909090909092,6.185567010309279,93.93939393939394,59.09090909090909,55.208333333333336,90.9090909090909,-89.31581271104457,-55.90202865575834
2,0.17061612010002136,5.882352941176471,7.0588235294117645,100.0,54.90196078431372,57.142857142857146,95.83333333333333,-67.1635268407749,-54.68960086691082
3,0.14678898453712463,9.58904109589041,4.065040650406504,90.9090909090909,52.054794520547944,46.721311475409834,86.36363636363636,3465.417244281151,1576.1791664809543
4,0.197247713804245,4.8076923076923075,9.63855421686747,96.7741935483871,44.23076923076923,57.83132530120482,86.66666666666667,-66.32339861787099,-40.19620025164952
