,Test_accuracy,correct_buys,correct_sells,correct_holds,correct_low_buys,correct_high_sells,correct_mid_holds,Profit gained,buy_n_hold profit
0,0.38164252042770386,14.516129032258064,10.256410256410257,92.53731343283582,54.09836065573771,52.56410256410256,91.04477611940298,588.6552383468353,1666.8922807869963
1,0.3478260934352875,9.23076923076923,7.894736842105263,90.9090909090909,61.53846153846154,57.333333333333336,81.81818181818181,60168.823053583015,1245.2754815401652
2,0.24770642817020416,9.090909090909092,5.555555555555555,95.45454545454545,52.30769230769231,51.851851851851855,90.9090909090909,587.9422528529625,9380.979094228014
3,0.2568807303905487,10.0,7.526881720430108,91.11111111111111,56.25,48.38709677419355,81.81818181818181,464.8458848049419,5.320148704751816
