,Test_accuracy,correct_buys,correct_sells,correct_holds,correct_low_buys,correct_high_sells,correct_mid_holds,Profit gained,buy_n_hold profit
0,0.2293577939271927,6.329113924050633,9.090909090909092,90.0,49.36708860759494,41.41414141414141,82.05128205128206,-83.60796063928164,-64.15459983292143
1,0.17889907956123352,7.407407407407407,6.542056074766355,86.66666666666667,59.25925925925926,51.886792452830186,73.33333333333333,-78.01096855746937,-55.90202865575834
2,0.27962085604667664,6.578947368421052,8.13953488372093,95.91836734693878,50.0,57.64705882352941,83.6734693877551,-46.14199117368893,-54.68960086691082
3,0.20183485746383667,9.433962264150944,3.2,87.5,49.056603773584904,47.58064516129032,85.0,654.5789649990277,1576.1791664809543
4,0.23394495248794556,5.882352941176471,7.608695652173913,95.1219512195122,50.588235294117645,53.26086956521739,90.0,-95.19925455339099,-40.19620025164952
