,Test_accuracy,correct_buys,correct_sells,correct_holds,correct_low_buys,correct_high_sells,correct_mid_holds,Profit gained,buy_n_hold profit
0,0.2110091745853424,8.421052631578947,7.865168539325842,91.17647058823529,48.421052631578945,44.943820224719104,87.87878787878788,32.07051963229739,-64.15459983292143
1,0.17431192100048065,7.6923076923076925,7.766990291262136,95.83333333333333,58.24175824175824,52.94117647058823,95.83333333333333,75.77910051442282,-55.90202865575834
2,0.14691942930221558,5.714285714285714,6.976744186046512,95.0,56.19047619047619,57.64705882352941,95.0,213.05588267291677,-54.68960086691082
3,0.11926605552434921,7.894736842105263,4.0,88.23529411764706,50.0,45.96774193548387,82.3529411764706,4172.7178892681795,1576.1791664809543
4,0.197247713804245,5.2631578947368425,7.6923076923076925,96.875,45.26315789473684,51.64835164835165,90.3225806451613,-64.60816005644983,-40.19620025164952
