,Test_accuracy,correct_buys,correct_sells,correct_holds,correct_low_buys,correct_high_sells,correct_mid_holds,Profit gained,buy_n_hold profit
0,0.4082568883895874,7.575757575757576,8.823529411764707,92.85714285714286,48.484848484848484,44.11764705882353,83.13253012048193,-76.66608360567704,-64.15459983292143
1,0.29357796907424927,4.6875,3.4482758620689653,86.56716417910448,54.6875,52.325581395348834,82.08955223880596,-99.06796212827716,-55.90202865575834
2,0.3507108986377716,5.194805194805195,7.575757575757576,95.58823529411765,61.03896103896104,64.61538461538461,88.23529411764706,743.4918724445425,-54.68960086691082
3,0.26605504751205444,8.0,2.7027027027027026,89.47368421052632,42.0,42.72727272727273,84.21052631578948,11.632533588463247,1576.1791664809543
4,0.302752286195755,5.0,6.578947368421052,91.93548387096774,47.5,57.89473684210526,85.24590163934427,99.08551059225837,-40.19620025164952
