,Test_accuracy,correct_buys,correct_sells,correct_holds,correct_low_buys,correct_high_sells,correct_mid_holds,Profit gained,buy_n_hold profit
0,0.2028985470533371,10.843373493975903,8.421052631578947,86.20689655172414,53.65853658536585,49.473684210526315,86.20689655172414,1618.219543243638,1666.8922807869963
1,0.2753623127937317,10.256410256410257,8.433734939759036,91.30434782608695,57.69230769230769,56.09756097560975,78.26086956521739,30558.606920264232,1245.2754815401652
2,0.197247713804245,5.813953488372093,7.216494845360825,88.57142857142857,48.83720930232558,53.608247422680414,85.29411764705883,484.5397293862562,9380.979094228014
3,0.24770642817020416,7.526881720430108,10.843373493975903,90.47619047619048,51.61290322580645,50.0,78.57142857142857,787.527381452538,5.320148704751816
