,Test_accuracy,correct_buys,correct_sells,correct_holds,correct_low_buys,correct_high_sells,correct_mid_holds,Profit gained,buy_n_hold profit
0,0.34403669834136963,7.936507936507937,8.13953488372093,91.30434782608695,55.55555555555556,45.348837209302324,83.82352941176471,-22.24778452371234,-64.15459983292143
1,0.2110091745853424,6.4935064935064934,6.862745098039215,87.17948717948718,57.142857142857146,53.92156862745098,76.3157894736842,-93.5703834034221,-55.90202865575834
2,0.24170616269111633,3.5714285714285716,7.594936708860759,87.5,58.333333333333336,55.12820512820513,70.83333333333333,183.82798518828065,-54.68960086691082
3,0.17431192100048065,13.043478260869565,4.032258064516129,96.0,55.072463768115945,47.15447154471545,92.0,793.1497811562908,1576.1791664809543
4,0.2293577939271927,4.761904761904762,8.51063829787234,95.0,45.23809523809524,51.61290322580645,87.5,-7.6896060407888305,-40.19620025164952
