,Test_accuracy,correct_buys,correct_sells,correct_holds,correct_low_buys,correct_high_sells,correct_mid_holds,Profit gained,buy_n_hold profit
0,0.2753623127937317,13.235294117647058,10.204081632653061,92.6829268292683,50.74626865671642,50.0,90.2439024390244,850.1837864688831,1666.8922807869963
1,0.3140096664428711,11.267605633802816,8.536585365853659,92.5925925925926,59.15492957746479,59.25925925925926,83.33333333333333,92092.12291400152,1245.2754815401652
2,0.1651376187801361,6.578947368421052,6.837606837606837,92.0,55.26315789473684,49.13793103448276,88.0,411.6517525888286,9380.979094228014
3,0.23853211104869843,8.433734939759036,6.593406593406593,88.63636363636364,54.21686746987952,42.857142857142854,81.3953488372093,313.08536188579916,5.320148704751816
