,Test_accuracy,correct_buys,correct_sells,correct_holds,correct_low_buys,correct_high_sells,correct_mid_holds,Profit gained,buy_n_hold profit
0,0.2706421911716461,5.9523809523809526,10.588235294117647,91.83673469387755,47.61904761904762,47.05882352941177,87.5,-69.83032233657298,-64.15459983292143
1,0.12385321408510208,8.421052631578947,5.607476635514018,81.25,57.89473684210526,53.77358490566038,81.25,-94.51182683111679,-55.90202865575834
2,0.1990521401166916,6.451612903225806,7.865168539325842,100.0,55.913978494623656,59.09090909090909,93.10344827586206,111.9636755706724,-54.68960086691082
3,0.13302752375602722,9.58904109589041,3.9682539682539684,89.47368421052632,52.054794520547944,45.6,78.94736842105263,1629.1856252392267,1576.1791664809543
4,0.14678898453712463,3.8461538461538463,8.695652173913043,90.9090909090909,40.38461538461539,53.84615384615385,81.81818181818181,-92.65816108762112,-40.19620025164952
