,Test_accuracy,correct_buys,correct_sells,correct_holds,correct_low_buys,correct_high_sells,correct_mid_holds,Profit gained,buy_n_hold profit
0,0.28985506296157837,17.1875,8.0,95.34883720930233,58.73015873015873,47.0,90.69767441860465,4307.854469968608,1666.8922807869963
1,0.2801932394504547,11.428571428571429,9.473684210526315,97.61904761904762,63.768115942028984,54.73684210526316,80.95238095238095,66535.0023213253,1245.2754815401652
2,0.20642201602458954,5.2631578947368425,7.4766355140186915,94.28571428571429,51.31578947368421,46.22641509433962,85.71428571428571,201.89544923039762,9380.979094228014
3,0.3211009204387665,9.23076923076923,5.813953488372093,88.05970149253731,47.69230769230769,48.83720930232558,83.33333333333333,-75.6409215419627,5.320148704751816
