,Test_accuracy,correct_buys,correct_sells,correct_holds,correct_low_buys,correct_high_sells,correct_mid_holds,Profit gained,buy_n_hold profit
0,0.24770642817020416,6.172839506172839,7.865168539325842,87.5,46.91358024691358,42.69662921348315,80.85106382978724,-88.2832218239441,-64.15459983292143
1,0.18807339668273926,9.523809523809524,6.60377358490566,92.85714285714286,58.333333333333336,54.285714285714285,78.57142857142857,-48.99111709162942,-55.90202865575834
2,0.2654028534889221,5.9523809523809526,8.641975308641975,95.65217391304348,50.0,61.25,84.78260869565217,-43.82552417489955,-54.68960086691082
3,0.20183485746383667,10.344827586206897,3.3057851239669422,87.17948717948718,51.724137931034484,48.333333333333336,84.61538461538461,1854.104024034265,1576.1791664809543
4,0.23394495248794556,4.761904761904762,7.6923076923076925,93.02325581395348,52.38095238095238,52.747252747252745,85.71428571428571,-64.00826212278774,-40.19620025164952
