,Test_accuracy,correct_buys,correct_sells,correct_holds,correct_low_buys,correct_high_sells,correct_mid_holds,Profit gained,buy_n_hold profit
0,0.18807339668273926,8.411214953271028,7.317073170731708,89.65517241379311,51.886792452830186,42.68292682926829,72.41379310344827,-85.58731125227116,-64.15459983292143
1,0.12844036519527435,6.60377358490566,7.291666666666667,87.5,54.716981132075475,58.94736842105263,75.0,-93.45125912753593,-55.90202865575834
2,0.0995260700583458,4.201680672268908,6.410256410256411,78.57142857142857,50.42016806722689,51.94805194805195,78.57142857142857,72.26058411449566,-54.68960086691082
3,0.08715596050024033,10.989010989010989,3.278688524590164,100.0,49.45054945054945,47.107438016528924,100.0,89.5233843275935,1576.1791664809543
4,0.16055046021938324,5.454545454545454,8.333333333333334,91.66666666666667,44.95412844036697,53.57142857142857,83.33333333333333,112.01956273973965,-40.19620025164952
