,Test_accuracy,correct_buys,correct_sells,correct_holds,correct_low_buys,correct_high_sells,correct_mid_holds,Profit gained,buy_n_hold profit
0,0.23394495248794556,8.823529411764707,8.860759493670885,94.5945945945946,53.46534653465346,41.77215189873418,75.67567567567568,-85.63011447615186,-64.15459983292143
1,0.18807339668273926,7.6923076923076925,8.13953488372093,92.85714285714286,53.84615384615385,54.11764705882353,82.14285714285714,-96.6762543825612,-55.90202865575834
2,0.15639810264110565,2.6785714285714284,7.246376811594203,83.33333333333333,50.892857142857146,52.94117647058823,66.66666666666667,256.83884968719616,-54.68960086691082
3,0.15596330165863037,11.235955056179776,3.669724770642202,100.0,48.31460674157304,46.2962962962963,100.0,1968.8861759911947,1576.1791664809543
4,0.17431192100048065,4.8076923076923075,8.235294117647058,89.65517241379311,44.66019417475728,56.470588235294116,79.3103448275862,-89.23924836833935,-40.19620025164952
