,Test_accuracy,correct_buys,correct_sells,correct_holds,correct_low_buys,correct_high_sells,correct_mid_holds,Profit gained,buy_n_hold profit
0,0.260869562625885,10.0,8.602150537634408,88.63636363636364,53.6231884057971,47.31182795698925,86.36363636363636,1674.313412726664,1666.8922807869963
1,0.2995169162750244,10.0,7.228915662650603,90.74074074074075,60.0,62.19512195121951,83.33333333333333,12820.938983577698,1245.2754815401652
2,0.17431192100048065,7.894736842105263,6.837606837606837,96.0,52.0,51.282051282051285,92.0,277.61309366740295,9380.979094228014
3,0.2293577939271927,9.333333333333334,6.796116504854369,90.0,54.666666666666664,44.66019417475728,76.92307692307692,180.40172422877856,5.320148704751816
