,Test_accuracy,correct_buys,correct_sells,correct_holds,correct_low_buys,correct_high_sells,correct_mid_holds,Profit gained,buy_n_hold profit
0,0.19323670864105225,13.333333333333334,7.4766355140186915,88.0,57.333333333333336,49.056603773584904,84.0,1807.6937642959522,1666.8922807869963
1,0.260869562625885,12.048192771084338,10.227272727272727,97.22222222222223,59.036144578313255,62.06896551724138,72.22222222222223,37265.34302918963,1245.2754815401652
2,0.15596330165863037,6.451612903225806,5.9405940594059405,91.66666666666667,52.68817204301075,45.0,83.33333333333333,180.54482209126303,9380.979094228014
3,0.19266055524349213,10.112359550561798,7.8431372549019605,92.5925925925926,47.19101123595506,48.03921568627451,88.46153846153847,259.9479001685284,5.320148704751816
