,Test_accuracy,correct_buys,correct_sells,correct_holds,correct_low_buys,correct_high_sells,correct_mid_holds,Profit gained,buy_n_hold profit
0,0.30917873978614807,14.084507042253522,9.090909090909092,95.83333333333333,60.0,44.31818181818182,91.66666666666667,2203.9208246572175,1666.8922807869963
1,0.3478260934352875,10.666666666666666,10.81081081081081,96.55172413793103,56.75675675675676,56.75675675675676,82.75862068965517,147948.2949652255,1245.2754815401652
2,0.29357796907424927,8.0,6.818181818181818,94.54545454545455,54.666666666666664,41.37931034482759,85.45454545454545,275.60131159978306,9380.979094228014
3,0.35779815912246704,9.090909090909092,8.641975308641975,91.54929577464789,48.484848484848484,51.851851851851855,84.28571428571429,-55.33797007956696,5.320148704751816
