,Test_accuracy,correct_buys,correct_sells,correct_holds,correct_low_buys,correct_high_sells,correct_mid_holds,Profit gained,buy_n_hold profit
0,0.2801932394504547,13.559322033898304,7.920792079207921,89.36170212765957,58.62068965517241,44.554455445544555,80.85106382978724,236.44036863016055,1666.8922807869963
1,0.3188405930995941,13.846153846153847,8.695652173913043,98.0,63.07692307692308,53.84615384615385,82.0,75820.06178144255,1245.2754815401652
2,0.26146790385246277,1.9607843137254901,5.504587155963303,86.20689655172414,43.13725490196079,46.788990825688074,78.94736842105263,334.35859786970667,9380.979094228014
3,0.3165137469768524,10.606060606060606,9.375,94.64285714285714,50.0,47.916666666666664,89.0909090909091,217.81305818031612,5.320148704751816
