,Test_accuracy,correct_buys,correct_sells,correct_holds,correct_low_buys,correct_high_sells,correct_mid_holds,Profit gained,buy_n_hold profit
0,0.2568807303905487,6.382978723404255,8.108108108108109,88.0,53.191489361702125,45.945945945945944,71.42857142857143,-79.67130642906505,-64.15459983292143
1,0.14220184087753296,5.9405940594059405,6.451612903225806,79.16666666666667,54.45544554455446,53.26086956521739,79.16666666666667,-96.13590089336833,-55.90202865575834
2,0.19431279599666595,4.854368932038835,8.0,90.9090909090909,50.48543689320388,52.7027027027027,81.81818181818181,148.29110952725952,-54.68960086691082
3,0.11926605552434921,12.048192771084338,3.252032520325203,100.0,50.602409638554214,47.540983606557376,100.0,352.6837874538476,1576.1791664809543
4,0.20642201602458954,5.0,9.411764705882353,96.96969696969697,46.0,53.57142857142857,84.84848484848484,-72.32416356380106,-40.19620025164952
