,Test_accuracy,correct_buys,correct_sells,correct_holds,correct_low_buys,correct_high_sells,correct_mid_holds,Profit gained,buy_n_hold profit
0,0.16972477734088898,9.523809523809524,7.964601769911504,95.23809523809524,52.38095238095238,46.017699115044245,95.0,165.2427989729569,-64.15459983292143
1,0.1513761430978775,6.976744186046512,8.035714285714286,90.0,59.30232558139535,55.85585585585586,90.0,-90.09289521037061,-55.90202865575834
2,0.14218010008335114,5.2631578947368425,6.382978723404255,86.36363636363636,57.89473684210526,55.913978494623656,77.27272727272727,56.73445422866138,-54.68960086691082
3,0.08715596050024033,12.987012987012987,3.6496350364963503,100.0,50.64935064935065,45.588235294117645,100.0,2306.082026068218,1576.1791664809543
4,0.13302752375602722,6.521739130434782,7.207207207207207,100.0,43.47826086956522,49.549549549549546,100.0,-46.16213350830103,-40.19620025164952
