,Test_accuracy,correct_buys,correct_sells,correct_holds,correct_low_buys,correct_high_sells,correct_mid_holds,Profit gained,buy_n_hold profit
0,0.16908212006092072,14.666666666666666,7.758620689655173,93.75,55.4054054054054,47.41379310344828,93.75,2248.709551841403,1666.8922807869963
1,0.22705313563346863,12.987012987012987,8.823529411764707,100.0,61.03896103896104,61.386138613861384,85.71428571428571,177001.24134039087,1245.2754815401652
2,0.14220184087753296,6.329113924050633,6.0344827586206895,82.6086956521739,53.164556962025316,46.95652173913044,73.91304347826087,118.76968123388676,9380.979094228014
3,0.2110091745853424,12.162162162162161,7.826086956521739,96.55172413793103,47.945205479452056,46.95652173913044,89.65517241379311,827.4794016971447,5.320148704751816
