,Test_accuracy,correct_buys,correct_sells,correct_holds,correct_low_buys,correct_high_sells,correct_mid_holds,Profit gained,buy_n_hold profit
0,0.08695652335882187,10.975609756097562,7.2,0.0,50.0,45.96774193548387,0.0,2234.791704314234,1666.8922807869963
1,0.07729468494653702,7.777777777777778,7.6923076923076925,0.0,55.55555555555556,46.55172413793103,0.0,8971.748351409564,1245.2754815401652
2,0.059633027762174606,5.617977528089888,6.2015503875969,0.0,51.68539325842696,43.75,0.0,385.3586712194666,9380.979094228014
3,0.07798165082931519,7.619047619047619,7.964601769911504,0.0,40.0,42.857142857142854,0.0,1177.9003532821612,5.320148704751816
