,Test_accuracy,correct_buys,correct_sells,correct_holds,correct_low_buys,correct_high_sells,correct_mid_holds,Profit gained,buy_n_hold profit
0,0.2801932394504547,12.987012987012987,9.195402298850574,93.02325581395348,55.84415584415584,48.83720930232558,88.37209302325581,1261.5993362277,1666.8922807869963
1,0.3140096664428711,8.219178082191782,9.210526315789474,89.65517241379311,56.16438356164384,62.666666666666664,75.86206896551724,10764.393352058187,1245.2754815401652
2,0.16055046021938324,6.410256410256411,6.837606837606837,95.65217391304348,51.282051282051285,46.15384615384615,95.45454545454545,-15.193137254224112,9380.979094228014
3,0.2568807303905487,10.465116279069768,7.865168539325842,93.02325581395348,53.48837209302326,44.31818181818182,81.3953488372093,443.5496861426282,5.320148704751816
