,Test_accuracy,correct_buys,correct_sells,correct_holds,correct_low_buys,correct_high_sells,correct_mid_holds,Profit gained,buy_n_hold profit
0,0.24770642817020416,6.862745098039215,5.970149253731344,87.75510204081633,49.01960784313726,43.28358208955224,81.25,-85.97268017007427,-64.15459983292143
1,0.1651376187801361,7.619047619047619,5.747126436781609,88.46153846153847,57.142857142857146,55.81395348837209,84.61538461538461,-46.15839985227445,-55.90202865575834
2,0.16587677597999573,5.172413793103448,8.450704225352112,95.83333333333333,53.44827586206897,64.28571428571429,95.83333333333333,1924.7623785123133,-54.68960086691082
3,0.16972477734088898,11.363636363636363,2.912621359223301,88.88888888888889,51.13636363636363,48.03921568627451,81.48148148148148,761.7069828201514,1576.1791664809543
4,0.24770642817020416,6.930693069306931,6.944444444444445,93.33333333333333,46.53465346534654,50.0,86.36363636363636,97.53401287988689,-40.19620025164952
