,Test_accuracy,correct_buys,correct_sells,correct_holds,correct_low_buys,correct_high_sells,correct_mid_holds,Profit gained,buy_n_hold profit
0,0.40096619725227356,15.517241379310345,8.0,91.89189189189189,53.44827586206897,40.0,86.3013698630137,162.25115463789166,1666.8922807869963
1,0.3478260934352875,11.940298507462687,8.860759493670885,93.44262295081967,58.208955223880594,52.56410256410256,78.68852459016394,7582.330993440546,1245.2754815401652
2,0.3165137469768524,7.246376811594203,5.882352941176471,92.1875,47.82608695652174,40.476190476190474,82.8125,273.24638972643004,9380.979094228014
3,0.38532111048698425,10.294117647058824,5.797101449275362,90.12345679012346,51.470588235294116,47.82608695652174,83.75,-11.865270491144145,5.320148704751816
