,Test_accuracy,correct_buys,correct_sells,correct_holds,correct_low_buys,correct_high_sells,correct_mid_holds,Profit gained,buy_n_hold profit
0,0.31192660331726074,7.954545454545454,10.666666666666666,96.36363636363636,47.72727272727273,44.5945945945946,83.63636363636364,53.07543441546046,-64.15459983292143
1,0.20642201602458954,8.602150537634408,6.593406593406593,91.17647058823529,59.13978494623656,54.44444444444444,91.17647058823529,-85.33183684519115,-55.90202865575834
2,0.1753554493188858,5.882352941176471,8.235294117647058,100.0,55.88235294117647,64.28571428571429,87.5,164.90714525659712,-54.68960086691082
3,0.17431192100048065,9.090909090909092,4.424778761061947,92.85714285714286,48.05194805194805,46.42857142857143,85.71428571428571,4686.7546660692515,1576.1791664809543
4,0.22018349170684814,3.9603960396039604,8.974358974358974,94.87179487179488,44.554455445544555,50.0,89.47368421052632,-70.48841939172704,-40.19620025164952
