,Test_accuracy,correct_buys,correct_sells,correct_holds,correct_low_buys,correct_high_sells,correct_mid_holds,Profit gained,buy_n_hold profit
0,0.07246376574039459,7.8125,3.9473684210526314,66.66666666666667,45.3125,38.666666666666664,66.66666666666667,5675.5420716876615,1666.8922807869963
1,0.11594203114509583,5.303030303030303,9.523809523809524,91.66666666666667,48.484848484848484,51.61290322580645,83.33333333333333,60618.07184150664,1245.2754815401652
2,0.08715596050024033,5.714285714285714,5.633802816901408,100.0,47.857142857142854,51.42857142857143,85.71428571428571,10329.185716769816,9380.979094228014
3,0.11926605552434921,6.569343065693431,10.0,90.9090909090909,37.956204379562045,46.3768115942029,90.9090909090909,-52.836136939402635,5.320148704751816
