,Test_accuracy,correct_buys,correct_sells,correct_holds,correct_low_buys,correct_high_sells,correct_mid_holds,Profit gained,buy_n_hold profit
0,0.32568806409835815,6.862745098039215,9.803921568627452,90.76923076923077,55.88235294117647,43.13725490196079,76.5625,-75.9411511114279,-64.15459983292143
1,0.2110091745853424,7.4766355140186915,6.756756756756757,89.1891891891892,55.14018691588785,53.42465753424658,81.08108108108108,-89.18956978995625,-55.90202865575834
2,0.18483412265777588,4.166666666666667,7.017543859649122,88.23529411764706,50.0,55.357142857142854,79.41176470588235,374.26736644679715,-54.68960086691082
3,0.17431192100048065,10.416666666666666,4.081632653061225,100.0,48.421052631578945,48.97959183673469,100.0,2024.0218503458766,1576.1791664809543
4,0.2431192696094513,5.555555555555555,7.8125,91.30434782608695,46.728971962616825,56.25,82.6086956521739,-72.91462621964651,-40.19620025164952
