,Test_accuracy,correct_buys,correct_sells,correct_holds,correct_low_buys,correct_high_sells,correct_mid_holds,Profit gained,buy_n_hold profit
0,0.39908257126808167,10.447761194029852,10.526315789473685,96.0,50.74626865671642,47.36842105263158,87.83783783783784,-61.155018445613315,-64.15459983292143
1,0.2752293646335602,9.859154929577464,4.301075268817204,90.74074074074075,61.971830985915496,55.43478260869565,85.18518518518519,-89.1233679248028,-55.90202865575834
2,0.3033175468444824,6.756756756756757,6.25,94.73684210526316,60.810810810810814,62.0253164556962,85.96491228070175,598.9951146022701,-54.68960086691082
3,0.22018349170684814,9.803921568627452,3.225806451612903,90.69767441860465,45.09803921568628,43.90243902439025,86.04651162790698,2274.522895022093,1576.1791664809543
4,0.26605504751205444,3.7037037037037037,6.172839506172839,89.28571428571429,44.44444444444444,56.79012345679013,80.0,28.884245021178174,-40.19620025164952
