,Test_accuracy,correct_buys,correct_sells,correct_holds,correct_low_buys,correct_high_sells,correct_mid_holds,Profit gained,buy_n_hold profit
0,0.23394495248794556,5.813953488372093,8.045977011494253,86.66666666666667,50.0,42.52873563218391,84.0909090909091,-27.914385083961353,-64.15459983292143
1,0.14678898453712463,8.695652173913043,5.714285714285714,85.71428571428571,58.69565217391305,53.84615384615385,76.19047619047619,-56.91062133794587,-55.90202865575834
2,0.21800947189331055,6.451612903225806,7.142857142857143,100.0,52.68817204301075,60.24096385542169,85.29411764705883,637.9537762114968,-54.68960086691082
3,0.1834862381219864,10.606060606060606,3.389830508474576,85.29411764705883,51.515151515151516,50.427350427350426,79.41176470588235,1844.708051325348,1576.1791664809543
4,0.2293577939271927,4.3478260869565215,8.235294117647058,95.1219512195122,50.0,50.588235294117645,90.0,20.015060299846382,-40.19620025164952
