,Test_accuracy,correct_buys,correct_sells,correct_holds,correct_low_buys,correct_high_sells,correct_mid_holds,Profit gained,buy_n_hold profit
0,0.27981650829315186,7.446808510638298,10.666666666666666,93.87755102040816,50.53763440860215,38.666666666666664,83.6734693877551,-54.830035400651624,-64.15459983292143
1,0.2110091745853424,8.333333333333334,5.813953488372093,91.66666666666667,58.333333333333336,55.294117647058826,91.66666666666667,-91.02813743665885,-55.90202865575834
2,0.24644549190998077,6.122448979591836,8.219178082191782,100.0,55.10204081632653,59.72222222222222,97.5,-11.614706470528262,-54.68960086691082
3,0.20642201602458954,10.606060606060606,3.4482758620689653,94.44444444444444,48.484848484848484,46.08695652173913,88.88888888888889,1289.2696815367353,1576.1791664809543
4,0.22477063536643982,6.315789473684211,6.25,88.37209302325581,46.31578947368421,51.25,83.33333333333333,99.89725068972189,-40.19620025164952
