,Test_accuracy,correct_buys,correct_sells,correct_holds,correct_low_buys,correct_high_sells,correct_mid_holds,Profit gained,buy_n_hold profit
0,0.33816424012184143,15.492957746478874,9.63855421686747,96.22641509433963,54.285714285714285,48.19277108433735,90.56603773584905,1385.3801527961152,1666.8922807869963
1,0.4202898442745209,13.432835820895523,11.940298507462687,95.89041095890411,55.223880597014926,62.121212121212125,82.1917808219178,357982.00586817303,1245.2754815401652
2,0.35321101546287537,5.555555555555555,7.042253521126761,90.66666666666667,54.166666666666664,43.66197183098591,83.78378378378379,450.3840840456937,9380.979094228014
3,0.39449542760849,12.121212121212121,8.0,93.50649350649351,51.515151515151516,49.333333333333336,85.52631578947368,71.80675854321728,5.320148704751816
