,Test_accuracy,correct_buys,correct_sells,correct_holds,correct_low_buys,correct_high_sells,correct_mid_holds,Profit gained,buy_n_hold profit
0,0.16055046021938324,8.98876404494382,8.108108108108109,100.0,52.80898876404494,48.18181818181818,83.33333333333333,-59.06261823544661,-64.15459983292143
1,0.1376146823167801,7.526881720430108,8.181818181818182,93.33333333333333,54.83870967741935,55.04587155963303,93.33333333333333,-90.76527691199723,-55.90202865575834
2,0.12796208262443542,5.714285714285714,4.651162790697675,85.0,53.333333333333336,55.294117647058826,80.0,299.7833726407104,-54.68960086691082
3,0.14220184087753296,13.157894736842104,3.225806451612903,94.44444444444444,52.63157894736842,45.52845528455285,94.44444444444444,764.2201933917328,1576.1791664809543
4,0.14678898453712463,4.25531914893617,7.8431372549019605,90.9090909090909,44.680851063829785,50.495049504950494,86.36363636363636,-47.3476642688716,-40.19620025164952
