,Test_accuracy,correct_buys,correct_sells,correct_holds,correct_low_buys,correct_high_sells,correct_mid_holds,Profit gained,buy_n_hold profit
0,0.5410627722740173,10.447761194029852,0.0,89.74358974358974,53.03030303030303,34.78260869565217,85.47008547008546,1323.7919205031335,1666.8922807869963
1,0.41545894742012024,6.172839506172839,11.904761904761905,90.47619047619048,54.32098765432099,61.904761904761905,81.92771084337349,335.50565341552954,1245.2754815401652
2,0.47706422209739685,7.317073170731708,8.333333333333334,95.0,47.5609756097561,54.285714285714285,88.0,7464.044745973191,9380.979094228014
3,0.34403669834136963,5.714285714285714,13.636363636363637,91.30434782608695,40.95238095238095,47.72727272727273,85.29411764705883,169.30529313538955,5.320148704751816
