,Test_accuracy,correct_buys,correct_sells,correct_holds,correct_low_buys,correct_high_sells,correct_mid_holds,Profit gained,buy_n_hold profit
0,0.23394495248794556,6.730769230769231,8.333333333333334,90.47619047619048,47.11538461538461,45.833333333333336,78.04878048780488,-85.58631903003003,-64.15459983292143
1,0.1513761430978775,5.434782608695652,6.0606060606060606,81.48148148148148,56.52173913043478,51.02040816326531,74.07407407407408,-76.65497757973017,-55.90202865575834
2,0.22748814523220062,4.901960784313726,9.722222222222221,97.29729729729729,51.96078431372549,63.38028169014085,89.1891891891892,569.1212804260326,-54.68960086691082
3,0.1834862381219864,10.0,2.830188679245283,90.625,48.75,46.666666666666664,81.25,499.4653024002737,1576.1791664809543
4,0.2110091745853424,5.9405940594059405,7.594936708860759,89.47368421052632,44.554455445544555,46.835443037974684,81.08108108108108,190.14231571047412,-40.19620025164952
