,Test_accuracy,correct_buys,correct_sells,correct_holds,correct_low_buys,correct_high_sells,correct_mid_holds,Profit gained,buy_n_hold profit
0,0.26570048928260803,16.666666666666668,8.571428571428571,97.22222222222223,56.92307692307692,45.714285714285715,94.44444444444444,4462.809765923444,1666.8922807869963
1,0.26570048928260803,10.95890410958904,8.602150537634408,95.1219512195122,63.888888888888886,53.763440860215056,78.04878048780488,62448.28907301246,1245.2754815401652
2,0.19266055524349213,5.0,7.4766355140186915,96.7741935483871,50.0,46.22641509433962,90.3225806451613,149.3490999264521,9380.979094228014
3,0.3165137469768524,11.764705882352942,5.617977528089888,91.80327868852459,47.05882352941177,47.19101123595506,86.66666666666667,-85.12889315260745,5.320148704751816
