,Test_accuracy,correct_buys,correct_sells,correct_holds,correct_low_buys,correct_high_sells,correct_mid_holds,Profit gained,buy_n_hold profit
0,0.16055046021938324,9.375,6.930693069306931,90.47619047619048,50.526315789473685,43.56435643564357,76.19047619047619,-87.33658466140757,-64.15459983292143
1,0.09633027762174606,6.796116504854369,7.4766355140186915,75.0,55.33980582524272,55.660377358490564,62.5,-95.42891110549878,-55.90202865575834
2,0.07109005004167557,3.4782608695652173,6.593406593406593,100.0,50.43478260869565,54.44444444444444,100.0,-27.55495145285718,-54.68960086691082
3,0.07798165082931519,11.363636363636363,3.1746031746031744,75.0,47.72727272727273,45.6,75.0,545.5771052999291,1576.1791664809543
4,0.0917431190609932,4.761904761904762,6.730769230769231,88.88888888888889,44.76190476190476,50.48543689320388,77.77777777777777,-65.18886751399515,-40.19620025164952
