,Test_accuracy,correct_buys,correct_sells,correct_holds,correct_low_buys,correct_high_sells,correct_mid_holds,Profit gained,buy_n_hold profit
0,0.2844036817550659,7.6923076923076925,11.39240506329114,95.83333333333333,53.84615384615385,53.164556962025316,80.85106382978724,272.69463339453785,-64.15459983292143
1,0.20183485746383667,7.6923076923076925,7.446808510638298,90.9090909090909,58.24175824175824,54.83870967741935,78.78787878787878,-86.48181037699818,-55.90202865575834
2,0.21800947189331055,3.883495145631068,6.25,86.36363636363636,54.36893203883495,53.96825396825397,75.0,89.49210151732694,-54.68960086691082
3,0.23394495248794556,11.764705882352942,4.25531914893617,94.87179487179488,51.19047619047619,47.87234042553192,92.3076923076923,2605.002300657181,1576.1791664809543
4,0.2293577939271927,5.319148936170213,8.433734939759036,92.6829268292683,46.808510638297875,55.42168674698795,82.5,-10.766421847110777,-40.19620025164952
