,Test_accuracy,correct_buys,correct_sells,correct_holds,correct_low_buys,correct_high_sells,correct_mid_holds,Profit gained,buy_n_hold profit
0,0.4396135210990906,16.9811320754717,8.333333333333334,92.6829268292683,54.716981132075475,50.70422535211268,90.2439024390244,126.01188466065992,1666.8922807869963
1,0.37681159377098083,8.333333333333334,9.58904109589041,89.1891891891892,63.333333333333336,58.333333333333336,79.72972972972973,11073.22625286617,1245.2754815401652
2,0.29357796907424927,1.694915254237288,7.142857142857143,91.80327868852459,52.54237288135593,50.0,83.33333333333333,-58.09357290025503,9380.979094228014
3,0.39449542760849,12.5,9.876543209876543,95.89041095890411,60.9375,48.148148148148145,87.5,1350.9232940545628,5.320148704751816
