,Test_accuracy,correct_buys,correct_sells,correct_holds,correct_low_buys,correct_high_sells,correct_mid_holds,Profit gained,buy_n_hold profit
0,0.26570048928260803,13.157894736842104,8.791208791208792,92.5,55.26315789473684,48.888888888888886,87.5,1227.2115564620117,1666.8922807869963
1,0.28502416610717773,8.450704225352112,8.333333333333334,88.46153846153847,57.74647887323944,57.83132530120482,76.92307692307692,11377.106971403678,1245.2754815401652
2,0.14678898453712463,7.6923076923076925,6.557377049180328,100.0,51.282051282051285,46.721311475409834,100.0,172.99598799929538,9380.979094228014
3,0.2110091745853424,10.112359550561798,7.291666666666667,90.9090909090909,55.056179775280896,44.21052631578947,81.81818181818181,561.1070790619841,5.320148704751816
