,Test_accuracy,correct_buys,correct_sells,correct_holds,correct_low_buys,correct_high_sells,correct_mid_holds,Profit gained,buy_n_hold profit
0,0.23188406229019165,15.151515151515152,8.108108108108109,96.66666666666667,56.92307692307692,47.747747747747745,86.66666666666667,816.0174461239549,1666.8922807869963
1,0.27053138613700867,13.513513513513514,9.375,100.0,63.513513513513516,54.73684210526316,81.08108108108108,78377.93083950308,1245.2754815401652
2,0.17431192100048065,1.5384615384615385,5.982905982905983,83.33333333333333,49.23076923076923,46.15384615384615,74.28571428571429,315.53888254078146,9380.979094228014
3,0.2431192696094513,9.722222222222221,9.25925925925926,94.73684210526316,45.833333333333336,47.22222222222222,89.1891891891892,235.92518199457015,5.320148704751816
