,Test_accuracy,correct_buys,correct_sells,correct_holds,correct_low_buys,correct_high_sells,correct_mid_holds,Profit gained,buy_n_hold profit
0,0.34403669834136963,10.447761194029852,7.0588235294117645,93.93939393939394,53.73134328358209,50.0,84.84848484848484,-71.88815434983113,-64.15459983292143
1,0.26146790385246277,6.4935064935064934,6.741573033707865,88.46153846153847,61.03896103896104,52.27272727272727,80.76923076923077,-89.52564636454792,-55.90202865575834
2,0.28436020016670227,7.0588235294117645,5.47945205479452,94.33962264150944,54.11764705882353,55.55555555555556,88.67924528301887,502.254685009152,-54.68960086691082
3,0.22018349170684814,13.846153846153847,3.389830508474576,100.0,55.38461538461539,47.00854700854701,97.14285714285714,290.7739109902646,1576.1791664809543
4,0.21559633314609528,4.545454545454546,7.777777777777778,90.0,46.59090909090909,53.93258426966292,82.5,-97.59054271149837,-40.19620025164952
