,Test_accuracy,correct_buys,correct_sells,correct_holds,correct_low_buys,correct_high_sells,correct_mid_holds,Profit gained,buy_n_hold profit
0,0.34403669834136963,10.256410256410257,8.974358974358974,96.7741935483871,55.12820512820513,44.15584415584416,83.87096774193549,-63.31311044213365,-64.15459983292143
1,0.22477063536643982,7.142857142857143,7.446808510638298,90.0,57.142857142857146,56.38297872340426,84.61538461538461,-75.19388683950689,-55.90202865575834
2,0.24170616269111633,6.185567010309279,6.8493150684931505,97.5609756097561,54.63917525773196,54.166666666666664,85.36585365853658,247.30932614823953,-54.68960086691082
3,0.20183485746383667,13.88888888888889,2.6548672566371683,93.93939393939394,50.0,48.214285714285715,90.9090909090909,3819.8080249734803,1576.1791664809543
4,0.197247713804245,4.166666666666667,8.13953488372093,88.88888888888889,43.75,54.11764705882353,83.33333333333333,-61.833210755079506,-40.19620025164952
