,Test_accuracy,correct_buys,correct_sells,correct_holds,correct_low_buys,correct_high_sells,correct_mid_holds,Profit gained,buy_n_hold profit
0,0.19266055524349213,9.523809523809524,8.333333333333334,96.15384615384616,54.76190476190476,50.925925925925924,92.0,270.0388674345072,-64.15459983292143
1,0.15596330165863037,7.865168539325842,8.181818181818182,94.73684210526316,56.17977528089887,55.04587155963303,94.73684210526316,-88.60530883073456,-55.90202865575834
2,0.12322274595499039,3.8095238095238093,6.818181818181818,88.88888888888889,54.285714285714285,52.87356321839081,72.22222222222223,226.69643871511397,-54.68960086691082
3,0.11009174585342407,11.904761904761905,3.252032520325203,90.9090909090909,49.397590361445786,46.34146341463415,81.81818181818181,388.98485255782043,1576.1791664809543
4,0.14678898453712463,5.555555555555555,7.407407407407407,95.0,46.666666666666664,50.467289719626166,90.0,-15.777848514326962,-40.19620025164952
