,Test_accuracy,correct_buys,correct_sells,correct_holds,correct_low_buys,correct_high_sells,correct_mid_holds,Profit gained,buy_n_hold profit
0,0.2110091745853424,9.473684210526315,8.602150537634408,96.66666666666667,53.191489361702125,44.086021505376344,83.33333333333333,-84.97393940723077,-64.15459983292143
1,0.14678898453712463,6.315789473684211,7.8431372549019605,85.71428571428571,54.73684210526316,55.445544554455445,80.95238095238095,-98.28842290395939,-55.90202865575834
2,0.14691942930221558,4.761904761904762,7.228915662650603,86.95652173913044,54.285714285714285,54.8780487804878,69.56521739130434,56.062231788779684,-54.68960086691082
3,0.1055045872926712,12.048192771084338,3.1746031746031744,100.0,50.602409638554214,45.6,100.0,539.9077597207988,1576.1791664809543
4,0.1513761430978775,5.2631578947368425,7.8431372549019605,95.23809523809524,47.36842105263158,51.48514851485149,80.95238095238095,-28.024540432362972,-40.19620025164952
