,Test_accuracy,correct_buys,correct_sells,correct_holds,correct_low_buys,correct_high_sells,correct_mid_holds,Profit gained,buy_n_hold profit
0,0.23671497404575348,13.513513513513514,8.16326530612245,88.57142857142857,56.75675675675676,49.48453608247423,85.71428571428571,1083.9830355022557,1666.8922807869963
1,0.256038635969162,8.0,7.142857142857143,85.41666666666667,58.666666666666664,59.036144578313255,75.0,59184.98991321959,1245.2754815401652
2,0.16055046021938324,5.063291139240507,7.079646017699115,88.46153846153847,50.63291139240506,48.67256637168141,80.0,183.92559575902993,9380.979094228014
3,0.2293577939271927,9.782608695652174,9.782608695652174,94.11764705882354,52.17391304347826,48.35164835164835,79.41176470588235,616.6823981571993,5.320148704751816
