,Test_accuracy,correct_buys,correct_sells,correct_holds,correct_low_buys,correct_high_sells,correct_mid_holds,Profit gained,buy_n_hold profit
0,0.13302752375602722,9.090909090909092,4.464285714285714,88.88888888888889,51.13636363636363,39.63963963963964,77.77777777777777,25.980858186544907,-64.15459983292143
1,0.12385321408510208,5.825242718446602,8.0,86.66666666666667,53.398058252427184,51.515151515151516,86.66666666666667,-91.61651433448236,-55.90202865575834
2,0.10900473594665527,3.883495145631068,4.395604395604396,88.23529411764706,47.57281553398058,50.0,70.58823529411765,100.29950122396929,-54.68960086691082
3,0.11009174585342407,10.465116279069768,3.361344537815126,84.61538461538461,46.51162790697674,43.220338983050844,76.92307692307692,5347.085413568159,1576.1791664809543
4,0.14678898453712463,3.9215686274509802,6.521739130434782,91.66666666666667,44.11764705882353,49.45054945054945,79.16666666666667,-41.78212965602876,-40.19620025164952
