,Test_accuracy,correct_buys,correct_sells,correct_holds,correct_low_buys,correct_high_sells,correct_mid_holds,Profit gained,buy_n_hold profit
0,0.05797101557254791,5.7894736842105265,5.882352941176471,0.0,40.74074074074074,41.1764705882353,0.0,1232.507436554725,1666.8922807869963
1,0.05797101557254791,5.729166666666667,6.666666666666667,0.0,45.833333333333336,57.142857142857146,0.0,2983.4382322871525,1245.2754815401652
2,0.04128440469503403,4.102564102564102,4.3478260869565215,0.0,43.29896907216495,65.21739130434783,0.0,10777.709576071626,9380.979094228014
3,0.06422018259763718,4.81283422459893,7.142857142857143,100.0,35.483870967741936,53.57142857142857,100.0,5.581858963859688,5.320148704751816
