,Test_accuracy,correct_buys,correct_sells,correct_holds,correct_low_buys,correct_high_sells,correct_mid_holds,Profit gained,buy_n_hold profit
0,0.24770642817020416,7.291666666666667,10.0,92.85714285714286,50.0,42.5,85.36585365853658,-89.34122498879945,-64.15459983292143
1,0.22018349170684814,8.695652173913043,6.666666666666667,94.44444444444444,57.608695652173914,56.17977528089887,91.66666666666667,-83.28916539472498,-55.90202865575834
2,0.1895734667778015,5.05050505050505,7.407407407407407,93.54838709677419,56.56565656565657,58.75,87.09677419354838,-80.97621306148274,-54.68960086691082
3,0.16055046021938324,9.210526315789474,3.508771929824561,85.71428571428571,52.63157894736842,46.017699115044245,82.14285714285714,2745.026056127589,1576.1791664809543
4,0.2110091745853424,5.1020408163265305,9.30232558139535,97.05882352941177,45.91836734693877,55.81395348837209,90.9090909090909,-70.7610359007725,-40.19620025164952
