,Test_accuracy,correct_buys,correct_sells,correct_holds,correct_low_buys,correct_high_sells,correct_mid_holds,Profit gained,buy_n_hold profit
0,0.07798165082931519,8.88888888888889,4.8,100.0,53.333333333333336,44.354838709677416,66.66666666666667,18.57138065297535,-64.15459983292143
1,0.06880734115839005,7.0,6.779661016949152,0.0,53.0,49.572649572649574,0.0,-92.70826133517402,-55.90202865575834
2,0.04265403002500534,2.9411764705882355,4.62962962962963,100.0,47.05882352941177,50.467289719626166,100.0,-15.548395207367745,-54.68960086691082
3,0.07339449226856232,10.465116279069768,3.8461538461538463,100.0,47.674418604651166,45.736434108527135,100.0,5476.121382460055,1576.1791664809543
4,0.059633027762174606,4.8076923076923075,6.1946902654867255,100.0,44.23076923076923,47.32142857142857,100.0,-58.59109413182462,-40.19620025164952
