,Test_accuracy,correct_buys,correct_sells,correct_holds,correct_low_buys,correct_high_sells,correct_mid_holds,Profit gained,buy_n_hold profit
0,0.18840579688549042,10.185185185185185,8.0,91.66666666666667,49.074074074074076,48.648648648648646,83.33333333333333,16112.955138529049,1666.8922807869963
1,0.14009661972522736,6.25,8.108108108108109,76.19047619047619,53.57142857142857,54.054054054054056,70.0,11820.502705329116,1245.2754815401652
2,0.13302752375602722,4.237288135593221,6.410256410256411,86.36363636363636,46.610169491525426,35.064935064935064,72.72727272727273,127.1108369607691,9380.979094228014
3,0.16972477734088898,6.722689075630252,6.944444444444445,88.88888888888889,38.13559322033898,41.666666666666664,81.48148148148148,14.390544569637074,5.320148704751816
