,Test_accuracy,correct_buys,correct_sells,correct_holds,correct_low_buys,correct_high_sells,correct_mid_holds,Profit gained,buy_n_hold profit
0,0.19323670864105225,13.235294117647058,7.826086956521739,91.66666666666667,54.411764705882355,49.12280701754386,75.0,840.6489171365804,1666.8922807869963
1,0.256038635969162,12.0,9.278350515463918,100.0,61.333333333333336,54.166666666666664,77.14285714285714,99323.10301737435,1245.2754815401652
2,0.1834862381219864,2.7777777777777777,6.363636363636363,86.11111111111111,51.388888888888886,48.18181818181818,80.0,808.5966033397467,9380.979094228014
3,0.2293577939271927,10.0,9.615384615384615,94.11764705882354,50.0,47.11538461538461,87.87878787878788,482.65324261523983,5.320148704751816
