,Test_accuracy,correct_buys,correct_sells,correct_holds,correct_low_buys,correct_high_sells,correct_mid_holds,Profit gained,buy_n_hold profit
0,0.25120773911476135,11.538461538461538,7.865168539325842,90.0,53.246753246753244,48.31460674157304,87.5,1663.608002700606,1666.8922807869963
1,0.3188405930995941,10.81081081081081,8.974358974358974,92.72727272727273,59.45945945945946,58.44155844155844,80.0,62781.95461673531,1245.2754815401652
2,0.20642201602458954,5.747126436781609,6.451612903225806,89.47368421052632,47.12643678160919,54.83870967741935,86.48648648648648,452.78912238965506,9380.979094228014
3,0.26605504751205444,8.51063829787234,11.25,93.18181818181819,50.0,50.63291139240506,81.81818181818181,492.4569264665695,5.320148704751816
