,Test_accuracy,correct_buys,correct_sells,correct_holds,correct_low_buys,correct_high_sells,correct_mid_holds,Profit gained,buy_n_hold profit
0,0.3211009204387665,7.865168539325842,12.32876712328767,96.42857142857143,50.561797752808985,53.42465753424658,81.81818181818181,317.86291047537907,-64.15459983292143
1,0.18807339668273926,8.421052631578947,5.4945054945054945,87.5,56.8421052631579,52.747252747252745,77.41935483870968,-75.83140051032257,-55.90202865575834
2,0.23222748935222626,4.0,6.25,87.23404255319149,53.0,50.79365079365079,74.46808510638297,76.21588767616893,-54.68960086691082
3,0.2110091745853424,10.344827586206897,4.123711340206185,97.05882352941177,48.83720930232558,48.45360824742268,91.17647058823529,692.7177277666306,1576.1791664809543
4,0.2110091745853424,3.125,7.5,88.0952380952381,45.833333333333336,53.75,78.04878048780488,-62.52405707571549,-40.19620025164952
