,Test_accuracy,correct_buys,correct_sells,correct_holds,correct_low_buys,correct_high_sells,correct_mid_holds,Profit gained,buy_n_hold profit
0,0.2995169162750244,15.254237288135593,8.080808080808081,91.83673469387755,52.54237288135593,48.484848484848484,85.41666666666667,1192.925976743098,1666.8922807869963
1,0.3864734172821045,15.517241379310345,9.63855421686747,95.45454545454545,60.3448275862069,62.19512195121951,78.78787878787878,260577.4480066749,1245.2754815401652
2,0.2844036817550659,2.985074626865672,5.747126436781609,85.9375,53.73134328358209,44.827586206896555,79.36507936507937,380.21606725495997,9380.979094228014
3,0.35779815912246704,12.280701754385966,8.51063829787234,94.02985074626865,50.87719298245614,46.808510638297875,86.36363636363636,729.7170415323188,5.320148704751816
