,Test_accuracy,correct_buys,correct_sells,correct_holds,correct_low_buys,correct_high_sells,correct_mid_holds,Profit gained,buy_n_hold profit
0,0.08695652335882187,7.6923076923076925,6.8493150684931505,75.0,44.96124031007752,41.0958904109589,50.0,3451.6149184042897,1666.8922807869963
1,0.14492753148078918,5.223880597014926,10.909090909090908,94.44444444444444,47.014925373134325,51.851851851851855,94.44444444444444,17414.351679030595,1245.2754815401652
2,0.07339449226856232,4.895104895104895,5.714285714285714,100.0,47.55244755244755,47.82608695652174,80.0,6515.201366513979,9380.979094228014
3,0.1055045872926712,5.797101449275362,8.571428571428571,90.0,36.231884057971016,46.3768115942029,80.0,52.2906154747025,5.320148704751816
