,Test_accuracy,correct_buys,correct_sells,correct_holds,correct_low_buys,correct_high_sells,correct_mid_holds,Profit gained,buy_n_hold profit
0,0.22705313563346863,13.75,9.900990099009901,100.0,55.0,51.48514851485149,100.0,2736.1997477239256,1666.8922807869963
1,0.20772947371006012,10.344827586206897,9.574468085106384,96.15384615384616,56.32183908045977,55.913978494623656,65.38461538461539,28399.641051526596,1245.2754815401652
2,0.18807339668273926,7.0588235294117645,5.882352941176471,93.54838709677419,55.294117647058826,45.54455445544554,90.3225806451613,203.70799416008532,9380.979094228014
3,0.19266055524349213,9.89010989010989,8.823529411764707,96.0,46.666666666666664,47.05882352941177,92.0,368.7318043910197,5.320148704751816
