,Test_accuracy,correct_buys,correct_sells,correct_holds,correct_low_buys,correct_high_sells,correct_mid_holds,Profit gained,buy_n_hold profit
0,0.41743120551109314,9.375,12.0,96.20253164556962,53.125,50.666666666666664,89.74358974358974,144.82651190246526,-64.15459983292143
1,0.2431192696094513,9.45945945945946,5.1020408163265305,89.1304347826087,58.108108108108105,54.63917525773196,84.78260869565217,-65.84665534413867,-55.90202865575834
2,0.2606635093688965,6.25,6.172839506172839,90.0,57.5,60.0,82.0,432.3765070142042,-54.68960086691082
3,0.19266055524349213,10.0,2.3076923076923075,89.47368421052632,50.0,41.08527131782946,84.21052631578948,823.7904765074647,1576.1791664809543
4,0.2431192696094513,1.25,6.896551724137931,90.19607843137256,45.0,51.724137931034484,84.0,-82.85069397510594,-40.19620025164952
