,Test_accuracy,correct_buys,correct_sells,correct_holds,correct_low_buys,correct_high_sells,correct_mid_holds,Profit gained,buy_n_hold profit
0,0.40366971492767334,9.859154929577464,12.32876712328767,97.29729729729729,54.929577464788736,53.42465753424658,91.78082191780823,-7.846398878356966,-64.15459983292143
1,0.20183485746383667,8.641975308641975,5.882352941176471,88.57142857142857,58.02469135802469,53.46534653465346,85.71428571428571,-86.28041273043804,-55.90202865575834
2,0.2606635093688965,5.813953488372093,8.75,95.55555555555556,55.81395348837209,58.22784810126582,88.88888888888889,312.1084946283975,-54.68960086691082
3,0.17431192100048065,10.526315789473685,3.076923076923077,90.3225806451613,49.12280701754386,43.41085271317829,83.87096774193549,946.5404859401696,1576.1791664809543
4,0.22018349170684814,2.247191011235955,7.0588235294117645,90.9090909090909,44.943820224719104,49.411764705882355,88.37209302325581,-97.98819011263762,-40.19620025164952
