,Test_accuracy,correct_buys,correct_sells,correct_holds,correct_low_buys,correct_high_sells,correct_mid_holds,Profit gained,buy_n_hold profit
0,0.39908257126808167,9.23076923076923,9.45945945945946,93.67088607594937,53.84615384615385,45.945945945945944,87.17948717948718,52.61969088602086,-64.15459983292143
1,0.2568807303905487,9.210526315789474,5.376344086021505,89.79591836734694,59.21052631578947,54.34782608695652,85.71428571428571,-91.50358943232544,-55.90202865575834
2,0.2654028534889221,6.329113924050633,6.097560975609756,92.0,59.49367088607595,60.49382716049383,84.0,476.6550200553278,-54.68960086691082
3,0.20183485746383667,8.620689655172415,2.5,90.0,46.55172413793103,42.016806722689076,82.5,1152.5852479961245,1576.1791664809543
4,0.2706421911716461,4.597701149425287,8.641975308641975,96.0,43.67816091954023,51.851851851851855,85.71428571428571,-71.5153366690393,-40.19620025164952
