,Test_accuracy,correct_buys,correct_sells,correct_holds,correct_low_buys,correct_high_sells,correct_mid_holds,Profit gained,buy_n_hold profit
0,0.19806763529777527,12.5,8.396946564885496,85.71428571428571,58.333333333333336,46.15384615384615,82.14285714285714,1456.9312897623174,1666.8922807869963
1,0.2028985470533371,12.307692307692308,7.826086956521739,92.5925925925926,64.61538461538461,58.771929824561404,88.88888888888889,215079.538886181,1245.2754815401652
2,0.09633027762174606,2.4390243902439024,4.878048780487805,92.3076923076923,52.5,42.073170731707314,84.61538461538461,-11.514408695459991,9380.979094228014
3,0.14678898453712463,9.523809523809524,7.246376811594203,94.11764705882354,52.38095238095238,44.52554744525548,88.23529411764706,163.73078174990144,5.320148704751816
