,Test_accuracy,correct_buys,correct_sells,correct_holds,correct_low_buys,correct_high_sells,correct_mid_holds,Profit gained,buy_n_hold profit
0,0.256038635969162,16.666666666666668,8.411214953271028,97.05882352941177,58.46153846153846,45.794392523364486,94.11764705882354,4567.578075418407,1666.8922807869963
1,0.26570048928260803,11.11111111111111,9.375,97.43589743589743,63.38028169014085,53.125,79.48717948717949,69748.80750324203,1245.2754815401652
2,0.18807339668273926,5.2631578947368425,7.207207207207207,93.54838709677419,52.63157894736842,45.45454545454545,90.3225806451613,148.41943034611137,9380.979094228014
3,0.29816514253616333,10.9375,6.185567010309279,91.2280701754386,48.4375,47.422680412371136,85.71428571428571,-36.41092964250322,5.320148704751816
