,Test_accuracy,correct_buys,correct_sells,correct_holds,correct_low_buys,correct_high_sells,correct_mid_holds,Profit gained,buy_n_hold profit
0,0.3719806671142578,6.451612903225806,5.555555555555555,88.46153846153847,45.65217391304348,41.666666666666664,83.33333333333333,1425.5205130736672,1666.8922807869963
1,0.26570048928260803,5.833333333333333,12.195121951219512,93.47826086956522,49.166666666666664,53.65853658536585,77.77777777777777,1140.5979706701671,1245.2754815401652
2,0.2844036817550659,4.132231404958677,5.2631578947368425,93.22033898305085,43.80165289256198,45.945945945945944,88.13559322033899,8275.160395247756,9380.979094228014
3,0.23394495248794556,5.982905982905983,10.169491525423728,90.47619047619048,35.8974358974359,45.76271186440678,80.48780487804878,20.044879078671258,5.320148704751816
