,Test_accuracy,correct_buys,correct_sells,correct_holds,correct_low_buys,correct_high_sells,correct_mid_holds,Profit gained,buy_n_hold profit
0,0.2028985470533371,11.267605633802816,7.6923076923076925,81.25,54.285714285714285,48.07692307692308,78.125,1386.0790273692342,1666.8922807869963
1,0.2946859896183014,9.859154929577464,9.30232558139535,92.0,56.33802816901409,58.8235294117647,80.0,204277.43204334166,1245.2754815401652
2,0.16055046021938324,5.0,7.079646017699115,92.0,55.0,49.107142857142854,88.0,288.9260329261923,9380.979094228014
3,0.24770642817020416,9.411764705882353,9.574468085106384,94.87179487179488,54.11764705882353,45.744680851063826,81.57894736842105,180.9665243711189,5.320148704751816
