,Test_accuracy,correct_buys,correct_sells,correct_holds,correct_low_buys,correct_high_sells,correct_mid_holds,Profit gained,buy_n_hold profit
0,0.1513761430978775,8.571428571428571,7.446808510638298,89.47368421052632,53.84615384615385,45.744680851063826,68.42105263157895,-71.11170204105514,-64.15459983292143
1,0.14678898453712463,7.407407407407407,8.51063829787234,100.0,53.7037037037037,55.913978494623656,87.5,-90.0191567720885,-55.90202865575834
2,0.09478673338890076,4.838709677419355,6.410256410256411,100.0,50.0,57.142857142857146,88.88888888888889,52.450292028715836,-54.68960086691082
3,0.11467889696359634,11.11111111111111,3.4482758620689653,91.66666666666667,45.55555555555556,45.21739130434783,83.33333333333333,1195.2100502122892,1576.1791664809543
4,0.12385321408510208,5.454545454545454,7.526881720430108,93.33333333333333,46.36363636363637,51.08695652173913,93.33333333333333,-61.08371551031849,-40.19620025164952
