,Test_accuracy,correct_buys,correct_sells,correct_holds,correct_low_buys,correct_high_sells,correct_mid_holds,Profit gained,buy_n_hold profit
0,0.3761467933654785,9.090909090909092,10.169491525423728,95.77464788732394,51.13636363636363,44.827586206896555,80.28169014084507,-61.27141459980861,-64.15459983292143
1,0.2293577939271927,7.526881720430108,7.0588235294117645,92.5,59.13978494623656,56.470588235294116,87.17948717948718,-58.52895547942958,-55.90202865575834
2,0.25592416524887085,5.882352941176471,7.8125,95.55555555555556,55.88235294117647,55.55555555555556,80.0,208.18465292513423,-54.68960086691082
3,0.23394495248794556,13.157894736842104,2.0,92.85714285714286,51.31578947368421,46.464646464646464,88.0952380952381,6679.354851857772,1576.1791664809543
4,0.2293577939271927,3.883495145631068,8.571428571428571,88.88888888888889,43.689320388349515,54.285714285714285,86.36363636363636,-48.2743156192989,-40.19620025164952
