,Test_accuracy,correct_buys,correct_sells,correct_holds,correct_low_buys,correct_high_sells,correct_mid_holds,Profit gained,buy_n_hold profit
0,0.13302752375602722,9.473684210526315,8.035714285714286,100.0,51.06382978723404,45.535714285714285,90.9090909090909,-89.13270150683148,-64.15459983292143
1,0.11009174585342407,7.0,8.181818181818182,100.0,54.0,54.12844036697248,87.5,-92.2824901437042,-55.90202865575834
2,0.06635071337223053,2.7777777777777777,6.315789473684211,62.5,51.851851851851855,54.255319148936174,50.0,38.22259220763823,-54.68960086691082
3,0.06880734115839005,12.048192771084338,2.985074626865672,100.0,50.602409638554214,45.86466165413534,100.0,679.4202894373931,1576.1791664809543
4,0.07339449226856232,5.154639175257732,6.086956521739131,66.66666666666667,43.29896907216495,50.0,66.66666666666667,-63.97567079860404,-40.19620025164952
