,Test_accuracy,correct_buys,correct_sells,correct_holds,correct_low_buys,correct_high_sells,correct_mid_holds,Profit gained,buy_n_hold profit
0,0.21256038546562195,11.538461538461538,8.870967741935484,87.09677419354838,58.8235294117647,48.38709677419355,83.87096774193549,1823.4820204015814,1666.8922807869963
1,0.25120773911476135,11.666666666666666,7.619047619047619,88.0952380952381,60.0,55.76923076923077,80.95238095238095,95977.9422851494,1245.2754815401652
2,0.17889907956123352,4.444444444444445,5.0359712230215825,88.23529411764706,46.666666666666664,43.884892086330936,87.87878787878788,87.07204676148942,9380.979094228014
3,0.2431192696094513,7.6923076923076925,9.00900900900901,90.47619047619048,50.76923076923077,46.36363636363637,85.71428571428571,155.14837353764017,5.320148704751816
