,Test_accuracy,correct_buys,correct_sells,correct_holds,correct_low_buys,correct_high_sells,correct_mid_holds,Profit gained,buy_n_hold profit
0,0.24770642817020416,9.89010989010989,7.0588235294117645,92.85714285714286,53.333333333333336,42.35294117647059,80.95238095238095,-80.31161187719049,-64.15459983292143
1,0.14678898453712463,6.25,7.920792079207921,85.71428571428571,54.166666666666664,60.0,80.95238095238095,-95.50855583216408,-55.90202865575834
2,0.14691942930221558,3.7735849056603774,7.407407407407407,87.5,52.83018867924528,54.32098765432099,73.91304347826087,39.384258585924954,-54.68960086691082
3,0.11467889696359634,12.048192771084338,3.225806451612903,100.0,50.602409638554214,46.34146341463415,100.0,552.6214671532907,1576.1791664809543
4,0.16972477734088898,4.166666666666667,7.526881720430108,89.65517241379311,45.833333333333336,51.61290322580645,85.71428571428571,4.180127199891686,-40.19620025164952
