,Test_accuracy,correct_buys,correct_sells,correct_holds,correct_low_buys,correct_high_sells,correct_mid_holds,Profit gained,buy_n_hold profit
0,0.2844036817550659,8.0,7.6923076923076925,92.45283018867924,50.0,43.07692307692308,86.53846153846153,-87.03917265388415,-64.15459983292143
1,0.16972477734088898,7.766990291262136,6.741573033707865,88.46153846153847,57.28155339805825,55.68181818181818,80.76923076923077,-71.06024816490873,-55.90202865575834
2,0.1895734667778015,5.405405405405405,9.58904109589041,100.0,53.153153153153156,63.888888888888886,96.29629629629629,718.8959851321448,-54.68960086691082
3,0.15596330165863037,11.494252873563218,3.669724770642202,90.9090909090909,49.42528735632184,47.22222222222222,81.81818181818181,714.6773904204662,1576.1791664809543
4,0.20642201602458954,7.339449541284404,8.974358974358974,96.7741935483871,45.87155963302752,52.56410256410256,93.33333333333333,94.94851119573906,-40.19620025164952
