,Test_accuracy,correct_buys,correct_sells,correct_holds,correct_low_buys,correct_high_sells,correct_mid_holds,Profit gained,buy_n_hold profit
0,0.26146790385246277,7.608695652173913,10.843373493975903,95.34883720930233,47.82608695652174,44.57831325301205,85.71428571428571,76.2172504267727,-64.15459983292143
1,0.19266055524349213,8.88888888888889,6.122448979591836,93.33333333333333,57.77777777777778,54.63917525773196,90.0,-92.41225174129814,-55.90202865575834
2,0.1895734667778015,5.1020408163265305,8.333333333333334,96.55172413793103,55.10204081632653,56.626506024096386,93.10344827586206,-59.74222926756879,-54.68960086691082
3,0.1513761430978775,10.256410256410257,4.201680672268908,95.23809523809524,52.56410256410256,46.610169491525426,90.47619047619048,3879.668535081779,1576.1791664809543
4,0.19266055524349213,4.854368932038835,9.411764705882353,96.66666666666667,44.66019417475728,56.470588235294116,89.65517241379311,-65.5865602788974,-40.19620025164952
