,Test_accuracy,correct_buys,correct_sells,correct_holds,correct_low_buys,correct_high_sells,correct_mid_holds,Profit gained,buy_n_hold profit
0,0.11009174585342407,10.588235294117647,7.086614173228346,100.0,53.57142857142857,43.30708661417323,100.0,-1.2086226673079352,-64.15459983292143
1,0.08715596050024033,7.368421052631579,7.5,100.0,54.73684210526316,51.260504201680675,100.0,-90.40326699579475,-55.90202865575834
2,0.05213269963860512,2.857142857142857,5.825242718446602,66.66666666666667,51.42857142857143,53.92156862745098,66.66666666666667,1.8030116879087783,-54.68960086691082
3,0.07339449226856232,12.5,2.962962962962963,66.66666666666667,51.25,45.52238805970149,66.66666666666667,820.7883473075027,1576.1791664809543
4,0.07339449226856232,5.2631578947368425,5.932203389830509,80.0,43.1578947368421,49.572649572649574,80.0,-66.99283878625951,-40.19620025164952
