,Test_accuracy,correct_buys,correct_sells,correct_holds,correct_low_buys,correct_high_sells,correct_mid_holds,Profit gained,buy_n_hold profit
0,0.2752293646335602,7.594936708860759,7.0588235294117645,88.88888888888889,55.69620253164557,47.05882352941177,81.13207547169812,553.3998922319815,-64.15459983292143
1,0.16055046021938324,6.024096385542169,6.542056074766355,82.14285714285714,56.626506024096386,53.77358490566038,75.0,-96.83315130962683,-55.90202865575834
2,0.27014216780662537,4.938271604938271,8.641975308641975,93.87755102040816,53.08641975308642,50.0,83.6734693877551,62.674483305903806,-54.68960086691082
3,0.13302752375602722,11.594202898550725,3.816793893129771,88.88888888888889,53.6231884057971,46.15384615384615,83.33333333333333,920.6861367960345,1576.1791664809543
4,0.20183485746383667,3.5294117647058822,6.521739130434782,85.36585365853658,48.23529411764706,52.17391304347826,82.5,134.46730443762064,-40.19620025164952
