,Test_accuracy,correct_buys,correct_sells,correct_holds,correct_low_buys,correct_high_sells,correct_mid_holds,Profit gained,buy_n_hold profit
0,0.1875,11.627906976744185,6.521739130434782,92.5925925925926,51.16279069767442,46.715328467153284,85.18518518518519,160.90264496688792,678.7940878989605
1,0.17307692766189575,9.30232558139535,5.072463768115942,92.5925925925926,62.7906976744186,48.90510948905109,85.18518518518519,117.54899340908054,468.5733088396159
2,0.2054794579744339,7.142857142857143,7.751937984496124,91.17647058823529,50.90909090909091,43.41085271317829,88.23529411764706,262.4674179972545,255.73168172693892
3,0.19634702801704407,5.882352941176471,6.015037593984962,91.42857142857143,56.0,46.61654135338346,80.0,-62.99942612938224,-65.97131265210028
