,Test_accuracy,correct_buys,correct_sells,correct_holds,correct_low_buys,correct_high_sells,correct_mid_holds,Profit gained,buy_n_hold profit
0,0.125,13.559322033898304,7.092198581560283,100.0,55.932203389830505,50.0,62.5,176.61291523219137,678.7940878989605
1,0.09615384787321091,8.0,5.555555555555555,100.0,58.666666666666664,53.6,85.71428571428571,178.0220573215065,468.5733088396159
2,0.1278538852930069,5.1020408163265305,9.25925925925926,100.0,55.10204081632653,47.22222222222222,91.66666666666667,300.113136127606,255.73168172693892
3,0.1278538852930069,7.407407407407407,6.504065040650406,93.33333333333333,55.0,47.15447154471545,93.33333333333333,179.9473744749626,-65.97131265210028
