,Test_accuracy,correct_buys,correct_sells,correct_holds,correct_low_buys,correct_high_sells,correct_mid_holds,Profit gained,buy_n_hold profit
0,0.629807710647583,6.976744186046512,4.166666666666667,90.0709219858156,46.51162790697674,41.666666666666664,82.85714285714286,4457.555701810582,678.7940878989605
1,0.5528846383094788,5.970149253731344,0.0,94.0677966101695,39.39393939393939,43.47826086956522,85.59322033898304,-48.24485125269256,468.5733088396159
2,0.34703195095062256,4.504504504504505,11.428571428571429,91.78082191780823,48.18181818181818,54.285714285714285,90.41095890410959,1426.9284370460107,255.73168172693892
3,0.2831050157546997,6.956521739130435,7.8431372549019605,94.33962264150944,51.75438596491228,52.94117647058823,88.67924528301887,1670.3628116449233,-65.97131265210028
