,Test_accuracy,correct_buys,correct_sells,correct_holds,correct_low_buys,correct_high_sells,correct_mid_holds,Profit gained,buy_n_hold profit
0,0.1538461595773697,12.698412698412698,7.633587786259542,100.0,56.45161290322581,51.14503816793893,71.42857142857143,170.72146407408144,678.7940878989605
1,0.13942307233810425,8.219178082191782,4.3478260869565215,90.0,58.9041095890411,52.63157894736842,85.0,159.23280546035562,468.5733088396159
2,0.1826484054327011,5.2631578947368425,8.51063829787234,90.0,55.319148936170215,46.808510638297875,80.0,406.6777165734285,255.73168172693892
3,0.1826484054327011,7.407407407407407,6.542056074766355,87.09677419354838,55.0,48.598130841121495,87.09677419354838,375.2166515268655,-65.97131265210028
