,Test_accuracy,correct_buys,correct_sells,correct_holds,correct_low_buys,correct_high_sells,correct_mid_holds,Profit gained,buy_n_hold profit
0,0.29767441749572754,6.382978723404255,9.375,91.2280701754386,50.0,58.73015873015873,84.21052631578948,-24.531341575746296,-78.23835547143774
1,0.33023256063461304,7.317073170731708,8.823529411764707,90.76923076923077,56.09756097560975,56.71641791044776,87.6923076923077,10.880100919198924,-24.562919643857924
2,0.2535211145877838,8.24742268041237,6.944444444444445,93.18181818181819,47.422680412371136,49.29577464788732,81.81818181818181,-72.75524250084095,-84.28988749503957
3,0.32420089840888977,8.536585365853659,12.5,94.73684210526316,50.0,55.0,82.14285714285714,227.70356508212296,-31.90034799175503
4,0.2876712381839752,8.0,6.976744186046512,87.93103448275862,56.0,55.81395348837209,80.70175438596492,36.35004493132854,-32.50977018523099
