,Test_accuracy,correct_buys,correct_sells,correct_holds,correct_low_buys,correct_high_sells,correct_mid_holds,Profit gained,buy_n_hold profit
0,0.4038461446762085,13.043478260869565,8.13953488372093,93.42105263157895,60.869565217391305,48.83720930232558,89.33333333333333,396.58819732285474,678.7940878989605
1,0.3798076808452606,11.363636363636363,8.24742268041237,98.50746268656717,56.81818181818182,55.670103092783506,90.9090909090909,104.16441598471225,468.5733088396159
2,0.34703195095062256,4.477611940298507,10.975609756097562,91.42857142857143,54.54545454545455,51.21951219512195,84.28571428571429,106.32037430633841,255.73168172693892
3,0.34246575832366943,10.344827586206897,6.521739130434782,91.30434782608695,52.63157894736842,51.08695652173913,82.6086956521739,-50.7675334950702,-65.97131265210028
