,Test_accuracy,correct_buys,correct_sells,correct_holds,correct_low_buys,correct_high_sells,correct_mid_holds,Profit gained,buy_n_hold profit
0,0.38942307233810425,14.035087719298245,8.536585365853659,95.65217391304348,61.40350877192982,56.09756097560975,86.76470588235294,148.87123987029622,678.7940878989605
1,0.26923078298568726,6.944444444444445,3.7037037037037037,87.27272727272727,57.74647887323944,54.32098765432099,83.63636363636364,-52.75910391876233,468.5733088396159
2,0.3333333432674408,6.315789473684211,10.344827586206897,92.42424242424242,54.255319148936174,43.10344827586207,87.87878787878788,7144.155500372408,255.73168172693892
3,0.36986300349235535,7.6923076923076925,10.294117647058824,93.15068493150685,54.54545454545455,54.411764705882355,80.82191780821918,756.2038481779397,-65.97131265210028
