,Test_accuracy,correct_buys,correct_sells,correct_holds,correct_low_buys,correct_high_sells,correct_mid_holds,Profit gained,buy_n_hold profit
0,0.367441862821579,9.523809523809524,9.523809523809524,95.58823529411765,51.19047619047619,60.317460317460316,88.05970149253731,-21.836607588707537,-78.23835547143774
1,0.27906978130340576,8.333333333333334,8.974358974358974,86.79245283018868,54.76190476190476,58.97435897435897,82.6923076923077,-53.37782687052357,-24.562919643857924
2,0.3661971688270569,10.126582278481013,7.8125,92.85714285714286,51.89873417721519,58.73015873015873,81.42857142857143,-87.29856909696309,-84.28988749503957
3,0.3561643958091736,8.333333333333334,10.38961038961039,91.42857142857143,51.388888888888886,58.44155844155844,82.6086956521739,-52.80130975331067,-31.90034799175503
4,0.37442922592163086,9.836065573770492,8.641975308641975,89.6103896103896,58.333333333333336,60.49382716049383,83.11688311688312,397.959909584812,-32.50977018523099
