,Test_accuracy,correct_buys,correct_sells,correct_holds,correct_low_buys,correct_high_sells,correct_mid_holds,Profit gained,buy_n_hold profit
0,0.2211538404226303,11.764705882352942,7.339449541284404,96.7741935483871,54.411764705882355,51.851851851851855,90.3225806451613,405.21619328746004,678.7940878989605
1,0.22596153616905212,9.523809523809524,6.363636363636363,97.14285714285714,58.73015873015873,51.37614678899082,88.57142857142857,173.23559634424294,468.5733088396159
2,0.22374428808689117,7.407407407407407,9.70873786407767,94.28571428571429,55.0,49.51456310679612,85.71428571428571,115.89163796186932,255.73168172693892
3,0.22374428808689117,9.722222222222221,7.964601769911504,97.05882352941177,56.33802816901409,50.442477876106196,94.11764705882354,60.376444030573396,-65.97131265210028
