,Test_accuracy,correct_buys,correct_sells,correct_holds,correct_low_buys,correct_high_sells,correct_mid_holds,Profit gained,buy_n_hold profit
0,0.1538461595773697,8.88888888888889,6.293706293706293,95.0,51.111111111111114,45.774647887323944,90.0,27.637408884720017,678.7940878989605
1,0.1538461595773697,6.666666666666667,5.714285714285714,91.30434782608695,62.22222222222222,48.92086330935252,82.6086956521739,80.67506216262842,468.5733088396159
2,0.15981735289096832,6.666666666666667,7.407407407407407,87.5,49.152542372881356,42.22222222222222,83.33333333333333,18.54927600634751,255.73168172693892
3,0.19178082048892975,7.017543859649122,6.2015503875969,90.9090909090909,51.785714285714285,46.51162790697674,81.81818181818181,-93.3524461547684,-65.97131265210028
