,Test_accuracy,correct_buys,correct_sells,correct_holds,correct_low_buys,correct_high_sells,correct_mid_holds,Profit gained,buy_n_hold profit
0,0.18269230425357819,14.035087719298245,7.633587786259542,100.0,53.57142857142857,51.908396946564885,90.0,182.9853451053266,678.7940878989605
1,0.16826923191547394,7.042253521126761,5.405405405405405,92.3076923076923,57.74647887323944,52.252252252252255,92.0,16.33145250868803,468.5733088396159
2,0.2557077705860138,6.172839506172839,9.67741935483871,93.33333333333333,55.0,45.16129032258065,80.0,215.9472768035381,255.73168172693892
3,0.22374428808689117,8.333333333333334,6.60377358490566,87.8048780487805,54.929577464788736,50.943396226415096,80.48780487804878,223.60731819066243,-65.97131265210028
