,Test_accuracy,correct_buys,correct_sells,correct_holds,correct_low_buys,correct_high_sells,correct_mid_holds,Profit gained,buy_n_hold profit
0,0.34418603777885437,9.090909090909092,8.0,96.82539682539682,49.35064935064935,54.054054054054056,90.47619047619048,-4.992689076850382,-78.23835547143774
1,0.25581395626068115,9.30232558139535,8.433734939759036,86.95652173913044,54.651162790697676,56.09756097560975,80.43478260869566,-19.745986908750353,-24.562919643857924
2,0.34741783142089844,10.126582278481013,9.722222222222221,95.16129032258064,49.36708860759494,58.333333333333336,85.24590163934427,-74.80514791022546,-84.28988749503957
3,0.310502290725708,11.39240506329114,12.087912087912088,97.95918367346938,54.43037974683544,57.77777777777778,89.79591836734694,19.40898230002459,-31.90034799175503
4,0.2557077705860138,13.043478260869565,7.547169811320755,88.63636363636364,57.35294117647059,54.716981132075475,86.36363636363636,-8.236492185661376,-32.50977018523099
