,Test_accuracy,correct_buys,correct_sells,correct_holds,correct_low_buys,correct_high_sells,correct_mid_holds,Profit gained,buy_n_hold profit
0,0.26442307233810425,10.526315789473685,8.411214953271028,90.9090909090909,54.3859649122807,53.271028037383175,79.06976744186046,262.8316508978721,678.7940878989605
1,0.16346153616905212,7.792207792207792,4.716981132075472,92.0,55.84415584415584,54.716981132075475,83.33333333333333,27.315092913025595,468.5733088396159
2,0.19178082048892975,4.9504950495049505,8.433734939759036,85.71428571428571,53.0,46.98795180722892,80.0,235.91751498608008,255.73168172693892
3,0.232876718044281,7.6923076923076925,8.98876404494382,92.3076923076923,54.44444444444444,51.68539325842696,76.92307692307692,-14.148900250290197,-65.97131265210028
