,Test_accuracy,correct_buys,correct_sells,correct_holds,correct_low_buys,correct_high_sells,correct_mid_holds,Profit gained,buy_n_hold profit
0,0.42788460850715637,10.0,8.333333333333334,96.25,45.0,54.166666666666664,84.81012658227849,1232.5737388841856,678.7940878989605
1,0.3076923191547394,4.545454545454546,0.0,92.1875,40.36697247706422,50.0,84.375,-5.177536806919136,468.5733088396159
2,0.24657534062862396,4.964539007092198,6.896551724137931,91.83673469387755,48.57142857142857,51.724137931034484,89.79591836734694,721.67899587468,255.73168172693892
3,0.1780821979045868,6.25,6.521739130434782,93.10344827586206,49.65034965034965,56.52173913043478,89.65517241379311,135.3291503423358,-65.97131265210028
