,Test_accuracy,correct_buys,correct_sells,correct_holds,correct_low_buys,correct_high_sells,correct_mid_holds,Profit gained,buy_n_hold profit
0,0.0976744219660759,5.511811023622047,9.75609756097561,100.0,45.669291338582674,55.55555555555556,100.0,-88.805744547445,-78.23835547143774
1,0.11627907305955887,8.264462809917354,10.227272727272727,100.0,52.06611570247934,56.32183908045977,83.33333333333333,-47.716528486770436,-24.562919643857924
2,0.11267605423927307,6.086956521739131,8.045977011494253,90.9090909090909,47.82608695652174,53.48837209302326,81.81818181818181,-62.66961684053206,-84.28988749503957
3,0.1278538852930069,7.6923076923076925,10.75268817204301,100.0,47.41379310344828,52.68817204301075,100.0,-31.30369775372891,-31.90034799175503
4,0.14611871540546417,9.70873786407767,8.737864077669903,100.0,52.94117647058823,57.28155339805825,100.0,-60.23241008339085,-32.50977018523099
