,Test_accuracy,correct_buys,correct_sells,correct_holds,correct_low_buys,correct_high_sells,correct_mid_holds,Profit gained,buy_n_hold profit
0,0.20192307233810425,8.823529411764707,6.422018348623853,93.54838709677419,50.0,49.54128440366973,76.66666666666667,300.8121556257161,678.7940878989605
1,0.19230769574642181,6.4935064935064934,7.0,90.3225806451613,54.54545454545455,52.0,83.33333333333333,19.741889525103232,468.5733088396159
2,0.2511415481567383,6.185567010309279,11.39240506329114,93.02325581395348,52.083333333333336,49.36708860759494,86.04651162790698,182.73340197111344,255.73168172693892
3,0.26484018564224243,8.88888888888889,8.333333333333334,95.55555555555556,51.68539325842696,51.19047619047619,86.66666666666667,-73.92474685004161,-65.97131265210028
