,Test_accuracy,correct_buys,correct_sells,correct_holds,correct_low_buys,correct_high_sells,correct_mid_holds,Profit gained,buy_n_hold profit
0,0.3701923191547394,10.81081081081081,7.142857142857143,90.41095890410959,54.054054054054056,50.0,86.11111111111111,178.60825527370753,678.7940878989605
1,0.33173078298568726,10.256410256410257,6.542056074766355,93.54838709677419,56.41025641025641,54.205607476635514,85.24590163934427,153.45549014012494,468.5733088396159
2,0.34246575832366943,5.797101449275362,9.876543209876543,91.30434782608695,50.0,46.91358024691358,82.6086956521739,258.9827204785465,255.73168172693892
3,0.3333333432674408,11.475409836065573,7.368421052631579,93.65079365079364,53.333333333333336,53.68421052631579,84.12698412698413,-10.462128577623943,-65.97131265210028
