,Test_accuracy,correct_buys,correct_sells,correct_holds,correct_low_buys,correct_high_sells,correct_mid_holds,Profit gained,buy_n_hold profit
0,0.20673076808452606,12.307692307692308,6.956521739130435,96.42857142857143,55.38461538461539,47.36842105263158,85.71428571428571,215.3569349928799,678.7940878989605
1,0.17788460850715637,7.8125,6.0344827586206895,89.28571428571429,57.8125,52.17391304347826,89.28571428571429,72.65554640186335,468.5733088396159
2,0.23744292557239532,5.0,10.309278350515465,90.47619047619048,50.63291139240506,48.45360824742268,78.57142857142857,100.15743377059741,255.73168172693892
3,0.24200913310050964,11.11111111111111,7.0,97.36842105263158,57.5,46.0,89.47368421052632,-81.91530823624265,-65.97131265210028
