,Test_accuracy,correct_buys,correct_sells,correct_holds,correct_low_buys,correct_high_sells,correct_mid_holds,Profit gained,buy_n_hold profit
0,0.125,11.11111111111111,6.7669172932330826,83.33333333333333,58.73015873015873,50.75757575757576,75.0,421.73358930554315,678.7940878989605
1,0.13942307233810425,7.6923076923076925,5.3097345132743365,100.0,53.84615384615385,54.464285714285715,100.0,45.01904165354864,468.5733088396159
2,0.16438356041908264,5.607476635514018,8.045977011494253,92.0,53.77358490566038,47.12643678160919,84.0,428.0890883727879,255.73168172693892
3,0.12328767031431198,6.25,5.714285714285714,83.33333333333333,51.578947368421055,46.666666666666664,66.66666666666667,-18.62044825736183,-65.97131265210028
