,Test_accuracy,correct_buys,correct_sells,correct_holds,correct_low_buys,correct_high_sells,correct_mid_holds,Profit gained,buy_n_hold profit
0,0.25581395626068115,4.301075268817204,8.333333333333334,90.0,44.086021505376344,56.33802816901409,88.0,28.48796199795271,-78.23835547143774
1,0.302325576543808,5.194805194805195,9.210526315789474,87.09677419354838,55.84415584415584,58.666666666666664,83.87096774193549,-9.227337957005076,-24.562919643857924
2,0.23474177718162537,7.526881720430108,7.317073170731708,97.36842105263158,45.16129032258065,46.91358024691358,81.57894736842105,-65.76768375928837,-84.28988749503957
3,0.2557077705860138,8.974358974358974,10.891089108910892,95.0,46.15384615384615,55.445544554455445,87.17948717948718,131.81728384565275,-31.90034799175503
4,0.26484018564224243,10.666666666666666,8.24742268041237,89.36170212765957,56.75675675675676,52.577319587628864,82.97872340425532,112.71792528181939,-32.50977018523099
