,Test_accuracy,correct_buys,correct_sells,correct_holds,correct_low_buys,correct_high_sells,correct_mid_holds,Profit gained,buy_n_hold profit
0,0.19711539149284363,10.0,6.930693069306931,96.29629629629629,46.25,50.495049504950494,88.46153846153847,196.51693490779996,678.7940878989605
1,0.1875,7.894736842105263,5.882352941176471,90.0,59.21052631578947,54.45544554455446,80.0,75.83820251692515,468.5733088396159
2,0.19634702801704407,4.545454545454546,11.538461538461538,93.54838709677419,47.706422018348626,47.43589743589744,87.09677419354838,57.710825773286786,255.73168172693892
3,0.2054794579744339,7.368421052631579,6.741573033707865,91.42857142857143,53.191489361702125,50.561797752808985,80.0,-66.77196246431828,-65.97131265210028
