,Test_accuracy,correct_buys,correct_sells,correct_holds,correct_low_buys,correct_high_sells,correct_mid_holds,Profit gained,buy_n_hold profit
0,0.11057692021131516,8.16326530612245,5.0,100.0,45.36082474226804,50.0,100.0,686.824992638039,678.7940878989605
1,0.07211538404226303,5.6,2.5974025974025974,100.0,41.935483870967744,42.857142857142854,83.33333333333333,-27.91280850911339,468.5733088396159
2,0.10958904027938843,4.487179487179487,11.538461538461538,100.0,47.096774193548384,55.76923076923077,100.0,641.7731819287491,255.73168172693892
3,0.08675798773765564,5.960264900662252,8.064516129032258,83.33333333333333,49.333333333333336,46.774193548387096,83.33333333333333,277.70317016751204,-65.97131265210028
