,Test_accuracy,correct_buys,correct_sells,correct_holds,correct_low_buys,correct_high_sells,correct_mid_holds,Profit gained,buy_n_hold profit
0,0.18269230425357819,11.290322580645162,6.6115702479338845,92.0,54.83870967741935,50.413223140495866,70.83333333333333,213.7757826986529,678.7940878989605
1,0.125,7.0588235294117645,4.716981132075472,88.23529411764706,57.142857142857146,54.716981132075475,88.23529411764706,63.51440501644041,468.5733088396159
2,0.1826484054327011,4.8076923076923075,8.333333333333334,90.3225806451613,49.51456310679612,47.61904761904762,87.09677419354838,262.0527476033365,255.73168172693892
3,0.17351597547531128,9.615384615384615,6.521739130434782,95.65217391304348,54.36893203883495,51.08695652173913,82.6086956521739,731.5317620386861,-65.97131265210028
