,Test_accuracy,correct_buys,correct_sells,correct_holds,correct_low_buys,correct_high_sells,correct_mid_holds,Profit gained,buy_n_hold profit
0,0.08837209641933441,6.481481481481482,7.766990291262136,100.0,46.2962962962963,53.92156862745098,100.0,-87.22119553717059,-78.23835547143774
1,0.0976744219660759,9.345794392523365,8.49056603773585,100.0,53.271028037383175,53.333333333333336,100.0,53.44876355046739,-24.562919643857924
2,0.07981220632791519,6.666666666666667,6.666666666666667,100.0,40.95238095238095,48.07692307692308,100.0,-70.782447449541,-84.28988749503957
3,0.1004566177725792,9.30232558139535,8.461538461538462,100.0,49.411764705882355,46.92307692307692,100.0,195.78208184594746,-31.90034799175503
4,0.1278538852930069,11.363636363636363,7.43801652892562,90.0,54.02298850574713,52.892561983471076,90.0,286.84111144624427,-32.50977018523099
