,Test_accuracy,correct_buys,correct_sells,correct_holds,correct_low_buys,correct_high_sells,correct_mid_holds,Profit gained,buy_n_hold profit
0,0.14903846383094788,11.290322580645162,6.976744186046512,88.23529411764706,58.064516129032256,50.3875968992248,81.25,225.04599921961218,678.7940878989605
1,0.14903846383094788,7.894736842105263,4.545454545454546,90.9090909090909,57.89473684210526,55.45454545454545,90.47619047619048,104.98145646075369,468.5733088396159
2,0.1826484054327011,5.208333333333333,8.51063829787234,93.10344827586206,53.125,46.808510638297875,82.14285714285714,146.5108546280936,255.73168172693892
3,0.14611871540546417,6.818181818181818,7.2727272727272725,85.71428571428571,55.172413793103445,45.45454545454545,76.19047619047619,271.2937870696388,-65.97131265210028
