,Test_accuracy,correct_buys,correct_sells,correct_holds,correct_low_buys,correct_high_sells,correct_mid_holds,Profit gained,buy_n_hold profit
0,0.14418604969978333,5.454545454545454,8.235294117647058,90.0,49.09090909090909,57.142857142857146,85.0,-91.99036298978154,-78.23835547143774
1,0.17674419283866882,8.571428571428571,9.195402298850574,91.30434782608695,54.285714285714285,55.81395348837209,82.6086956521739,-41.48267941580695,-24.562919643857924
2,0.15962441265583038,6.930693069306931,7.6923076923076925,95.23809523809524,49.504950495049506,52.22222222222222,80.95238095238095,-61.35365472939366,-84.28988749503957
3,0.19178082048892975,8.910891089108912,11.458333333333334,100.0,47.0,51.041666666666664,95.45454545454545,-15.673764335192288,-31.90034799175503
4,0.1780821979045868,10.588235294117647,7.339449541284404,88.0,57.142857142857146,55.04587155963303,80.0,142.87536594680532,-32.50977018523099
