,Test_accuracy,correct_buys,correct_sells,correct_holds,correct_low_buys,correct_high_sells,correct_mid_holds,Profit gained,buy_n_hold profit
0,0.2604651153087616,6.140350877192983,10.526315789473685,97.72727272727273,46.49122807017544,57.89473684210526,86.04651162790698,-80.99906858149323,-78.23835547143774
1,0.20465116202831268,8.333333333333334,10.9375,87.09677419354838,50.833333333333336,57.142857142857146,83.87096774193549,-58.124179045604805,-24.562919643857924
2,0.3004694879055023,7.2727272727272725,13.72549019607843,94.23076923076923,47.27272727272727,52.94117647058823,82.3529411764706,-87.15800531443475,-84.28988749503957
3,0.2602739632129669,8.653846153846153,10.294117647058824,87.23404255319149,49.51456310679612,60.294117647058826,80.85106382978724,51.22234816252942,-31.90034799175503
4,0.27397260069847107,11.11111111111111,10.256410256410257,97.61904761904762,58.16326530612245,61.53846153846154,90.47619047619048,120.0278409257449,-32.50977018523099
