,Test_accuracy,correct_buys,correct_sells,correct_holds,correct_low_buys,correct_high_sells,correct_mid_holds,Profit gained,buy_n_hold profit
0,0.07906977087259293,6.25,7.0,100.0,48.214285714285715,54.54545454545455,100.0,-91.70292227790154,-78.23835547143774
1,0.08372092992067337,8.571428571428571,8.256880733944953,0.0,50.476190476190474,50.925925925925924,0.0,-33.52982063713054,-24.562919643857924
2,0.09389671683311462,6.666666666666667,7.766990291262136,100.0,42.857142857142854,50.0,80.0,-60.24206217943849,-84.28988749503957
3,0.09132420271635056,8.791208791208792,9.375,0.0,47.77777777777778,48.4375,0.0,151.30358021160538,-31.90034799175503
4,0.09132420271635056,10.416666666666666,7.377049180327869,100.0,53.68421052631579,53.278688524590166,100.0,174.5106523692587,-32.50977018523099
