,Test_accuracy,correct_buys,correct_sells,correct_holds,correct_low_buys,correct_high_sells,correct_mid_holds,Profit gained,buy_n_hold profit
0,0.09134615212678909,11.764705882352942,5.882352941176471,75.0,51.470588235294116,49.629629629629626,50.0,326.95887885886094,678.7940878989605
1,0.06730769574642181,6.976744186046512,5.042016806722689,66.66666666666667,52.325581395348834,51.69491525423729,66.66666666666667,113.02955053182717,468.5733088396159
2,0.09132420271635056,5.128205128205129,9.278350515463918,100.0,52.58620689655172,48.45360824742268,80.0,349.5219726057495,255.73168172693892
3,0.06849315017461777,5.882352941176471,6.140350877192983,66.66666666666667,49.504950495049506,44.73684210526316,66.66666666666667,49.62780317761158,-65.97131265210028
