,Test_accuracy,correct_buys,correct_sells,correct_holds,correct_low_buys,correct_high_sells,correct_mid_holds,Profit gained,buy_n_hold profit
0,0.25,9.375,6.796116504854369,95.1219512195122,51.5625,50.98039215686274,92.6829268292683,29.705271242338483,678.7940878989605
1,0.19230769574642181,8.620689655172415,5.084745762711864,90.625,58.62068965517241,51.282051282051285,84.375,379.41619923578395,468.5733088396159
2,0.2557077705860138,5.405405405405405,10.1010101010101,91.30434782608695,54.794520547945204,50.505050505050505,82.6086956521739,83.98027273866003,255.73168172693892
3,0.23744292557239532,8.108108108108109,8.49056603773585,94.87179487179488,57.534246575342465,50.943396226415096,87.17948717948718,-64.58132863214664,-65.97131265210028
