,Test_accuracy,correct_buys,correct_sells,correct_holds,correct_low_buys,correct_high_sells,correct_mid_holds,Profit gained,buy_n_hold profit
0,0.21153846383094788,12.280701754385966,7.43801652892562,93.33333333333333,56.14035087719298,47.93388429752066,75.86206896551724,66.00060984324432,678.7940878989605
1,0.17788460850715637,8.571428571428571,5.405405405405405,92.5925925925926,58.57142857142857,56.75675675675676,88.46153846153847,78.90451265882552,468.5733088396159
2,0.232876718044281,5.747126436781609,9.574468085106384,97.36842105263158,53.48837209302326,47.87234042553192,86.84210526315789,274.8077131065292,255.73168172693892
3,0.19178082048892975,7.894736842105263,6.363636363636363,87.87878787878788,57.333333333333336,47.27272727272727,81.81818181818181,164.15228351875703,-65.97131265210028
