,Test_accuracy,correct_buys,correct_sells,correct_holds,correct_low_buys,correct_high_sells,correct_mid_holds,Profit gained,buy_n_hold profit
0,0.38604649901390076,8.75,9.375,98.59154929577464,46.25,61.904761904761905,92.95774647887323,-64.36146887085336,-78.23835547143774
1,0.367441862821579,7.317073170731708,7.407407407407407,87.34177215189874,57.31707317073171,57.407407407407405,83.33333333333333,-61.333413470765905,-24.562919643857924
2,0.3333333432674408,7.142857142857143,7.8125,92.3076923076923,42.857142857142854,52.38095238095238,83.07692307692308,-68.90317917503208,-84.28988749503957
3,0.388127863407135,7.894736842105263,10.9375,91.13924050632912,46.05263157894737,53.96825396825397,79.74683544303798,-64.25970935200485,-31.90034799175503
4,0.35159817337989807,7.462686567164179,5.633802816901408,83.95061728395062,54.54545454545455,54.929577464788736,77.77777777777777,61.13511605852051,-32.50977018523099
