,Test_accuracy,correct_buys,correct_sells,correct_holds,correct_low_buys,correct_high_sells,correct_mid_holds,Profit gained,buy_n_hold profit
0,0.1627907007932663,5.405405405405405,6.410256410256411,92.3076923076923,44.14414414414414,54.54545454545455,84.61538461538461,-86.01355192270817,-78.23835547143774
1,0.13953489065170288,8.24742268041237,6.930693069306931,88.23529411764706,51.54639175257732,56.0,82.3529411764706,-33.33176918699489,-24.562919643857924
2,0.20187793672084808,6.422018348623853,8.333333333333334,93.75,48.62385321100918,59.72222222222222,83.87096774193549,-75.7514394779983,-84.28988749503957
3,0.15981735289096832,8.333333333333334,10.75268817204301,88.88888888888889,52.33644859813084,54.83870967741935,83.33333333333333,-43.725903722686596,-31.90034799175503
4,0.17351597547531128,10.869565217391305,8.49056603773585,90.47619047619048,54.94505494505494,56.60377358490566,85.71428571428571,440.238220583045,-32.50977018523099
