,Test_accuracy,correct_buys,correct_sells,correct_holds,correct_low_buys,correct_high_sells,correct_mid_holds,Profit gained,buy_n_hold profit
0,0.11627907305955887,5.882352941176471,7.317073170731708,85.71428571428571,45.378151260504204,56.79012345679013,78.57142857142857,-84.70376357678549,-78.23835547143774
1,0.14418604969978333,7.339449541284404,9.090909090909092,83.33333333333333,52.293577981651374,57.47126436781609,77.77777777777777,-17.92113862628895,-24.562919643857924
2,0.12206573039293289,6.25,7.954545454545454,92.3076923076923,47.32142857142857,54.02298850574713,69.23076923076923,-72.94431025609435,-84.28988749503957
3,0.19634702801704407,8.823529411764707,11.702127659574469,100.0,50.495049504950494,54.255319148936174,86.95652173913044,27.837551572912588,-31.90034799175503
4,0.1780821979045868,10.0,8.411214953271028,95.45454545454545,52.80898876404494,57.00934579439252,90.9090909090909,-35.62158348921524,-32.50977018523099
