,Test_accuracy,correct_buys,correct_sells,correct_holds,correct_low_buys,correct_high_sells,correct_mid_holds,Profit gained,buy_n_hold profit
0,0.1875,10.9375,6.837606837606837,88.88888888888889,53.96825396825397,51.282051282051285,74.07407407407408,209.82389950153726,678.7940878989605
1,0.18269230425357819,7.407407407407407,6.0,96.29629629629629,61.72839506172839,54.0,92.3076923076923,123.8715887973276,468.5733088396159
2,0.2009132355451584,4.854368932038835,7.594936708860759,89.1891891891892,51.96078431372549,48.10126582278481,86.48648648648648,259.9390050383049,255.73168172693892
3,0.18721461296081543,8.823529411764707,6.741573033707865,92.85714285714286,52.475247524752476,49.438202247191015,82.14285714285714,37.20861340543996,-65.97131265210028
