,Test_accuracy,correct_buys,correct_sells,correct_holds,correct_low_buys,correct_high_sells,correct_mid_holds,Profit gained,buy_n_hold profit
0,0.21153846383094788,9.375,7.079646017699115,96.7741935483871,50.0,49.107142857142854,90.3225806451613,21.099962050308562,678.7940878989605
1,0.14903846383094788,7.352941176470588,5.084745762711864,90.9090909090909,58.8235294117647,53.84615384615385,86.36363636363636,273.65031000567865,468.5733088396159
2,0.21917808055877686,5.333333333333333,9.433962264150944,89.47368421052632,52.7027027027027,47.16981132075472,84.21052631578948,36.188927401804705,255.73168172693892
3,0.18721461296081543,10.0,7.894736842105263,96.0,59.49367088607595,50.87719298245614,92.0,-45.44600769051494,-65.97131265210028
