,Test_accuracy,correct_buys,correct_sells,correct_holds,correct_low_buys,correct_high_sells,correct_mid_holds,Profit gained,buy_n_hold profit
0,0.048076923936605453,4.7368421052631575,0.0,100.0,40.21164021164021,41.1764705882353,100.0,494.19151399125303,678.7940878989605
1,0.04326923191547394,3.4482758620689653,0.0,100.0,42.57425742574257,33.333333333333336,100.0,521.949579351696,468.5733088396159
2,0.04566210135817528,3.4482758620689653,7.142857142857143,100.0,44.554455445544555,42.857142857142854,100.0,279.0287849768581,255.73168172693892
3,0.0502283088862896,4.8076923076923075,9.090909090909092,0.0,45.410628019323674,63.63636363636363,0.0,-43.35373487817097,-65.97131265210028
