,Test_accuracy,correct_buys,correct_sells,correct_holds,correct_low_buys,correct_high_sells,correct_mid_holds,Profit gained,buy_n_hold profit
0,0.1860465109348297,6.666666666666667,7.407407407407407,93.10344827586206,47.61904761904762,57.5,89.65517241379311,-84.00478637422025,-78.23835547143774
1,0.19069766998291016,7.216494845360825,10.0,89.28571428571429,52.577319587628864,56.17977528089887,89.28571428571429,-26.112386831299574,-24.562919643857924
2,0.22535210847854614,6.976744186046512,7.777777777777778,94.5945945945946,45.348837209302324,52.80898876404494,83.78378378378379,-67.13225306787993,-84.28988749503957
3,0.19178082048892975,9.75609756097561,9.734513274336283,95.83333333333333,46.34146341463415,49.557522123893804,91.30434782608695,18.622323517086002,-31.90034799175503
4,0.21004566550254822,10.526315789473685,8.108108108108109,90.625,52.0,56.75675675675676,84.375,295.49416471239743,-32.50977018523099
