,Test_accuracy,correct_buys,correct_sells,correct_holds,correct_low_buys,correct_high_sells,correct_mid_holds,Profit gained,buy_n_hold profit
0,0.3395348787307739,4.819277108433735,6.557377049180328,91.54929577464789,49.397590361445786,53.333333333333336,84.50704225352112,-89.87683710448614,-78.23835547143774
1,0.3069767355918884,4.819277108433735,9.090909090909092,84.84848484848484,51.80722891566265,59.09090909090909,81.53846153846153,-68.61335693157432,-24.562919643857924
2,0.27230048179626465,7.954545454545454,7.792207792207792,93.75,48.86363636363637,50.0,83.33333333333333,-66.03028646723118,-84.28988749503957
3,0.3378995358943939,9.58904109589041,10.975609756097562,90.625,47.945205479452056,51.851851851851855,82.8125,4.649831797929821,-31.90034799175503
4,0.3287671208381653,10.0,9.30232558139535,90.47619047619048,58.57142857142857,55.81395348837209,83.87096774193549,112.82787843708579,-32.50977018523099
