,Test_accuracy,correct_buys,correct_sells,correct_holds,correct_low_buys,correct_high_sells,correct_mid_holds,Profit gained,buy_n_hold profit
0,0.1953488439321518,5.128205128205129,7.936507936507937,88.57142857142857,43.58974358974359,54.83870967741935,85.71428571428571,-64.63376397699884,-78.23835547143774
1,0.2604651153087616,5.2631578947368425,11.428571428571429,86.0,54.73684210526316,60.869565217391305,82.0,19.567154025820273,-24.562919643857924
2,0.22065727412700653,6.363636363636363,10.0,100.0,44.54545454545455,50.72463768115942,87.87878787878788,-68.46463100257846,-84.28988749503957
3,0.24657534062862396,9.0,13.25301204819277,94.44444444444444,51.0,59.036144578313255,85.71428571428571,740.7776601756791,-31.90034799175503
4,0.2602739632129669,10.465116279069768,8.045977011494253,89.1304347826087,52.94117647058823,52.87356321839081,80.43478260869566,-2.413521734632255,-32.50977018523099
