,Test_accuracy,correct_buys,correct_sells,correct_holds,correct_low_buys,correct_high_sells,correct_mid_holds,Profit gained,buy_n_hold profit
0,0.302325576543808,4.761904761904762,8.571428571428571,90.1639344262295,50.0,59.42028985507246,81.9672131147541,-79.60928877746923,-78.23835547143774
1,0.3348837196826935,5.405405405405405,8.219178082191782,91.17647058823529,54.054054054054056,51.388888888888886,88.23529411764706,-13.676350075335646,-24.562919643857924
2,0.27230048179626465,9.75609756097561,7.142857142857143,93.61702127659575,47.5609756097561,45.78313253012048,80.85106382978724,-72.18796191762301,-84.28988749503957
3,0.3378995358943939,9.859154929577464,12.359550561797754,94.91525423728814,49.29577464788732,55.056179775280896,82.75862068965517,158.01510144472275,-31.90034799175503
4,0.2876712381839752,8.571428571428571,6.666666666666667,86.44067796610169,55.714285714285715,54.44444444444444,79.3103448275862,108.31896571690656,-32.50977018523099
