,Test_accuracy,correct_buys,correct_sells,correct_holds,correct_low_buys,correct_high_sells,correct_mid_holds,Profit gained,buy_n_hold profit
0,0.20673076808452606,13.793103448275861,7.317073170731708,96.29629629629629,57.89473684210526,52.03252032520325,81.48148148148148,223.63526045010178,678.7940878989605
1,0.23557692766189575,7.6923076923076925,4.9504950495049505,92.85714285714286,60.0,54.45544554455446,85.36585365853658,44.564543306918466,468.5733088396159
2,0.3059360682964325,6.172839506172839,8.974358974358974,91.66666666666667,53.75,44.87179487179487,81.66666666666667,369.6075631333443,255.73168172693892
3,0.3059360682964325,8.450704225352112,7.865168539325842,91.52542372881356,55.714285714285715,51.68539325842696,86.44067796610169,252.25267594643256,-65.97131265210028
