,Test_accuracy,correct_buys,correct_sells,correct_holds,correct_low_buys,correct_high_sells,correct_mid_holds,Profit gained,buy_n_hold profit
0,0.12980769574642181,12.5,6.4,90.9090909090909,52.77777777777778,52.0,80.0,239.12294766911236,678.7940878989605
1,0.09134615212678909,7.0588235294117645,4.424778761061947,80.0,55.294117647058826,53.57142857142857,80.0,85.55302712892484,468.5733088396159
2,0.10958904027938843,4.464285714285714,7.446808510638298,92.3076923076923,51.351351351351354,46.808510638297875,92.3076923076923,28.899920717622734,255.73168172693892
3,0.10502283275127411,7.142857142857143,6.363636363636363,81.81818181818181,52.577319587628864,45.45454545454545,72.72727272727273,173.4607538060518,-65.97131265210028
