,Test_accuracy,correct_buys,correct_sells,correct_holds,correct_low_buys,correct_high_sells,correct_mid_holds,Profit gained,buy_n_hold profit
0,0.302325576543808,8.16326530612245,10.606060606060606,98.03921568627452,53.06122448979592,61.53846153846154,96.07843137254902,-61.309761142763996,-78.23835547143774
1,0.2186046540737152,8.421052631578947,9.523809523809524,86.11111111111111,53.68421052631579,57.142857142857146,82.85714285714286,-72.33666349908746,-24.562919643857924
2,0.27230048179626465,8.0,9.23076923076923,91.66666666666667,48.0,53.125,83.33333333333333,-66.70025711915412,-84.28988749503957
3,0.3059360682964325,7.407407407407407,12.195121951219512,91.07142857142857,49.382716049382715,59.75609756097561,83.63636363636364,15.792923322765946,-31.90034799175503
4,0.2511415481567383,11.494252873563218,8.51063829787234,97.36842105263158,54.651162790697676,55.319148936170215,89.47368421052632,170.60548968021766,-32.50977018523099
