,Test_accuracy,correct_buys,correct_sells,correct_holds,correct_low_buys,correct_high_sells,correct_mid_holds,Profit gained,buy_n_hold profit
0,0.32692307233810425,12.76595744680851,6.796116504854369,94.82758620689656,57.4468085106383,51.45631067961165,87.71929824561404,287.10628340843226,678.7940878989605
1,0.25961539149284363,9.433962264150944,4.62962962962963,93.61702127659575,54.716981132075475,54.205607476635514,82.97872340425532,40.964497753745775,468.5733088396159
2,0.2602739632129669,6.097560975609756,8.98876404494382,91.66666666666667,50.617283950617285,50.561797752808985,79.16666666666667,211.8433668209542,255.73168172693892
3,0.24200913310050964,7.865168539325842,7.0588235294117645,88.88888888888889,53.40909090909091,49.411764705882355,84.44444444444444,1462.6346486100763,-65.97131265210028
