,Test_accuracy,correct_buys,correct_sells,correct_holds,correct_low_buys,correct_high_sells,correct_mid_holds,Profit gained,buy_n_hold profit
0,0.14423076808452606,10.76923076923077,7.03125,93.33333333333333,55.38461538461539,48.031496062992126,86.66666666666667,159.8090744995322,678.7940878989605
1,0.13461539149284363,6.944444444444445,5.932203389830509,88.88888888888889,58.333333333333336,52.136752136752136,88.88888888888889,123.35063350194805,468.5733088396159
2,0.21461187303066254,6.097560975609756,9.803921568627452,91.42857142857143,50.617283950617285,45.09803921568628,77.14285714285714,51.99170356458265,255.73168172693892
3,0.19178082048892975,9.090909090909092,6.862745098039215,93.10344827586206,54.02298850574713,46.07843137254902,82.75862068965517,-85.30954153520895,-65.97131265210028
