,Test_accuracy,correct_buys,correct_sells,correct_holds,correct_low_buys,correct_high_sells,correct_mid_holds,Profit gained,buy_n_hold profit
0,0.23076923191547394,9.523809523809524,7.339449541284404,94.44444444444444,55.55555555555556,51.851851851851855,88.88888888888889,180.83539514533993,678.7940878989605
1,0.20673076808452606,7.936507936507937,6.25,93.93939393939394,57.142857142857146,51.351351351351354,87.87878787878788,213.4169332586032,468.5733088396159
2,0.24657534062862396,5.2631578947368425,10.1010101010101,90.9090909090909,56.0,50.505050505050505,81.81818181818181,85.24634908465507,255.73168172693892
3,0.23744292557239532,9.58904109589041,8.256880733944953,97.29729729729729,61.111111111111114,50.45871559633027,86.48648648648648,-18.891401555650816,-65.97131265210028
