,Test_accuracy,correct_buys,correct_sells,correct_holds,correct_low_buys,correct_high_sells,correct_mid_holds,Profit gained,buy_n_hold profit
0,0.3069767355918884,6.451612903225806,6.666666666666667,90.3225806451613,50.53763440860215,62.71186440677966,82.25806451612904,-29.890720454532417,-78.23835547143774
1,0.34418603777885437,6.4935064935064934,7.8125,86.48648648648648,54.54545454545455,57.142857142857146,83.78378378378379,19.213920693430495,-24.562919643857924
2,0.32863849401474,9.090909090909092,8.955223880597014,96.55172413793103,50.0,50.0,86.20689655172414,-76.7796346239737,-84.28988749503957
3,0.37442922592163086,9.45945945945946,13.157894736842104,94.20289855072464,47.2972972972973,55.26315789473684,82.3529411764706,406.41349682282157,-31.90034799175503
4,0.30136987566947937,8.219178082191782,7.142857142857143,87.09677419354838,54.794520547945204,58.333333333333336,78.68852459016394,110.03281739549709,-32.50977018523099
