,Test_accuracy,correct_buys,correct_sells,correct_holds,correct_low_buys,correct_high_sells,correct_mid_holds,Profit gained,buy_n_hold profit
0,0.22325581312179565,6.542056074766355,5.882352941176471,92.5,47.66355140186916,58.208955223880594,90.0,-88.31583165936846,-78.23835547143774
1,0.2186046540737152,5.9405940594059405,9.45945945945946,85.0,51.48514851485149,57.534246575342465,80.0,-51.5661859442873,-24.562919643857924
2,0.20187793672084808,6.796116504854369,8.75,96.66666666666667,46.601941747572816,53.164556962025316,83.33333333333333,-73.5720974164211,-84.28988749503957
3,0.2876712381839752,8.88888888888889,13.095238095238095,97.77777777777777,48.888888888888886,52.38095238095238,88.63636363636364,89.54128506671105,-31.90034799175503
4,0.26484018564224243,10.588235294117647,9.782608695652174,95.23809523809524,54.76190476190476,56.52173913043478,88.0952380952381,-20.421168828236418,-32.50977018523099
