,Test_accuracy,correct_buys,correct_sells,correct_holds,correct_low_buys,correct_high_sells,correct_mid_holds,Profit gained,buy_n_hold profit
0,0.3076923191547394,10.9375,6.896551724137931,89.47368421052632,54.6875,58.62068965517241,78.57142857142857,1213.8429521755772,678.7940878989605
1,0.1875,7.894736842105263,4.0,90.625,56.578947368421055,55.0,87.09677419354838,76.36722894593703,468.5733088396159
2,0.24200913310050964,5.0,7.246376811594203,86.0,54.54545454545455,46.3768115942029,82.0,322.42618705917323,255.73168172693892
3,0.27397260069847107,6.382978723404255,9.58904109589041,90.38461538461539,54.83870967741935,57.534246575342465,76.92307692307692,47.33376663667207,-65.97131265210028
