,Test_accuracy,correct_buys,correct_sells,correct_holds,correct_low_buys,correct_high_sells,correct_mid_holds,Profit gained,buy_n_hold profit
0,0.32211539149284363,12.76595744680851,6.0606060606060606,88.70967741935483,59.57446808510638,56.12244897959184,79.03225806451613,500.2060848749461,678.7940878989605
1,0.24519230425357819,8.19672131147541,6.60377358490566,95.1219512195122,60.65573770491803,54.716981132075475,92.5,-51.936886800739444,468.5733088396159
2,0.29223743081092834,5.063291139240507,8.641975308641975,89.83050847457628,57.69230769230769,48.148148148148145,86.44067796610169,277.5151833623961,255.73168172693892
3,0.31963470578193665,7.352941176470588,9.090909090909092,90.47619047619048,58.208955223880594,54.54545454545455,77.77777777777777,-8.794723659482983,-65.97131265210028
