,Test_accuracy,correct_buys,correct_sells,correct_holds,correct_low_buys,correct_high_sells,correct_mid_holds,Profit gained,buy_n_hold profit
0,0.30288460850715637,11.764705882352942,6.896551724137931,92.45283018867924,53.73134328358209,56.32183908045977,83.01886792452831,133.33452131783542,678.7940878989605
1,0.20673076808452606,6.024096385542169,5.747126436781609,86.84210526315789,53.65853658536585,56.32183908045977,81.57894736842105,-41.59302739522161,468.5733088396159
2,0.26484018564224243,5.555555555555555,9.836065573770492,92.0,53.271028037383175,42.622950819672134,88.0,8809.621351572847,255.73168172693892
3,0.29223743081092834,7.6923076923076925,9.45945945945946,92.5925925925926,52.22222222222222,54.054054054054056,81.48148148148148,632.1314842290112,-65.97131265210028
