,Test_accuracy,correct_buys,correct_sells,correct_holds,correct_low_buys,correct_high_sells,correct_mid_holds,Profit gained,buy_n_hold profit
0,0.24186046421527863,5.376344086021505,8.75,95.23809523809524,45.16129032258065,55.69620253164557,92.85714285714286,-83.31115547840496,-78.23835547143774
1,0.25581395626068115,6.578947368421052,9.473684210526315,93.18181818181819,57.89473684210526,57.4468085106383,93.18181818181819,-35.17714154605652,-24.562919643857924
2,0.24413146078586578,8.433734939759036,7.777777777777778,95.0,49.397590361445786,49.438202247191015,82.5,-84.92233544886562,-84.28988749503957
3,0.30136987566947937,10.606060606060606,10.679611650485437,96.0,45.45454545454545,50.98039215686274,86.0,264.51215132615863,-31.90034799175503
4,0.21917808055877686,7.142857142857143,7.407407407407407,85.36585365853658,50.72463768115942,51.851851851851855,75.60975609756098,488.0975896800063,-32.50977018523099
