,Test_accuracy,correct_buys,correct_sells,correct_holds,correct_low_buys,correct_high_sells,correct_mid_holds,Profit gained,buy_n_hold profit
0,0.17788460850715637,12.903225806451612,7.874015748031496,100.0,55.73770491803279,51.968503937007874,78.94736842105263,228.57505421965686,678.7940878989605
1,0.18269230425357819,8.695652173913043,4.545454545454546,93.10344827586206,60.869565217391305,53.63636363636363,85.71428571428571,129.14612506891905,468.5733088396159
2,0.21917808055877686,5.4945054945054945,7.954545454545454,90.0,52.22222222222222,44.31818181818182,80.0,315.6860854657328,255.73168172693892
3,0.22374428808689117,7.792207792207792,6.862745098039215,90.0,51.31578947368421,49.01960784313726,85.0,187.48663904152323,-65.97131265210028
