,Test_accuracy,correct_buys,correct_sells,correct_holds,correct_low_buys,correct_high_sells,correct_mid_holds,Profit gained,buy_n_hold profit
0,0.0625,6.2015503875969,6.329113924050633,0.0,39.0625,45.56962025316456,0.0,466.77481036798093,678.7940878989605
1,0.04326923191547394,5.223880597014926,1.36986301369863,100.0,44.02985074626866,48.611111111111114,100.0,94.24028395259668,468.5733088396159
2,0.05936073139309883,4.45859872611465,9.67741935483871,0.0,48.717948717948715,50.0,0.0,92.81322261620357,255.73168172693892
3,0.05936073139309883,6.122448979591836,5.555555555555555,0.0,48.63013698630137,45.833333333333336,0.0,-9.244043121563962,-65.97131265210028
