,Test_accuracy,correct_buys,correct_sells,correct_holds,correct_low_buys,correct_high_sells,correct_mid_holds,Profit gained,buy_n_hold profit
0,0.23255814611911774,4.854368932038835,7.462686567164179,88.88888888888889,45.63106796116505,57.57575757575758,84.44444444444444,-2.7592396343435013,-78.23835547143774
1,0.3069767355918884,5.128205128205129,9.45945945945946,87.3015873015873,55.12820512820513,58.9041095890411,84.12698412698413,-13.471244190950586,-24.562919643857924
2,0.24413146078586578,7.216494845360825,7.894736842105263,97.5,44.329896907216494,45.333333333333336,82.5,-71.11921237824555,-84.28988749503957
3,0.24200913310050964,8.045977011494253,10.75268817204301,92.3076923076923,50.57471264367816,56.98924731182796,81.57894736842105,289.3666587812588,-31.90034799175503
4,0.2557077705860138,10.126582278481013,8.421052631578947,88.88888888888889,53.84615384615385,52.63157894736842,80.0,54.73802768573835,-32.50977018523099
