,Test_accuracy,correct_buys,correct_sells,correct_holds,correct_low_buys,correct_high_sells,correct_mid_holds,Profit gained,buy_n_hold profit
0,0.0651162788271904,5.303030303030303,7.407407407407407,50.0,43.93939393939394,55.0,50.0,-92.78698500447113,-78.23835547143774
1,0.11627907305955887,8.333333333333334,10.112359550561798,100.0,52.5,54.54545454545455,100.0,-7.600607438676477,-24.562919643857924
2,0.0845070406794548,5.645161290322581,8.235294117647058,100.0,45.16129032258065,52.38095238095238,100.0,-42.03870619766364,-84.28988749503957
3,0.11872146278619766,7.964601769911504,10.204081632653061,87.5,48.214285714285715,53.06122448979592,87.5,176.8530120676145,-31.90034799175503
4,0.13242009282112122,9.615384615384615,8.571428571428571,100.0,51.45631067961165,56.19047619047619,100.0,-40.44584356176599,-32.50977018523099
