,Test_accuracy,correct_buys,correct_sells,correct_holds,correct_low_buys,correct_high_sells,correct_mid_holds,Profit gained,buy_n_hold profit
0,0.2163461595773697,12.5,7.894736842105263,93.33333333333333,58.73015873015873,53.50877192982456,83.33333333333333,130.63803785816557,678.7940878989605
1,0.17788460850715637,7.407407407407407,5.0,96.29629629629629,56.79012345679013,56.0,96.15384615384616,12.180504098367578,468.5733088396159
2,0.21004566550254822,5.607476635514018,9.333333333333334,89.1891891891892,52.83018867924528,45.333333333333336,86.48648648648648,4646.968757831398,255.73168172693892
3,0.232876718044281,6.896551724137931,7.865168539325842,88.37209302325581,52.325581395348834,51.68539325842696,86.04651162790698,55.37436836880104,-65.97131265210028
