,Test_accuracy,correct_buys,correct_sells,correct_holds,correct_low_buys,correct_high_sells,correct_mid_holds,Profit gained,buy_n_hold profit
0,0.18269230425357819,14.035087719298245,5.511811023622047,95.83333333333333,56.14035087719298,49.60629921259842,73.91304347826087,145.42346301209702,678.7940878989605
1,0.125,6.8493150684931505,5.128205128205129,83.33333333333333,56.16438356164384,52.99145299145299,82.3529411764706,39.02876308425539,468.5733088396159
2,0.19178082048892975,4.395604395604396,10.309278350515465,90.3225806451613,53.333333333333336,46.391752577319586,80.64516129032258,485.18597211067254,255.73168172693892
3,0.19634702801704407,9.30232558139535,8.571428571428571,92.85714285714286,54.11764705882353,50.476190476190474,85.71428571428571,-18.0027170340785,-65.97131265210028
