,Test_accuracy,correct_buys,correct_sells,correct_holds,correct_low_buys,correct_high_sells,correct_mid_holds,Profit gained,buy_n_hold profit
0,0.14903846383094788,11.538461538461538,6.956521739130435,93.33333333333333,53.246753246753244,52.17391304347826,73.33333333333333,396.1508415971343,678.7940878989605
1,0.11538461595773697,6.25,5.1020408163265305,92.85714285714286,52.63157894736842,55.10204081632653,85.71428571428571,34.545620774873925,468.5733088396159
2,0.10502283275127411,4.6875,8.641975308641975,100.0,49.60629921259842,48.148148148148145,100.0,92.64168092290001,255.73168172693892
3,0.10958904027938843,7.758620689655173,6.521739130434782,81.81818181818181,50.43478260869565,47.82608695652174,54.54545454545455,1.199608271013659,-65.97131265210028
