,Test_accuracy,correct_buys,correct_sells,correct_holds,correct_low_buys,correct_high_sells,correct_mid_holds,Profit gained,buy_n_hold profit
0,0.20000000298023224,4.901960784313726,7.594936708860759,94.11764705882354,45.09803921568628,58.97435897435897,91.17647058823529,-85.18447069689672,-78.23835547143774
1,0.25581395626068115,6.4935064935064934,9.574468085106384,93.18181818181819,54.54545454545455,58.064516129032256,93.18181818181819,4.389880788850533,-24.562919643857924
2,0.2112676054239273,7.954545454545454,7.526881720430108,96.875,48.86363636363637,50.0,84.375,-94.85092013759893,-84.28988749503957
3,0.2876712381839752,9.859154929577464,10.891089108910892,95.74468085106383,45.070422535211264,52.0,82.97872340425532,405.30600977438434,-31.90034799175503
4,0.19634702801704407,6.410256410256411,7.619047619047619,83.33333333333333,49.35064935064935,51.42857142857143,72.22222222222223,368.7222514415271,-32.50977018523099
