,Test_accuracy,correct_buys,correct_sells,correct_holds,correct_low_buys,correct_high_sells,correct_mid_holds,Profit gained,buy_n_hold profit
0,0.08653846383094788,7.2727272727272725,6.081081081081081,100.0,50.90909090909091,45.57823129251701,100.0,227.37902014802657,678.7940878989605
1,0.10096153616905212,9.375,5.839416058394161,100.0,57.8125,50.0,100.0,30.820344682526578,468.5733088396159
2,0.08219178020954132,5.747126436781609,7.03125,100.0,52.87356321839081,44.881889763779526,100.0,698.4618969589734,255.73168172693892
3,0.06849315017461777,4.545454545454546,5.369127516778524,100.0,56.92307692307692,43.624161073825505,100.0,-43.468980648792936,-65.97131265210028
