,Test_accuracy,correct_buys,correct_sells,correct_holds,correct_low_buys,correct_high_sells,correct_mid_holds,Profit gained,buy_n_hold profit
0,0.2186046540737152,6.0606060606060606,7.6923076923076925,92.10526315789474,49.494949494949495,54.54545454545455,89.47368421052632,-78.69880001707014,-78.23835547143774
1,0.17674419283866882,8.695652173913043,7.216494845360825,88.46153846153847,51.08695652173913,57.291666666666664,84.61538461538461,-3.4730707408228056,-24.562919643857924
2,0.23004694283008575,6.122448979591836,8.0,92.5,44.89795918367347,60.0,82.05128205128206,-85.56538492944017,-84.28988749503957
3,0.21004566550254822,9.900990099009901,11.11111111111111,92.85714285714286,55.0,58.888888888888886,85.71428571428571,-8.518335187162975,-31.90034799175503
4,0.1826484054327011,12.64367816091954,8.181818181818182,90.9090909090909,59.30232558139535,56.36363636363637,90.9090909090909,80.67410845273727,-32.50977018523099
