,Test_accuracy,correct_buys,correct_sells,correct_holds,correct_low_buys,correct_high_sells,correct_mid_holds,Profit gained,buy_n_hold profit
0,0.18269230425357819,8.823529411764707,6.25,89.28571428571429,50.0,50.0,74.07407407407408,324.56179591265465,678.7940878989605
1,0.20192307233810425,7.042253521126761,5.825242718446602,91.17647058823529,54.929577464788736,50.48543689320388,81.81818181818181,-15.510056714283948,468.5733088396159
2,0.24657534062862396,5.319148936170213,11.11111111111111,90.9090909090909,52.68817204301075,54.32098765432099,84.0909090909091,91.18119985339914,255.73168172693892
3,0.26484018564224243,8.98876404494382,8.235294117647058,95.55555555555556,47.72727272727273,49.411764705882355,84.44444444444444,-82.71932690623294,-65.97131265210028
