,Test_accuracy,correct_buys,correct_sells,correct_holds,correct_low_buys,correct_high_sells,correct_mid_holds,Profit gained,buy_n_hold profit
0,0.32692307233810425,11.475409836065573,6.818181818181818,93.22033898305085,55.73770491803279,52.27272727272727,87.93103448275862,144.0324654777668,678.7940878989605
1,0.30288460850715637,7.462686567164179,5.9523809523809526,92.98245614035088,55.223880597014926,58.333333333333336,91.07142857142857,91.05685484395605,468.5733088396159
2,0.3561643958091736,4.705882352941177,12.698412698412698,92.95774647887323,53.57142857142857,47.61904761904762,84.50704225352112,491.6532839887684,255.73168172693892
3,0.29223743081092834,7.594936708860759,6.25,88.33333333333333,55.12820512820513,51.25,80.0,153.2146732128124,-65.97131265210028
