,Test_accuracy,correct_buys,correct_sells,correct_holds,correct_low_buys,correct_high_sells,correct_mid_holds,Profit gained,buy_n_hold profit
0,0.18139535188674927,4.918032786885246,8.19672131147541,87.5,45.90163934426229,58.333333333333336,81.25,-84.5624897392508,-78.23835547143774
1,0.23255814611911774,7.207207207207207,13.235294117647058,91.66666666666667,54.054054054054056,59.701492537313435,88.88888888888889,-20.787717142818877,-24.562919643857924
2,0.1690140813589096,6.779661016949152,9.45945945945946,100.0,44.91525423728814,52.054794520547944,85.71428571428571,-70.9263620442457,-84.28988749503957
3,0.24200913310050964,9.00900900900901,12.32876712328767,97.14285714285714,49.549549549549546,60.273972602739725,85.29411764705883,277.0455203462829,-31.90034799175503
4,0.232876718044281,9.090909090909092,9.523809523809524,94.44444444444444,53.06122448979592,59.523809523809526,88.88888888888889,2.861662747315833,-32.50977018523099
