,Test_accuracy,correct_buys,correct_sells,correct_holds,correct_low_buys,correct_high_sells,correct_mid_holds,Profit gained,buy_n_hold profit
0,0.3488371968269348,8.235294117647058,9.375,93.93939393939394,47.05882352941177,57.8125,86.15384615384616,-69.71315421153426,-78.23835547143774
1,0.2930232584476471,8.333333333333334,11.39240506329114,90.38461538461539,53.57142857142857,59.49367088607595,88.23529411764706,-54.76547675166464,-24.562919643857924
2,0.3802816867828369,10.38961038961039,7.936507936507937,93.15068493150685,51.94805194805195,59.67741935483871,83.56164383561644,-89.12880428227976,-84.28988749503957
3,0.37442922592163086,10.95890410958904,9.45945945945946,93.05555555555556,53.42465753424658,56.75675675675676,84.50704225352112,-36.739522786966056,-31.90034799175503
4,0.3835616409778595,11.864406779661017,8.433734939759036,90.9090909090909,58.62068965517241,60.24096385542169,84.41558441558442,390.6017794798943,-32.50977018523099
