,Test_accuracy,correct_buys,correct_sells,correct_holds,correct_low_buys,correct_high_sells,correct_mid_holds,Profit gained,buy_n_hold profit
0,0.2836538553237915,10.606060606060606,7.526881720430108,91.83673469387755,58.46153846153846,54.83870967741935,83.6734693877551,220.58756518975122,678.7940878989605
1,0.23557692766189575,8.0,3.3707865168539324,90.9090909090909,56.0,57.30337078651685,90.69767441860465,15.703614417965127,468.5733088396159
2,0.26484018564224243,5.434782608695652,6.8493150684931505,88.88888888888889,54.34782608695652,42.465753424657535,84.90566037735849,330.4199100063776,255.73168172693892
3,0.310502290725708,5.9523809523809526,10.666666666666666,91.66666666666667,55.42168674698795,56.0,83.33333333333333,35.34898707328463,-65.97131265210028
