,Test_accuracy,correct_buys,correct_sells,correct_holds,correct_low_buys,correct_high_sells,correct_mid_holds,Profit gained,buy_n_hold profit
0,0.29326921701431274,9.375,7.6923076923076925,90.56603773584905,54.6875,50.54945054945055,80.76923076923077,432.39477897107037,678.7940878989605
1,0.23076923191547394,8.620689655172415,4.587155963302752,92.6829268292683,62.06896551724138,51.851851851851855,85.36585365853658,41.00550644400394,468.5733088396159
2,0.2054794579744339,5.0,8.823529411764707,86.48648648648648,54.43037974683544,46.07843137254902,78.37837837837837,144.06755637592573,255.73168172693892
3,0.21461187303066254,8.860759493670885,7.619047619047619,91.42857142857143,61.53846153846154,50.476190476190474,88.57142857142857,54.48068080724994,-65.97131265210028
