,Test_accuracy,correct_buys,correct_sells,correct_holds,correct_low_buys,correct_high_sells,correct_mid_holds,Profit gained,buy_n_hold profit
0,0.19711539149284363,9.375,6.956521739130435,93.10344827586206,53.125,46.08695652173913,89.28571428571429,201.17930214943286,678.7940878989605
1,0.23076923191547394,10.909090909090908,6.779661016949152,97.14285714285714,63.63636363636363,54.23728813559322,91.17647058823529,135.95832860608618,468.5733088396159
2,0.2557077705860138,7.228915662650603,10.638297872340425,95.23809523809524,52.4390243902439,48.93617021276596,83.33333333333333,109.87192869238996,255.73168172693892
3,0.19634702801704407,9.411764705882353,8.411214953271028,96.29629629629629,52.38095238095238,48.598130841121495,88.88888888888889,-24.01744817258802,-65.97131265210028
