,Test_accuracy,correct_buys,correct_sells,correct_holds,correct_low_buys,correct_high_sells,correct_mid_holds,Profit gained,buy_n_hold profit
0,0.10697674751281738,6.0344827586206895,6.896551724137931,83.33333333333333,41.73913043478261,50.57471264367816,83.33333333333333,-96.38586862755838,-78.23835547143774
1,0.0976744219660759,8.264462809917354,7.777777777777778,100.0,50.413223140495866,51.68539325842696,100.0,-7.6481743429555,-24.562919643857924
2,0.10328638553619385,5.128205128205129,8.13953488372093,90.0,41.02564102564103,48.23529411764706,90.0,-70.80138132974712,-84.28988749503957
3,0.12328767031431198,7.207207207207207,9.278350515463918,90.9090909090909,43.63636363636363,50.51546391752577,72.72727272727273,261.64588540181506,-31.90034799175503
4,0.1004566177725792,8.035714285714286,7.920792079207921,83.33333333333333,46.846846846846844,53.46534653465346,83.33333333333333,175.94048115634985,-32.50977018523099
