,Test_accuracy,correct_buys,correct_sells,correct_holds,correct_low_buys,correct_high_sells,correct_mid_holds,Profit gained,buy_n_hold profit
0,0.2837209403514862,6.542056074766355,8.620689655172415,98.0,44.85981308411215,56.14035087719298,92.0,-43.97610861300188,-78.23835547143774
1,0.24651162326335907,8.823529411764707,9.859154929577464,88.0952380952381,50.0,54.285714285714285,83.33333333333333,-67.15018427910596,-24.562919643857924
2,0.36150234937667847,8.0,13.043478260869565,94.02985074626865,49.0,52.17391304347826,84.84848484848484,-85.94286447405861,-84.28988749503957
3,0.3059360682964325,8.421052631578947,10.606060606060606,89.65517241379311,47.87234042553192,57.57575757575758,84.48275862068965,13.193651427703102,-31.90034799175503
4,0.27397260069847107,12.64367816091954,8.88888888888889,97.61904761904762,55.172413793103445,58.888888888888886,95.1219512195122,-36.87098281310427,-32.50977018523099
