,Test_accuracy,correct_buys,correct_sells,correct_holds,correct_low_buys,correct_high_sells,correct_mid_holds,Profit gained,buy_n_hold profit
0,0.1875,9.782608695652174,4.597701149425287,89.65517241379311,46.73913043478261,49.42528735632184,85.71428571428571,569.4409681950169,678.7940878989605
1,0.14423076808452606,6.862745098039215,2.4390243902439024,87.5,50.98039215686274,53.08641975308642,79.16666666666667,53.941241642373484,468.5733088396159
2,0.14611871540546417,4.511278195488722,8.064516129032258,87.5,50.75757575757576,56.45161290322581,79.16666666666667,236.39745975958095,255.73168172693892
3,0.2054794579744339,6.666666666666667,7.575757575757576,96.96969696969697,47.89915966386555,42.42424242424242,81.81818181818181,49.022653899896056,-65.97131265210028
