,Test_accuracy,correct_buys,correct_sells,correct_holds,correct_low_buys,correct_high_sells,correct_mid_holds,Profit gained,buy_n_hold profit
0,0.23255814611911774,6.796116504854369,6.944444444444445,95.0,47.57281553398058,58.333333333333336,89.74358974358974,-36.03224338453536,-78.23835547143774
1,0.23720930516719818,7.920792079207921,10.95890410958904,85.36585365853658,54.45544554455446,61.111111111111114,78.04878048780488,-58.0018232335613,-24.562919643857924
2,0.2863849699497223,8.602150537634408,8.571428571428571,94.0,50.53763440860215,56.52173913043478,84.0,-82.9057241228007,-84.28988749503957
3,0.2557077705860138,8.602150537634408,8.860759493670885,87.23404255319149,50.53763440860215,50.63291139240506,80.43478260869566,-30.44869999639189,-31.90034799175503
4,0.2785388231277466,12.790697674418604,8.98876404494382,95.45454545454545,57.64705882352941,59.550561797752806,88.63636363636364,-84.01370363632233,-32.50977018523099
