,Test_accuracy,correct_buys,correct_sells,correct_holds,correct_low_buys,correct_high_sells,correct_mid_holds,Profit gained,buy_n_hold profit
0,0.23720930516719818,5.555555555555555,12.244897959183673,95.0,42.06349206349206,56.25,90.0,-90.2400834033874,-78.23835547143774
1,0.2186046540737152,8.411214953271028,8.571428571428571,84.21052631578948,50.467289719626166,57.971014492753625,76.3157894736842,-30.402930641268338,-24.562919643857924
2,0.2910798192024231,7.079646017699115,14.0,94.0,46.017699115044245,61.224489795918366,84.0,-56.486462136768736,-84.28988749503957
3,0.2785388231277466,9.183673469387756,13.157894736842104,93.33333333333333,49.48453608247423,59.21052631578947,84.44444444444444,-4.614575938083036,-31.90034799175503
4,0.26940637826919556,11.578947368421053,10.714285714285714,97.5,58.51063829787234,63.095238095238095,90.0,392.0796973419977,-32.50977018523099
