,Test_accuracy,correct_buys,correct_sells,correct_holds,correct_low_buys,correct_high_sells,correct_mid_holds,Profit gained,buy_n_hold profit
0,0.29767441749572754,5.882352941176471,8.474576271186441,98.14814814814815,44.11764705882353,56.89655172413793,90.74074074074075,-78.23811614452693,-78.23835547143774
1,0.23255814611911774,8.653846153846153,9.722222222222221,87.17948717948718,50.96153846153846,54.166666666666664,81.57894736842105,-55.552358728539254,-24.562919643857924
2,0.35211268067359924,8.0,15.686274509803921,95.16129032258064,49.0,56.0,85.48387096774194,-78.85792069171475,-84.28988749503957
3,0.31506848335266113,8.88888888888889,7.6923076923076925,87.5,47.77777777777778,57.8125,84.375,51.475347167799754,-31.90034799175503
4,0.2876712381839752,11.494252873563218,10.465116279069768,95.65217391304348,53.48837209302326,60.46511627906977,89.1304347826087,117.69440385595573,-32.50977018523099
