,Test_accuracy,correct_buys,correct_sells,correct_holds,correct_low_buys,correct_high_sells,correct_mid_holds,Profit gained,buy_n_hold profit
0,0.19069766998291016,5.660377358490566,9.876543209876543,96.42857142857143,47.16981132075472,62.5,89.28571428571429,-84.52765808319933,-78.23835547143774
1,0.1953488439321518,6.451612903225806,9.89010989010989,87.09677419354838,52.68817204301075,57.77777777777778,83.87096774193549,-9.596364604749155,-24.562919643857924
2,0.2112676054239273,7.608695652173913,7.865168539325842,96.875,47.82608695652174,51.13636363636363,81.25,-87.0793252952196,-84.28988749503957
3,0.24657534062862396,7.865168539325842,10.112359550561798,92.6829268292683,46.06741573033708,52.27272727272727,75.60975609756098,-55.17050986381214,-31.90034799175503
4,0.21917808055877686,8.974358974358974,7.766990291262136,86.84210526315789,54.54545454545455,55.33980582524272,81.57894736842105,119.22644732211774,-32.50977018523099
