,Test_accuracy,correct_buys,correct_sells,correct_holds,correct_low_buys,correct_high_sells,correct_mid_holds,Profit gained,buy_n_hold profit
0,0.1860465109348297,6.25,8.108108108108109,93.10344827586206,45.535714285714285,60.273972602739725,89.65517241379311,-81.94554866856237,-78.23835547143774
1,0.20000000298023224,7.070707070707071,9.30232558139535,93.33333333333333,52.525252525252526,55.294117647058826,86.66666666666667,-11.414795869518386,-24.562919643857924
2,0.17840375006198883,7.8431372549019605,8.045977011494253,95.83333333333333,47.05882352941177,52.325581395348834,87.5,-73.85053513129111,-84.28988749503957
3,0.21461187303066254,8.080808080808081,12.087912087912088,96.55172413793103,50.505050505050505,57.142857142857146,92.85714285714286,784.1752668316309,-31.90034799175503
4,0.232876718044281,11.11111111111111,7.920792079207921,91.89189189189189,56.25,53.46534653465346,86.48648648648648,251.05171648182792,-32.50977018523099
