,Test_accuracy,correct_buys,correct_sells,correct_holds,correct_low_buys,correct_high_sells,correct_mid_holds,Profit gained,buy_n_hold profit
0,0.20192307233810425,11.940298507462687,7.142857142857143,89.65517241379311,57.57575757575758,52.67857142857143,75.86206896551724,135.58011576697172,678.7940878989605
1,0.14423076808452606,7.5,4.672897196261682,90.47619047619048,57.5,57.00934579439252,90.0,100.2563906503126,468.5733088396159
2,0.21004566550254822,4.901960784313726,9.63855421686747,97.05882352941177,52.475247524752476,46.98795180722892,88.23529411764706,142.04591430397554,255.73168172693892
3,0.15981735289096832,6.741573033707865,7.619047619047619,84.0,55.68181818181818,46.666666666666664,76.0,150.37603868045218,-65.97131265210028
