,Test_accuracy,correct_buys,correct_sells,correct_holds,correct_low_buys,correct_high_sells,correct_mid_holds,Profit gained,buy_n_hold profit
0,0.17307692766189575,9.433962264150944,6.870229007633588,91.66666666666667,52.83018867924528,48.46153846153846,87.5,201.12120855475365,678.7940878989605
1,0.17788460850715637,10.204081632653061,5.303030303030303,92.5925925925926,67.34693877551021,50.38167938931298,85.18518518518519,188.37395849146856,468.5733088396159
2,0.2283104956150055,7.936507936507937,8.474576271186441,92.10526315789474,54.83870967741935,44.91525423728814,86.84210526315789,299.31418850961427,255.73168172693892
3,0.232876718044281,10.0,6.722689075630252,92.5,54.23728813559322,48.739495798319325,82.5,-69.34048312216258,-65.97131265210028
