,Test_accuracy,correct_buys,correct_sells,correct_holds,correct_low_buys,correct_high_sells,correct_mid_holds,Profit gained,buy_n_hold profit
0,0.2511627972126007,4.854368932038835,9.23076923076923,91.48936170212765,45.63106796116505,59.375,85.1063829787234,-60.64150365027471,-78.23835547143774
1,0.28837209939956665,6.666666666666667,10.0,89.0909090909091,52.22222222222222,55.072463768115945,87.27272727272727,-35.772463167843554,-24.562919643857924
2,0.26291078329086304,8.695652173913043,6.666666666666667,93.47826086956522,48.91304347826087,54.054054054054056,82.6086956521739,-73.37860113728519,-84.28988749503957
3,0.3333333432674408,7.6923076923076925,13.432835820895523,93.44262295081967,48.35164835164835,59.09090909090909,81.9672131147541,53.70382738158963,-31.90034799175503
4,0.2785388231277466,8.641975308641975,8.333333333333334,87.03703703703704,51.25,59.523809523809526,83.33333333333333,84.25066583960097,-32.50977018523099
