,Test_accuracy,correct_buys,correct_sells,correct_holds,correct_low_buys,correct_high_sells,correct_mid_holds,Profit gained,buy_n_hold profit
0,0.2697674334049225,7.070707070707071,9.722222222222221,100.0,49.494949494949495,58.333333333333336,93.02325581395348,-64.41834505033148,-78.23835547143774
1,0.2279069721698761,9.278350515463918,9.75609756097561,88.88888888888889,57.7319587628866,60.49382716049383,83.33333333333333,-17.85386242270708,-24.562919643857924
2,0.28169015049934387,9.090909090909092,7.894736842105263,93.87755102040816,52.27272727272727,57.333333333333336,83.6734693877551,-84.01843634559478,-84.28988749503957
3,0.29223743081092834,9.75609756097561,11.494252873563218,92.0,53.65853658536585,56.32183908045977,89.79591836734694,-43.121165871716315,-31.90034799175503
4,0.2831050157546997,12.345679012345679,9.782608695652174,93.47826086956522,57.5,56.52173913043478,86.95652173913044,-31.816558370065408,-32.50977018523099
