,Test_accuracy,correct_buys,correct_sells,correct_holds,correct_low_buys,correct_high_sells,correct_mid_holds,Profit gained,buy_n_hold profit
0,0.5,7.6923076923076925,7.6923076923076925,92.3076923076923,44.61538461538461,51.282051282051285,85.4368932038835,880.8059914440535,678.7940878989605
1,0.4759615361690521,7.228915662650603,3.4482758620689653,95.83333333333333,39.75903614457831,42.857142857142854,89.58333333333333,189.592555881238,468.5733088396159
2,0.3059360682964325,5.982905982905983,11.627906976744185,93.22033898305085,49.13793103448276,53.48837209302326,88.13559322033899,19079.55951415815,255.73168172693892
3,0.2602739632129669,6.086956521739131,7.407407407407407,92.0,54.3859649122807,55.55555555555556,86.0,2828.7155332545212,-65.97131265210028
