,Test_accuracy,correct_buys,correct_sells,correct_holds,correct_low_buys,correct_high_sells,correct_mid_holds,Profit gained,buy_n_hold profit
0,0.40930232405662537,9.63855421686747,10.714285714285714,97.36842105263158,46.98795180722892,58.92857142857143,89.33333333333333,-3.8956477153787574,-78.23835547143774
1,0.3348837196826935,8.450704225352112,6.8493150684931505,85.91549295774648,56.33802816901409,56.16438356164384,82.85714285714286,-46.89330160330152,-24.562919643857924
2,0.39436620473861694,8.536585365853659,9.433962264150944,92.3076923076923,47.5609756097561,55.76923076923077,80.76923076923077,-87.50887247558498,-84.28988749503957
3,0.39269405603408813,7.142857142857143,10.447761194029852,90.2439024390244,51.42857142857143,62.6865671641791,80.24691358024691,-52.89237929079761,-31.90034799175503
4,0.388127863407135,9.67741935483871,9.090909090909092,90.0,54.09836065573771,59.74025974025974,85.0,580.7762590412993,-32.50977018523099
