,Test_accuracy,correct_buys,correct_sells,correct_holds,correct_low_buys,correct_high_sells,correct_mid_holds,Profit gained,buy_n_hold profit
0,0.24519230425357819,11.290322580645162,7.4766355140186915,92.3076923076923,51.61290322580645,51.401869158878505,86.84210526315789,217.29924261779252,678.7940878989605
1,0.2211538404226303,8.064516129032258,5.454545454545454,97.22222222222223,58.064516129032256,52.72727272727273,97.14285714285714,65.47001523808734,468.5733088396159
2,0.27397260069847107,6.097560975609756,11.235955056179776,93.75,51.851851851851855,48.31460674157304,83.33333333333333,163.69876690402515,255.73168172693892
3,0.1826484054327011,7.446808510638298,7.368421052631579,86.66666666666667,51.61290322580645,49.473684210526315,73.33333333333333,0.778375332684746,-65.97131265210028
