,Test_accuracy,correct_buys,correct_sells,correct_holds,correct_low_buys,correct_high_sells,correct_mid_holds,Profit gained,buy_n_hold profit
0,0.3720930218696594,9.45945945945946,9.58904109589041,97.05882352941177,47.2972972972973,51.388888888888886,89.70588235294117,-79.98900350084455,-78.23835547143774
1,0.27906978130340576,7.407407407407407,8.641975308641975,88.67924528301887,54.32098765432099,52.5,83.01886792452831,-29.394464504202162,-24.562919643857924
2,0.30516430735588074,8.641975308641975,9.090909090909092,92.72727272727273,50.617283950617285,56.578947368421055,85.45454545454545,-82.15442932963953,-84.28988749503957
3,0.310502290725708,10.526315789473685,11.11111111111111,94.33962264150944,53.94736842105263,55.056179775280896,88.67924528301887,-29.9335568967426,-31.90034799175503
4,0.27397260069847107,13.043478260869565,7.766990291262136,91.48936170212765,58.8235294117647,55.33980582524272,89.36170212765957,237.81548295843686,-32.50977018523099
