,Test_accuracy,correct_buys,correct_sells,correct_holds,correct_low_buys,correct_high_sells,correct_mid_holds,Profit gained,buy_n_hold profit
0,0.21395349502563477,5.357142857142857,9.23076923076923,89.47368421052632,45.535714285714285,59.375,84.21052631578948,-78.93244795848774,-78.23835547143774
1,0.23255814611911774,5.05050505050505,12.162162162162161,85.71428571428571,52.525252525252526,60.273972602739725,80.95238095238095,2.7276372701582403,-24.562919643857924
2,0.21596243977546692,6.542056074766355,9.45945945945946,100.0,45.794392523364486,47.945205479452056,87.5,-73.63487895262026,-84.28988749503957
3,0.23744292557239532,8.24742268041237,12.5,97.05882352941177,51.54639175257732,59.09090909090909,93.93939393939394,3.1577669634249044,-31.90034799175503
4,0.23744292557239532,10.588235294117647,8.421052631578947,89.74358974358974,55.95238095238095,56.8421052631579,82.05128205128206,112.35624299831406,-32.50977018523099
