,Test_accuracy,correct_buys,correct_sells,correct_holds,correct_low_buys,correct_high_sells,correct_mid_holds,Profit gained,buy_n_hold profit
0,0.19711539149284363,12.698412698412698,7.5,96.0,53.96825396825397,49.166666666666664,83.33333333333333,228.94635385485566,678.7940878989605
1,0.1586538404226303,8.0,4.587155963302752,91.66666666666667,57.333333333333336,55.04587155963303,86.95652173913044,6.71968476436426,468.5733088396159
2,0.19178082048892975,4.854368932038835,8.433734939759036,90.9090909090909,50.98039215686274,46.98795180722892,81.81818181818181,285.33734317001665,255.73168172693892
3,0.1826484054327011,6.521739130434782,6.451612903225806,82.3529411764706,53.84615384615385,48.38709677419355,70.58823529411765,-37.68998489176131,-65.97131265210028
