,Test_accuracy,correct_buys,correct_sells,correct_holds,correct_low_buys,correct_high_sells,correct_mid_holds,Profit gained,buy_n_hold profit
0,0.3125,9.803921568627452,7.142857142857143,89.83050847457628,54.90196078431372,49.48453608247423,79.66101694915254,113.95261615808478,678.7940878989605
1,0.19711539149284363,7.142857142857143,3.9603960396039604,86.48648648648648,56.52173913043478,54.45544554455446,83.78378378378379,43.13569862596597,468.5733088396159
2,0.2876712381839752,3.5294117647058822,10.526315789473685,89.65517241379311,53.57142857142857,47.36842105263158,87.93103448275862,517.2278064908852,255.73168172693892
3,0.26484018564224243,8.045977011494253,7.317073170731708,90.0,54.651162790697676,56.09756097560975,80.0,96.79215094759812,-65.97131265210028
