,Test_accuracy,correct_buys,correct_sells,correct_holds,correct_low_buys,correct_high_sells,correct_mid_holds,Profit gained,buy_n_hold profit
0,0.10576923191547394,10.95890410958904,6.299212598425197,75.0,54.794520547945204,51.968503937007874,57.142857142857146,512.6143458930359,678.7940878989605
1,0.08653846383094788,6.896551724137931,5.217391304347826,100.0,52.87356321839081,52.63157894736842,100.0,112.26876066853546,468.5733088396159
2,0.08675798773765564,4.918032786885246,7.777777777777778,85.71428571428571,49.586776859504134,45.55555555555556,85.71428571428571,-93.04694354525552,255.73168172693892
3,0.09132420271635056,6.60377358490566,6.666666666666667,75.0,49.523809523809526,48.57142857142857,75.0,-19.881223741587576,-65.97131265210028
