,Test_accuracy,correct_buys,correct_sells,correct_holds,correct_low_buys,correct_high_sells,correct_mid_holds,Profit gained,buy_n_hold profit
0,0.13461539149284363,9.836065573770492,6.106870229007634,87.5,52.459016393442624,49.23076923076923,81.25,1490.6797996440039,678.7940878989605
1,0.13461539149284363,9.523809523809524,3.9682539682539684,89.47368421052632,53.96825396825397,49.6,89.47368421052632,64.00112169828549,468.5733088396159
2,0.16894976794719696,5.319148936170213,7.920792079207921,100.0,47.87234042553192,45.54455445544554,86.95652173913044,608.0223622706717,255.73168172693892
3,0.2054794579744339,5.2631578947368425,5.737704918032787,87.5,57.142857142857146,44.26229508196721,85.0,-19.573273123490836,-65.97131265210028
