,Test_accuracy,correct_buys,correct_sells,correct_holds,correct_low_buys,correct_high_sells,correct_mid_holds,Profit gained,buy_n_hold profit
0,0.2697674334049225,6.930693069306931,6.25,94.0,49.504950495049506,55.55555555555556,88.0,-87.79801961522449,-78.23835547143774
1,0.24651162326335907,5.319148936170213,9.722222222222221,83.6734693877551,53.191489361702125,60.563380281690144,77.55102040816327,-58.795905396069294,-24.562919643857924
2,0.2112676054239273,6.930693069306931,8.860759493670885,93.93939393939394,46.53465346534654,51.282051282051285,81.81818181818181,-70.21387817522678,-84.28988749503957
3,0.3378995358943939,9.63855421686747,12.820512820512821,96.55172413793103,51.80722891566265,56.41025641025641,85.96491228070175,63.20753857113212,-31.90034799175503
4,0.2876712381839752,10.588235294117647,9.411764705882353,93.87755102040816,54.76190476190476,55.294117647058826,87.75510204081633,154.10222012718643,-32.50977018523099
