,Test_accuracy,correct_buys,correct_sells,correct_holds,correct_low_buys,correct_high_sells,correct_mid_holds,Profit gained,buy_n_hold profit
0,0.26511627435684204,6.60377358490566,8.064516129032258,95.74468085106383,47.16981132075472,58.064516129032256,89.1304347826087,-76.19323927299672,-78.23835547143774
1,0.23255814611911774,7.766990291262136,10.0,83.33333333333333,52.42718446601942,57.142857142857146,75.60975609756098,-36.55295109484357,-24.562919643857924
2,0.31924882531166077,9.183673469387756,8.771929824561404,93.10344827586206,50.0,56.14035087719298,82.45614035087719,-83.21925047178514,-84.28988749503957
3,0.26940637826919556,8.51063829787234,8.219178082191782,86.53846153846153,51.06382978723404,53.42465753424658,80.3921568627451,-9.237206160607755,-31.90034799175503
4,0.24657534062862396,10.638297872340425,7.228915662650603,90.47619047619048,55.913978494623656,59.036144578313255,85.71428571428571,-73.6326928724866,-32.50977018523099
