,Test_accuracy,correct_buys,correct_sells,correct_holds,correct_low_buys,correct_high_sells,correct_mid_holds,Profit gained,buy_n_hold profit
0,0.32211539149284363,14.035087719298245,9.090909090909092,96.15384615384616,59.64912280701754,55.55555555555556,86.27450980392157,142.43383688733525,678.7940878989605
1,0.2163461595773697,6.4935064935064934,5.4945054945054945,87.5,53.94736842105263,57.142857142857146,82.5,-45.384928713941285,468.5733088396159
2,0.2785388231277466,6.185567010309279,8.823529411764707,90.74074074074075,53.125,41.1764705882353,87.03703703703704,9168.43682096168,255.73168172693892
3,0.2876712381839752,7.142857142857143,8.75,90.9090909090909,53.01204819277108,53.75,81.81818181818181,989.1682612513674,-65.97131265210028
