,Test_accuracy,correct_buys,correct_sells,correct_holds,correct_low_buys,correct_high_sells,correct_mid_holds,Profit gained,buy_n_hold profit
0,0.35348838567733765,9.210526315789474,8.108108108108109,96.92307692307692,50.0,52.054794520547944,90.76923076923077,-62.71479181798178,-78.23835547143774
1,0.23255814611911774,9.090909090909092,8.13953488372093,85.36585365853658,55.68181818181818,55.294117647058826,80.48780487804878,-32.30939771140075,-24.562919643857924
2,0.3004694879055023,9.63855421686747,8.974358974358974,94.23076923076923,49.397590361445786,57.142857142857146,82.6923076923077,-66.58715644970104,-84.28988749503957
3,0.30136987566947937,10.666666666666666,11.578947368421053,95.91836734693878,54.666666666666664,57.4468085106383,89.79591836734694,0.3212429307453988,-31.90034799175503
4,0.2511415481567383,11.940298507462687,7.4766355140186915,86.66666666666667,56.06060606060606,54.205607476635514,84.44444444444444,-13.925399634525377,-32.50977018523099
