,Test_accuracy,correct_buys,correct_sells,correct_holds,correct_low_buys,correct_high_sells,correct_mid_holds,Profit gained,buy_n_hold profit
0,0.23076923191547394,9.375,6.542056074766355,94.5945945945946,51.5625,49.532710280373834,88.88888888888889,21.796112442530955,678.7940878989605
1,0.17307692766189575,7.462686567164179,5.2631578947368425,92.5925925925926,58.208955223880594,53.982300884955755,88.88888888888889,340.8062159692225,468.5733088396159
2,0.232876718044281,5.405405405405405,9.615384615384615,90.2439024390244,52.054794520547944,47.11538461538461,82.92682926829268,16.228207095389592,255.73168172693892
3,0.19178082048892975,9.090909090909092,7.826086956521739,96.29629629629629,57.89473684210526,50.43478260869565,92.5925925925926,-71.14279289201079,-65.97131265210028
