,Test_accuracy,correct_buys,correct_sells,correct_holds,correct_low_buys,correct_high_sells,correct_mid_holds,Profit gained,buy_n_hold profit
0,0.3906976878643036,9.63855421686747,11.475409836065573,97.1830985915493,46.98795180722892,59.01639344262295,87.14285714285714,-4.7199293189330405,-78.23835547143774
1,0.3348837196826935,8.571428571428571,7.894736842105263,86.95652173913044,58.57142857142857,59.21052631578947,83.82352941176471,-55.42024229148224,-24.562919643857924
2,0.3849765360355377,8.860759493670885,8.620689655172415,92.10526315789474,49.36708860759494,56.14035087719298,81.57894736842105,-88.93729987882107,-84.28988749503957
3,0.39726027846336365,7.246376811594203,10.447761194029852,90.36144578313252,52.17391304347826,61.19402985074627,79.26829268292683,-52.89237929079761,-31.90034799175503
4,0.4018264710903168,10.169491525423728,10.126582278481013,91.35802469135803,53.44827586206897,60.75949367088607,83.95061728395062,362.7990967600657,-32.50977018523099
