,Test_accuracy,correct_buys,correct_sells,correct_holds,correct_low_buys,correct_high_sells,correct_mid_holds,Profit gained,buy_n_hold profit
0,0.16826923191547394,12.0,7.017543859649122,94.73684210526316,56.75675675675676,52.63157894736842,73.6842105263158,415.08905373528296,678.7940878989605
1,0.12980769574642181,6.593406593406593,4.081632653061225,89.47368421052632,53.333333333333336,56.12244897959184,84.21052631578948,-1.919538522983771,468.5733088396159
2,0.14611871540546417,4.958677685950414,7.894736842105263,90.9090909090909,50.0,47.36842105263158,81.81818181818181,251.7749926824931,255.73168172693892
3,0.1826484054327011,9.25925925925926,8.045977011494253,95.83333333333333,52.33644859813084,50.57471264367816,79.16666666666667,74.6033375538702,-65.97131265210028
