,Test_accuracy,correct_buys,correct_sells,correct_holds,correct_low_buys,correct_high_sells,correct_mid_holds,Profit gained,buy_n_hold profit
0,0.2697674334049225,7.446808510638298,9.333333333333334,95.65217391304348,52.12765957446808,58.108108108108105,95.65217391304348,-68.26377891262443,-78.23835547143774
1,0.2604651153087616,9.090909090909092,9.523809523809524,93.02325581395348,54.54545454545455,60.24096385542169,90.69767441860465,-8.586722696728899,-24.562919643857924
2,0.3333333432674408,7.865168539325842,8.064516129032258,95.16129032258064,46.06741573033708,57.377049180327866,85.48387096774194,-81.34322075165501,-84.28988749503957
3,0.3287671208381653,7.594936708860759,11.688311688311689,90.47619047619048,51.282051282051285,62.33766233766234,87.3015873015873,-31.364312064219053,-31.90034799175503
4,0.2511415481567383,12.162162162162161,7.0,86.66666666666667,58.9041095890411,56.0,82.22222222222223,-9.92990875369155,-32.50977018523099
