,Test_accuracy,correct_buys,correct_sells,correct_holds,correct_low_buys,correct_high_sells,correct_mid_holds,Profit gained,buy_n_hold profit
0,0.08653846383094788,11.39240506329114,6.976744186046512,0.0,49.36708860759494,50.0,0.0,155.20340590830557,678.7940878989605
1,0.06730769574642181,7.526881720430108,6.086956521739131,0.0,53.763440860215056,53.50877192982456,0.0,178.00503233164767,468.5733088396159
2,0.05936073139309883,4.0,8.51063829787234,0.0,50.0,45.744680851063826,0.0,-92.50084991691268,255.73168172693892
3,0.06392694264650345,6.730769230769231,6.086956521739131,0.0,50.48543689320388,42.608695652173914,0.0,76.0875765164156,-65.97131265210028
