,Test_accuracy,correct_buys,correct_sells,correct_holds,correct_low_buys,correct_high_sells,correct_mid_holds,Profit gained,buy_n_hold profit
0,0.31162789463996887,4.301075268817204,6.896551724137931,92.1875,45.16129032258065,56.14035087719298,84.375,-38.83087307695456,-78.23835547143774
1,0.29767441749572754,8.080808080808081,10.0,89.28571428571429,50.505050505050505,53.333333333333336,83.63636363636364,-45.898984041862676,-24.562919643857924
2,0.4178403615951538,8.98876404494382,16.3265306122449,97.33333333333333,51.68539325842696,55.10204081632653,85.13513513513513,-74.29178945287391,-84.28988749503957
3,0.31506848335266113,8.235294117647058,7.352941176470588,86.36363636363636,50.588235294117645,55.88235294117647,83.07692307692308,-7.676747848654486,-31.90034799175503
4,0.29680365324020386,12.048192771084338,9.30232558139535,94.0,54.8780487804878,56.97674418604651,88.0,56.56358340163595,-32.50977018523099
