,Test_accuracy,correct_buys,correct_sells,correct_holds,correct_low_buys,correct_high_sells,correct_mid_holds,Profit gained,buy_n_hold profit
0,0.16744185984134674,5.645161290322581,7.8125,88.88888888888889,44.354838709677416,57.142857142857146,88.88888888888889,-84.30373493849262,-78.23835547143774
1,0.20930232107639313,6.542056074766355,12.0,87.87878787878788,52.33644859813084,60.810810810810814,84.84848484848484,-23.740824992148873,-24.562919643857924
2,0.15962441265583038,5.882352941176471,9.45945945945946,100.0,45.378151260504204,50.68493150684932,90.0,-70.61079725084267,-84.28988749503957
3,0.19178082048892975,7.407407407407407,12.64367816091954,95.83333333333333,47.66355140186916,59.770114942528735,87.5,855.2724839087256,-31.90034799175503
4,0.2009132355451584,10.309278350515465,8.51063829787234,92.85714285714286,51.041666666666664,53.191489361702125,82.14285714285714,-15.895568507878776,-32.50977018523099
