,Test_accuracy,correct_buys,correct_sells,correct_holds,correct_low_buys,correct_high_sells,correct_mid_holds,Profit gained,buy_n_hold profit
0,0.17674419283866882,5.2631578947368425,8.333333333333334,89.65517241379311,46.49122807017544,59.15492957746479,82.75862068965517,-79.53530291617977,-78.23835547143774
1,0.2186046540737152,7.6923076923076925,11.538461538461538,90.9090909090909,53.84615384615385,57.142857142857146,87.87878787878788,-39.70369719384405,-24.562919643857924
2,0.16431924700737,6.25,8.75,100.0,44.642857142857146,51.89873417721519,90.47619047619048,-71.43969991066646,-84.28988749503957
3,0.21917808055877686,8.737864077669903,12.5,100.0,51.45631067961165,57.95454545454545,96.29629629629629,52.416743713552414,-31.90034799175503
4,0.21004566550254822,10.227272727272727,8.080808080808081,90.625,56.32183908045977,58.58585858585859,84.375,83.96400859420802,-32.50977018523099
