,Test_accuracy,correct_buys,correct_sells,correct_holds,correct_low_buys,correct_high_sells,correct_mid_holds,Profit gained,buy_n_hold profit
0,0.23720930516719818,7.079646017699115,8.064516129032258,95.0,45.13274336283186,56.45161290322581,82.05128205128206,-88.00371641183158,-78.23835547143774
1,0.16744185984134674,7.377049180327869,8.823529411764707,84.0,48.36065573770492,53.73134328358209,80.0,-15.404043434054671,-24.562919643857924
2,0.2910798192024231,7.2727272727272725,13.20754716981132,94.0,50.90909090909091,54.716981132075475,79.59183673469387,-67.97474517923267,-84.28988749503957
3,0.23744292557239532,6.60377358490566,10.294117647058824,84.44444444444444,47.61904761904762,54.411764705882355,80.0,-10.970025687484124,-31.90034799175503
4,0.2283104956150055,10.891089108910892,8.333333333333334,94.11764705882354,59.0,57.142857142857146,85.29411764705883,168.40950963994413,-32.50977018523099
