,Test_accuracy,correct_buys,correct_sells,correct_holds,correct_low_buys,correct_high_sells,correct_mid_holds,Profit gained,buy_n_hold profit
0,0.06976744532585144,5.555555555555555,8.98876404494382,0.0,45.23809523809524,56.81818181818182,0.0,-89.8808926822474,-78.23835547143774
1,0.08837209641933441,8.403361344537815,9.375,0.0,51.260504201680675,54.73684210526316,0.0,-23.586047364772725,-24.562919643857924
2,0.06572769582271576,5.833333333333333,7.608695652173913,0.0,47.5,50.54945054945055,0.0,-45.47030441578309,-84.28988749503957
3,0.08675798773765564,7.826086956521739,9.615384615384615,0.0,49.12280701754386,50.96153846153846,0.0,30.464660767801405,-31.90034799175503
4,0.08675798773765564,9.25925925925926,8.108108108108109,0.0,51.401869158878505,56.75675675675676,0.0,-46.92671119432912,-32.50977018523099
