,Test_accuracy,correct_buys,correct_sells,correct_holds,correct_low_buys,correct_high_sells,correct_mid_holds,Profit gained,buy_n_hold profit
0,0.2211538404226303,9.523809523809524,6.363636363636363,94.28571428571429,50.79365079365079,50.45871559633027,88.57142857142857,37.16818044734654,678.7940878989605
1,0.1538461595773697,7.462686567164179,5.084745762711864,91.30434782608695,58.208955223880594,52.99145299145299,86.95652173913044,252.96317583945688,468.5733088396159
2,0.232876718044281,5.333333333333333,9.70873786407767,90.2439024390244,52.7027027027027,47.57281553398058,85.36585365853658,18.878124976708932,255.73168172693892
3,0.1826484054327011,9.63855421686747,8.035714285714286,95.83333333333333,58.53658536585366,50.892857142857146,91.66666666666667,-52.5148836689044,-65.97131265210028
