,Test_accuracy,correct_buys,correct_sells,correct_holds,correct_low_buys,correct_high_sells,correct_mid_holds,Profit gained,buy_n_hold profit
0,0.3069767355918884,7.619047619047619,11.864406779661017,100.0,49.523809523809526,59.32203389830509,96.0,-74.34929891928121,-78.23835547143774
1,0.27441859245300293,9.375,10.0,87.75510204081633,54.166666666666664,58.57142857142857,87.5,-21.87508366909084,-24.562919643857924
2,0.34741783142089844,7.526881720430108,10.909090909090908,93.84615384615384,46.236559139784944,52.72727272727273,85.9375,-42.239065325830204,-84.28988749503957
3,0.29680365324020386,8.98876404494382,12.5,94.0,51.13636363636363,55.0,88.0,53.36559590424941,-31.90034799175503
4,0.27397260069847107,11.11111111111111,8.433734939759036,93.47826086956522,53.93258426966292,57.83132530120482,86.95652173913044,29.359255321017713,-32.50977018523099
