,Test_accuracy,correct_buys,correct_sells,correct_holds,correct_low_buys,correct_high_sells,correct_mid_holds,Profit gained,buy_n_hold profit
0,0.11057692021131516,11.11111111111111,6.2015503875969,100.0,51.388888888888886,51.5625,71.42857142857143,321.5543159618008,678.7940878989605
1,0.08653846383094788,7.407407407407407,4.237288135593221,77.77777777777777,56.79012345679013,52.136752136752136,77.77777777777777,106.44646493225207,468.5733088396159
2,0.09132420271635056,4.464285714285714,7.291666666666667,72.72727272727273,51.351351351351354,47.916666666666664,63.63636363636363,160.91996593012573,255.73168172693892
3,0.11872146278619766,7.368421052631579,6.363636363636363,85.71428571428571,55.319148936170215,46.36363636363637,85.71428571428571,537.8135650927296,-65.97131265210028
