,Test_accuracy,correct_buys,correct_sells,correct_holds,correct_low_buys,correct_high_sells,correct_mid_holds,Profit gained,buy_n_hold profit
0,0.2604651153087616,7.142857142857143,9.45945945945946,97.67441860465117,48.97959183673469,56.75675675675676,92.85714285714286,-74.58050173586352,-78.23835547143774
1,0.23255814611911774,8.571428571428571,11.11111111111111,86.84210526315789,54.285714285714285,56.94444444444444,83.78378378378379,-49.51567673808446,-24.562919643857924
2,0.28169015049934387,7.608695652173913,8.450704225352112,94.0,47.82608695652174,57.142857142857146,88.0,-87.28533664814384,-84.28988749503957
3,0.26940637826919556,8.88888888888889,8.75,89.79591836734694,52.22222222222222,51.25,81.25,-18.38931650725263,-31.90034799175503
4,0.26940637826919556,12.64367816091954,9.782608695652174,97.5,58.13953488372093,59.78260869565217,92.5,-77.6696887029906,-32.50977018523099
