,Test_accuracy,correct_buys,correct_sells,correct_holds,correct_low_buys,correct_high_sells,correct_mid_holds,Profit gained,buy_n_hold profit
0,0.367441862821579,9.30232558139535,9.523809523809524,98.48484848484848,51.16279069767442,59.67741935483871,92.42424242424242,-60.330419019910906,-78.23835547143774
1,0.22325581312179565,7.070707070707071,9.090909090909092,87.17948717948718,52.525252525252526,59.21052631578947,82.05128205128206,-33.521881928309824,-24.562919643857924
2,0.3239436745643616,8.16326530612245,10.714285714285714,93.22033898305085,51.02040816326531,65.45454545454545,86.44067796610169,-71.9356213860889,-84.28988749503957
3,0.3287671208381653,9.63855421686747,13.75,94.64285714285714,50.0,62.5,87.5,0.9449234984102901,-31.90034799175503
4,0.29223743081092834,10.465116279069768,9.75609756097561,92.15686274509804,54.11764705882353,59.75609756097561,90.19607843137256,141.75015555059153,-32.50977018523099
