,Test_accuracy,correct_buys,correct_sells,correct_holds,correct_low_buys,correct_high_sells,correct_mid_holds,Profit gained,buy_n_hold profit
0,0.2604651153087616,4.9504950495049505,7.936507936507937,90.19607843137256,45.54455445544554,62.903225806451616,80.3921568627451,-86.64462290044592,-78.23835547143774
1,0.302325576543808,6.896551724137931,6.25,85.9375,51.724137931034484,56.25,85.71428571428571,-35.19540040584796,-24.562919643857924
2,0.26760563254356384,8.602150537634408,5.633802816901408,91.83673469387755,46.236559139784944,51.42857142857143,81.63265306122449,-82.58446873399468,-84.28988749503957
3,0.3378995358943939,7.777777777777778,13.432835820895523,93.54838709677419,46.666666666666664,56.06060606060606,80.64516129032258,67.34900698300055,-31.90034799175503
4,0.29680365324020386,8.536585365853659,7.6923076923076925,88.13559322033899,51.851851851851855,52.56410256410256,83.05084745762711,33.66982236162181,-32.50977018523099
