,Test_accuracy,correct_buys,correct_sells,correct_holds,correct_low_buys,correct_high_sells,correct_mid_holds,Profit gained,buy_n_hold profit
0,0.38461539149284363,9.090909090909092,7.865168539325842,92.0,63.63636363636363,49.438202247191015,87.83783783783784,412.42895819162584,678.7940878989605
1,0.3461538553237915,9.523809523809524,7.766990291262136,95.23809523809524,57.142857142857146,54.36893203883495,87.09677419354838,120.4823745514735,468.5733088396159
2,0.3333333432674408,4.761904761904762,10.989010989010989,92.3076923076923,51.61290322580645,48.35164835164835,83.07692307692308,48.68333196661382,255.73168172693892
3,0.3059360682964325,10.169491525423728,6.0606060606060606,90.1639344262295,51.724137931034484,48.484848484848484,81.9672131147541,32.77551168759237,-65.97131265210028
