,Test_accuracy,correct_buys,correct_sells,correct_holds,correct_low_buys,correct_high_sells,correct_mid_holds,Profit gained,buy_n_hold profit
0,0.23255814611911774,6.60377358490566,5.882352941176471,95.1219512195122,45.283018867924525,53.73134328358209,87.8048780487805,-92.91689543076626,-78.23835547143774
1,0.22325581312179565,5.2631578947368425,10.256410256410257,83.33333333333333,52.63157894736842,58.44155844155844,78.57142857142857,-66.12908216804195,-24.562919643857924
2,0.1690140813589096,6.730769230769231,8.235294117647058,91.66666666666667,47.11538461538461,51.19047619047619,79.16666666666667,-63.14057884807311,-84.28988749503957
3,0.23744292557239532,6.896551724137931,10.989010989010989,87.8048780487805,48.275862068965516,52.22222222222222,78.04878048780488,-6.937296518777431,-31.90034799175503
4,0.2602739632129669,10.975609756097562,9.375,95.1219512195122,54.8780487804878,54.166666666666664,87.5,2.33678336135614,-32.50977018523099
