,Test_accuracy,correct_buys,correct_sells,correct_holds,correct_low_buys,correct_high_sells,correct_mid_holds,Profit gained,buy_n_hold profit
0,0.19230769574642181,8.974358974358974,6.796116504854369,96.29629629629629,47.43589743589744,48.54368932038835,88.46153846153847,103.3215324517698,678.7940878989605
1,0.1875,6.666666666666667,5.9405940594059405,87.5,60.0,55.0,78.125,77.71019936353215,468.5733088396159
2,0.2009132355451584,4.545454545454546,11.688311688311689,93.75,47.706422018348626,48.05194805194805,87.5,57.710825773286786,255.73168172693892
3,0.2009132355451584,7.291666666666667,6.741573033707865,91.17647058823529,51.578947368421055,49.438202247191015,82.3529411764706,-74.68192742314332,-65.97131265210028
