,Test_accuracy,correct_buys,correct_sells,correct_holds,correct_low_buys,correct_high_sells,correct_mid_holds,Profit gained,buy_n_hold profit
0,0.1875,12.5,7.377049180327869,100.0,56.25,48.760330578512395,90.9090909090909,165.16012106352196,678.7940878989605
1,0.1538461595773697,6.25,5.833333333333333,87.5,56.25,52.10084033613445,87.5,28.282570746322875,468.5733088396159
2,0.2283104956150055,6.25,10.679611650485437,94.44444444444444,51.89873417721519,45.63106796116505,80.55555555555556,133.19939149652154,255.73168172693892
3,0.21461187303066254,10.126582278481013,6.60377358490566,94.11764705882354,56.41025641025641,46.22641509433962,85.29411764705883,-49.740444978237896,-65.97131265210028
