,Test_accuracy,correct_buys,correct_sells,correct_holds,correct_low_buys,correct_high_sells,correct_mid_holds,Profit gained,buy_n_hold profit
0,0.2279069721698761,4.854368932038835,8.571428571428571,90.47619047619048,45.63106796116505,62.31884057971015,80.95238095238095,-83.09634272038328,-78.23835547143774
1,0.2697674334049225,6.818181818181818,9.210526315789474,88.23529411764706,52.27272727272727,58.666666666666664,86.27450980392157,-34.970302856784116,-24.562919643857924
2,0.23943662643432617,8.695652173913043,6.25,92.6829268292683,46.73913043478261,53.164556962025316,78.04878048780488,-82.52521757430215,-84.28988749503957
3,0.3059360682964325,7.526881720430108,12.5,94.44444444444444,46.236559139784944,54.929577464788736,81.48148148148148,-1.666255815790265,-31.90034799175503
4,0.2602739632129669,8.333333333333334,8.13953488372093,87.75510204081633,50.602409638554214,56.97674418604651,83.6734693877551,35.630371773379494,-32.50977018523099
