,Test_accuracy,correct_buys,correct_sells,correct_holds,correct_low_buys,correct_high_sells,correct_mid_holds,Profit gained,buy_n_hold profit
0,0.3488371968269348,5.063291139240507,6.349206349206349,91.78082191780823,46.835443037974684,56.45161290322581,80.82191780821918,-91.81802133629165,-78.23835547143774
1,0.34418603777885437,5.2631578947368425,10.447761194029852,87.5,52.63157894736842,59.701492537313435,84.50704225352112,-54.008486506510856,-24.562919643857924
2,0.2957746386528015,8.433734939759036,7.792207792207792,94.33962264150944,46.98795180722892,51.31578947368421,84.90566037735849,-84.87122975929611,-84.28988749503957
3,0.3333333432674408,9.859154929577464,11.494252873563218,91.80327868852459,47.88732394366197,51.16279069767442,83.60655737704919,-2.1715636037162795,-31.90034799175503
4,0.32420089840888977,10.294117647058824,9.89010989010989,91.66666666666667,60.294117647058826,53.84615384615385,84.7457627118644,117.1822480768989,-32.50977018523099
