,Test_accuracy,correct_buys,correct_sells,correct_holds,correct_low_buys,correct_high_sells,correct_mid_holds,Profit gained,buy_n_hold profit
0,0.12980769574642181,12.307692307692308,6.818181818181818,90.9090909090909,57.8125,49.24242424242424,90.9090909090909,250.3082974952847,678.7940878989605
1,0.09615384787321091,7.407407407407407,4.273504273504273,90.0,58.02469135802469,53.84615384615385,88.88888888888889,71.01726732329601,468.5733088396159
2,0.14611871540546417,4.8076923076923075,9.473684210526315,90.0,52.42718446601942,46.31578947368421,80.0,65.82086640151473,255.73168172693892
3,0.13698630034923553,6.741573033707865,6.363636363636363,85.0,51.13636363636363,46.36363636363637,85.0,25.94236792622419,-65.97131265210028
