,Test_accuracy,correct_buys,correct_sells,correct_holds,correct_low_buys,correct_high_sells,correct_mid_holds,Profit gained,buy_n_hold profit
0,0.3255814015865326,7.865168539325842,8.823529411764707,98.27586206896552,50.561797752808985,58.208955223880594,93.10344827586206,-55.44651869070346,-78.23835547143774
1,0.24186046421527863,8.16326530612245,9.333333333333334,88.0952380952381,54.08163265306123,59.45945945945946,85.71428571428571,-18.190196007968538,-24.562919643857924
2,0.34272301197052,9.195402298850574,9.523809523809524,93.65079365079364,48.275862068965516,61.29032258064516,85.71428571428571,-86.5313627897906,-84.28988749503957
3,0.3059360682964325,9.75609756097561,12.64367816091954,96.0,53.08641975308642,62.06896551724138,88.0,4.115510613365771,-31.90034799175503
4,0.24657534062862396,10.465116279069768,8.695652173913043,90.2439024390244,56.470588235294116,57.608695652173914,87.8048780487805,0.7948297892134377,-32.50977018523099
