,Test_accuracy,correct_buys,correct_sells,correct_holds,correct_low_buys,correct_high_sells,correct_mid_holds,Profit gained,buy_n_hold profit
0,0.3125,12.068965517241379,7.368421052631579,92.72727272727273,51.724137931034484,52.63157894736842,85.18518518518519,265.1696274252774,678.7940878989605
1,0.25961539149284363,8.771929824561404,5.714285714285714,93.47826086956522,56.14035087719298,55.23809523809524,91.11111111111111,-11.318670877911728,468.5733088396159
2,0.3059360682964325,7.142857142857143,9.782608695652174,92.98245614035088,52.17391304347826,47.82608695652174,84.21052631578948,153.27566831533923,255.73168172693892
3,0.19178082048892975,10.112359550561798,7.6923076923076925,96.15384615384616,54.54545454545455,48.07692307692308,96.15384615384616,127.5187032141861,-65.97131265210028
