,Test_accuracy,correct_buys,correct_sells,correct_holds,correct_low_buys,correct_high_sells,correct_mid_holds,Profit gained,buy_n_hold profit
0,0.25961539149284363,11.11111111111111,6.862745098039215,93.02325581395348,55.55555555555556,51.96078431372549,83.33333333333333,196.05569386760124,678.7940878989605
1,0.22596153616905212,8.333333333333334,7.079646017699115,97.14285714285714,60.0,55.75221238938053,94.11764705882354,54.14471816634182,468.5733088396159
2,0.2602739632129669,6.410256410256411,9.574468085106384,91.48936170212765,49.35064935064935,44.680851063829785,80.85106382978724,221.0670497784826,255.73168172693892
3,0.2054794579744339,9.090909090909092,8.823529411764707,96.55172413793103,51.724137931034484,50.98039215686274,93.10344827586206,198.33737320254545,-65.97131265210028
