,Test_accuracy,correct_buys,correct_sells,correct_holds,correct_low_buys,correct_high_sells,correct_mid_holds,Profit gained,buy_n_hold profit
0,0.18139535188674927,6.542056074766355,9.523809523809524,100.0,48.598130841121495,59.036144578313255,95.83333333333333,-85.31355519222825,-78.23835547143774
1,0.15813954174518585,6.730769230769231,10.0,85.71428571428571,51.92307692307692,59.550561797752806,85.71428571428571,-36.10568140728448,-24.562919643857924
2,0.17840375006198883,7.142857142857143,8.695652173913043,100.0,47.95918367346939,54.94505494505494,86.95652173913044,-69.83848811892426,-84.28988749503957
3,0.24657534062862396,8.51063829787234,11.363636363636363,97.29729729729729,47.87234042553192,53.40909090909091,86.11111111111111,11.940059484793835,-31.90034799175503
4,0.19634702801704407,9.876543209876543,7.4766355140186915,87.09677419354838,56.25,57.00934579439252,83.87096774193549,295.86918777793153,-32.50977018523099
