,Test_accuracy,correct_buys,correct_sells,correct_holds,correct_low_buys,correct_high_sells,correct_mid_holds,Profit gained,buy_n_hold profit
0,0.28837209939956665,8.16326530612245,10.294117647058824,95.91836734693878,51.02040816326531,60.294117647058826,91.66666666666667,-56.325260908837606,-78.23835547143774
1,0.20000000298023224,7.291666666666667,9.30232558139535,84.84848484848484,53.125,56.97674418604651,81.25,-38.2174937378651,-24.562919643857924
2,0.26760563254356384,7.216494845360825,10.144927536231885,91.48936170212765,48.45360824742268,59.42028985507246,84.78260869565217,-85.61299268334045,-84.28988749503957
3,0.19178082048892975,7.619047619047619,8.433734939759036,87.09677419354838,50.96153846153846,55.42168674698795,80.64516129032258,-44.845328368672135,-31.90034799175503
4,0.22374428808689117,11.702127659574469,9.473684210526315,96.66666666666667,53.763440860215056,58.94736842105263,90.0,276.07573876923055,-32.50977018523099
