,Test_accuracy,correct_buys,correct_sells,correct_holds,correct_low_buys,correct_high_sells,correct_mid_holds,Profit gained,buy_n_hold profit
0,0.3813953399658203,9.523809523809524,11.290322580645162,97.10144927536231,51.19047619047619,59.67741935483871,86.76470588235294,-31.279487576985304,-78.23835547143774
1,0.3255814015865326,8.333333333333334,8.974358974358974,87.6923076923077,56.94444444444444,60.256410256410255,84.375,-40.86306646761584,-24.562919643857924
2,0.38967135548591614,9.210526315789474,8.333333333333334,92.20779220779221,51.31578947368421,57.6271186440678,81.81818181818181,-89.54684778479233,-84.28988749503957
3,0.37899544835090637,7.246376811594203,10.95890410958904,90.9090909090909,50.72463768115942,60.273972602739725,82.89473684210526,-57.22538515174437,-31.90034799175503
4,0.4155251085758209,10.526315789473685,9.210526315789474,90.69767441860465,53.57142857142857,59.21052631578947,83.72093023255815,641.0004230652457,-32.50977018523099
