,Test_accuracy,correct_buys,correct_sells,correct_holds,correct_low_buys,correct_high_sells,correct_mid_holds,Profit gained,buy_n_hold profit
0,0.14418604969978333,6.542056074766355,8.695652173913043,100.0,47.66355140186916,57.142857142857146,100.0,-91.44234488050154,-78.23835547143774
1,0.11162790656089783,6.60377358490566,8.333333333333334,69.23076923076923,51.886792452830186,54.73684210526316,69.23076923076923,4.990273466484936,-24.562919643857924
2,0.12206573039293289,7.368421052631579,7.4766355140186915,100.0,43.1578947368421,50.943396226415096,81.81818181818181,-69.78973628870152,-84.28988749503957
3,0.15981735289096832,8.602150537634408,9.25925925925926,94.44444444444444,46.73913043478261,50.0,88.88888888888889,189.66888320697768,-31.90034799175503
4,0.14155250787734985,11.11111111111111,7.258064516129032,92.85714285714286,56.25,52.41935483870968,78.57142857142857,966.2227130760213,-32.50977018523099
