,Test_accuracy,correct_buys,correct_sells,correct_holds,correct_low_buys,correct_high_sells,correct_mid_holds,Profit gained,buy_n_hold profit
0,0.13942307233810425,12.698412698412698,6.106870229007634,92.85714285714286,56.45161290322581,48.091603053435115,57.142857142857146,272.78483508648264,678.7940878989605
1,0.125,8.0,4.310344827586207,88.23529411764706,58.666666666666664,54.310344827586206,87.5,94.80839604631558,468.5733088396159
2,0.1780821979045868,5.154639175257732,10.309278350515465,96.0,52.083333333333336,46.391752577319586,88.0,410.44432769314983,255.73168172693892
3,0.16894976794719696,6.741573033707865,6.796116504854369,88.88888888888889,52.27272727272727,47.57281553398058,81.48148148148148,10.470986555533514,-65.97131265210028
