,Test_accuracy,correct_buys,correct_sells,correct_holds,correct_low_buys,correct_high_sells,correct_mid_holds,Profit gained,buy_n_hold profit
0,0.26511627435684204,6.306306306306307,11.475409836065573,100.0,44.14414414414414,55.73770491803279,90.47619047619048,-82.68899630955042,-78.23835547143774
1,0.20465116202831268,8.849557522123893,7.462686567164179,82.85714285714286,51.32743362831859,59.09090909090909,77.14285714285714,-39.590153296125294,-24.562919643857924
2,0.30516430735588074,7.407407407407407,13.20754716981132,96.15384615384616,49.074074074074076,58.490566037735846,86.27450980392157,-82.64742842977722,-84.28988749503957
3,0.27397260069847107,8.421052631578947,10.81081081081081,88.0,51.06382978723404,59.45945945945946,82.0,-26.320137243722456,-31.90034799175503
4,0.2785388231277466,11.956521739130435,10.588235294117647,97.61904761904762,58.24175824175824,63.529411764705884,92.85714285714286,118.23332423184266,-32.50977018523099
