,Test_accuracy,correct_buys,correct_sells,correct_holds,correct_low_buys,correct_high_sells,correct_mid_holds,Profit gained,buy_n_hold profit
0,0.1860465109348297,5.555555555555555,7.894736842105263,90.3225806451613,47.22222222222222,56.0,83.87096774193549,-74.33692052999301,-78.23835547143774
1,0.15813954174518585,9.278350515463918,7.142857142857143,90.0,51.54639175257732,56.70103092783505,85.0,-10.765249133841948,-24.562919643857924
2,0.2065727710723877,6.481481481481482,8.333333333333334,93.93939393939394,47.22222222222222,59.72222222222222,84.375,-81.932157563168,-84.28988749503957
3,0.16894976794719696,8.256880733944953,11.11111111111111,90.0,52.77777777777778,57.77777777777778,85.0,-43.86724292845724,-31.90034799175503
4,0.16894976794719696,11.702127659574469,8.49056603773585,89.47368421052632,53.763440860215056,57.54716981132076,84.21052631578948,618.98293364179,-32.50977018523099
