,Test_accuracy,correct_buys,correct_sells,correct_holds,correct_low_buys,correct_high_sells,correct_mid_holds,Profit gained,buy_n_hold profit
0,0.2163461595773697,12.280701754385966,5.882352941176471,96.875,54.3859649122807,50.42016806722689,77.41935483870968,268.0382432514168,678.7940878989605
1,0.17307692766189575,7.142857142857143,4.62962962962963,86.66666666666667,55.714285714285715,54.629629629629626,86.20689655172414,22.53954564557543,468.5733088396159
2,0.21917808055877686,3.75,10.0,89.74358974358974,56.25,45.0,78.94736842105263,517.9480069526254,255.73168172693892
3,0.2009132355451584,7.228915662650603,8.737864077669903,87.87878787878788,54.8780487804878,50.48543689320388,78.78787878787878,3.1384924358314805,-65.97131265210028
