,Test_accuracy,correct_buys,correct_sells,correct_holds,correct_low_buys,correct_high_sells,correct_mid_holds,Profit gained,buy_n_hold profit
0,0.27441859245300293,7.070707070707071,8.695652173913043,97.87234042553192,47.474747474747474,61.76470588235294,89.36170212765957,-55.33587055040582,-78.23835547143774
1,0.25581395626068115,7.368421052631579,8.450704225352112,85.71428571428571,54.73684210526316,54.929577464788736,81.25,-46.74399817180642,-24.562919643857924
2,0.26291078329086304,6.451612903225806,8.333333333333334,91.66666666666667,44.086021505376344,50.70422535211268,83.33333333333333,-82.99006557916027,-84.28988749503957
3,0.35159817337989807,9.63855421686747,11.267605633802816,93.84615384615384,48.19277108433735,52.11267605633803,85.9375,-62.45315077239576,-31.90034799175503
4,0.29223743081092834,8.450704225352112,5.882352941176471,84.12698412698413,57.142857142857146,52.94117647058823,77.77777777777777,408.5024794846371,-32.50977018523099
