,Test_accuracy,correct_buys,correct_sells,correct_holds,correct_low_buys,correct_high_sells,correct_mid_holds,Profit gained,buy_n_hold profit
0,0.2211538404226303,15.09433962264151,6.451612903225806,96.7741935483871,55.76923076923077,51.61290322580645,83.87096774193549,137.12681822294388,678.7940878989605
1,0.16826923191547394,5.555555555555555,5.555555555555555,89.28571428571429,55.55555555555556,52.77777777777778,88.88888888888889,17.502665605056762,468.5733088396159
2,0.29680365324020386,6.410256410256411,9.30232558139535,94.54545454545455,56.41025641025641,44.18604651162791,79.62962962962963,201.22261643253333,255.73168172693892
3,0.2831050157546997,8.450704225352112,7.446808510638298,90.74074074074075,57.142857142857146,52.12765957446808,79.62962962962963,329.3835502195837,-65.97131265210028
