,Test_accuracy,correct_buys,correct_sells,correct_holds,correct_low_buys,correct_high_sells,correct_mid_holds,Profit gained,buy_n_hold profit
0,0.21153846383094788,10.9375,6.306306306306307,90.9090909090909,56.25,48.18181818181818,78.78787878787878,167.81004926332457,678.7940878989605
1,0.16346153616905212,4.615384615384615,5.2631578947368425,86.20689655172414,58.46153846153846,52.21238938053097,86.20689655172414,98.89831768287553,468.5733088396159
2,0.24200913310050964,5.194805194805195,10.1010101010101,90.69767441860465,51.31578947368421,47.474747474747474,79.06976744186046,88.13497507580018,255.73168172693892
3,0.27397260069847107,11.688311688311689,7.216494845360825,97.77777777777777,57.89473684210526,47.422680412371136,91.11111111111111,-85.84507601879945,-65.97131265210028
