,Test_accuracy,correct_buys,correct_sells,correct_holds,correct_low_buys,correct_high_sells,correct_mid_holds,Profit gained,buy_n_hold profit
0,0.21153846383094788,8.571428571428571,6.666666666666667,93.93939393939394,48.57142857142857,49.523809523809526,81.25,138.35886114193175,678.7940878989605
1,0.2211538404226303,6.4935064935064934,6.521739130434782,89.74358974358974,57.142857142857146,55.43478260869565,81.57894736842105,112.8337863984001,468.5733088396159
2,0.26484018564224243,5.05050505050505,12.32876712328767,93.61702127659575,48.97959183673469,50.68493150684932,87.23404255319149,205.49372935157083,255.73168172693892
3,0.26940637826919556,8.791208791208792,7.5,93.75,52.22222222222222,48.75,87.5,-53.14779999015109,-65.97131265210028
