,Test_accuracy,correct_buys,correct_sells,correct_holds,correct_low_buys,correct_high_sells,correct_mid_holds,Profit gained,buy_n_hold profit
0,0.20673076808452606,11.864406779661017,5.882352941176471,96.66666666666667,52.54237288135593,50.42016806722689,75.86206896551724,242.31942967776715,678.7940878989605
1,0.1538461595773697,7.142857142857143,5.2631578947368425,87.5,55.714285714285715,54.3859649122807,86.95652173913044,73.71433757338335,468.5733088396159
2,0.22374428808689117,3.6144578313253013,10.416666666666666,90.0,54.21686746987952,44.791666666666664,79.48717948717949,644.616905321576,255.73168172693892
3,0.2009132355451584,8.235294117647058,8.737864077669903,90.3225806451613,54.76190476190476,52.42718446601942,80.64516129032258,-7.380389973381497,-65.97131265210028
