,Test_accuracy,correct_buys,correct_sells,correct_holds,correct_low_buys,correct_high_sells,correct_mid_holds,Profit gained,buy_n_hold profit
0,0.32093024253845215,8.421052631578947,9.523809523809524,96.49122807017544,53.68421052631579,57.142857142857146,94.64285714285714,-62.23955204608752,-78.23835547143774
1,0.19069766998291016,8.333333333333334,8.98876404494382,83.33333333333333,53.125,56.17977528089887,79.3103448275862,-72.99282572529609,-24.562919643857924
2,0.2535211145877838,7.291666666666667,9.58904109589041,90.9090909090909,47.916666666666664,56.94444444444444,81.81818181818181,-72.6426993979423,-84.28988749503957
3,0.2557077705860138,6.315789473684211,9.333333333333334,87.75510204081633,48.421052631578945,57.333333333333336,81.25,5.790439738993598,-31.90034799175503
4,0.23744292557239532,10.344827586206897,7.526881720430108,92.3076923076923,54.651162790697676,56.98924731182796,87.17948717948718,37.63786526775522,-32.50977018523099
