,Test_accuracy,correct_buys,correct_sells,correct_holds,correct_low_buys,correct_high_sells,correct_mid_holds,Profit gained,buy_n_hold profit
0,0.32211539149284363,11.666666666666666,9.574468085106384,94.44444444444444,56.666666666666664,55.319148936170215,88.67924528301887,359.51719791004757,678.7940878989605
1,0.23557692766189575,8.450704225352112,4.25531914893617,90.69767441860465,56.33802816901409,58.51063829787234,90.47619047619048,104.99924870435657,468.5733088396159
2,0.3287671208381653,4.651162790697675,11.594202898550725,93.75,52.94117647058823,46.3768115942029,87.5,344.2887600869759,255.73168172693892
3,0.2785388231277466,7.5,7.142857142857143,89.0909090909091,55.69620253164557,48.80952380952381,81.81818181818181,202.6454505365229,-65.97131265210028
