,Test_accuracy,correct_buys,correct_sells,correct_holds,correct_low_buys,correct_high_sells,correct_mid_holds,Profit gained,buy_n_hold profit
0,0.26923078298568726,9.67741935483871,6.930693069306931,95.55555555555556,51.61290322580645,51.48514851485149,90.9090909090909,30.431698881900733,678.7940878989605
1,0.18269230425357819,8.19672131147541,5.128205128205129,90.0,57.377049180327866,50.86206896551724,86.66666666666667,307.11817409419086,468.5733088396159
2,0.2602739632129669,5.47945205479452,10.1010101010101,91.48936170212765,54.166666666666664,49.494949494949495,82.97872340425532,25.718938592579576,255.73168172693892
3,0.24657534062862396,8.108108108108109,8.653846153846153,95.1219512195122,57.534246575342465,50.96153846153846,87.8048780487805,-62.06657946069426,-65.97131265210028
