,Test_accuracy,correct_buys,correct_sells,correct_holds,correct_low_buys,correct_high_sells,correct_mid_holds,Profit gained,buy_n_hold profit
0,0.30288460850715637,13.461538461538462,6.796116504854369,92.45283018867924,57.69230769230769,50.48543689320388,78.84615384615384,108.80311541534422,678.7940878989605
1,0.20192307233810425,6.944444444444445,4.081632653061225,86.84210526315789,57.74647887323944,56.12244897959184,84.21052631578948,79.22514384006817,468.5733088396159
2,0.26940637826919556,4.444444444444445,10.38961038961039,90.38461538461539,52.80898876404494,48.05194805194805,88.46153846153847,397.72220782778476,255.73168172693892
3,0.2557077705860138,8.791208791208792,8.333333333333334,93.18181818181819,55.55555555555556,55.95238095238095,79.54545454545455,193.4705057449379,-65.97131265210028
