,Test_accuracy,correct_buys,correct_sells,correct_holds,correct_low_buys,correct_high_sells,correct_mid_holds,Profit gained,buy_n_hold profit
0,0.20000000298023224,5.504587155963303,8.108108108108109,96.875,42.20183486238532,58.9041095890411,87.5,-88.0707564099429,-78.23835547143774
1,0.24651162326335907,6.0606060606060606,11.428571428571429,84.78260869565217,56.56565656565657,66.66666666666667,82.6086956521739,-38.95525195582977,-24.562919643857924
2,0.17370891571044922,7.6923076923076925,7.142857142857143,92.0,45.19230769230769,50.602409638554214,80.0,-71.52719773232133,-84.28988749503957
3,0.21461187303066254,8.333333333333334,10.0,90.9090909090909,50.0,53.333333333333336,81.25,147.6994032512367,-31.90034799175503
4,0.232876718044281,9.195402298850574,8.602150537634408,89.74358974358974,55.81395348837209,52.68817204301075,79.48717948717949,-45.449694360871995,-32.50977018523099
