,Test_accuracy,correct_buys,correct_sells,correct_holds,correct_low_buys,correct_high_sells,correct_mid_holds,Profit gained,buy_n_hold profit
0,0.20192307233810425,12.307692307692308,6.896551724137931,96.29629629629629,55.38461538461539,49.56521739130435,85.18518518518519,207.75408152054823,678.7940878989605
1,0.19230769574642181,7.6923076923076925,6.25,90.3225806451613,60.0,54.054054054054056,90.3225806451613,95.89513288531978,468.5733088396159
2,0.23744292557239532,5.063291139240507,10.204081632653061,90.47619047619048,51.282051282051285,47.95918367346939,78.57142857142857,177.61152367026995,255.73168172693892
3,0.24657534062862396,11.25,7.0,97.43589743589743,56.962025316455694,46.0,89.74358974358974,-75.71266699707819,-65.97131265210028
