,Test_accuracy,correct_buys,correct_sells,correct_holds,correct_low_buys,correct_high_sells,correct_mid_holds,Profit gained,buy_n_hold profit
0,0.6347032189369202,9.090909090909092,12.121212121212121,92.25352112676056,40.90909090909091,45.45454545454545,82.97872340425532,-93.82277021265332,-51.27594162120651
1,0.6301369667053223,8.108108108108109,12.820512820512821,90.9090909090909,47.22222222222222,58.97435897435897,85.31468531468532,21.98733808352189,-44.844083323709235
2,0.5525113940238953,11.11111111111111,9.090909090909092,91.73553719008264,55.55555555555556,56.81818181818182,82.5,421.6422346262148,-63.196503478800416
