,Test_accuracy,correct_buys,correct_sells,correct_holds,correct_low_buys,correct_high_sells,correct_mid_holds,Profit gained,buy_n_hold profit
0,0.18721461296081543,4.972375690607735,33.333333333333336,93.75,39.44444444444444,66.66666666666667,87.5,47.082563356413544,-51.27594162120651
1,0.21917808055877686,5.063291139240507,5.555555555555555,90.69767441860465,46.496815286624205,38.888888888888886,83.72093023255815,-63.36253224087116,-44.844083323709235
2,0.21461187303066254,3.7037037037037037,7.142857142857143,93.02325581395348,43.82716049382716,57.142857142857146,83.33333333333333,-42.66242489671217,-63.196503478800416
