,Test_accuracy,correct_buys,correct_sells,correct_holds,correct_low_buys,correct_high_sells,correct_mid_holds,Profit gained,buy_n_hold profit
0,0.07305935770273209,6.015037593984962,9.30232558139535,0.0,44.696969696969695,50.0,0.0,1053.1720574032029,-51.27594162120651
1,0.06392694264650345,5.932203389830509,6.930693069306931,0.0,48.717948717948715,47.524752475247524,0.0,23.889899603750976,-44.844083323709235
2,0.077625572681427,6.504065040650406,9.375,0.0,45.90163934426229,47.916666666666664,0.0,890.9747296891865,-63.196503478800416
