,Test_accuracy,correct_buys,correct_sells,correct_holds,correct_low_buys,correct_high_sells,correct_mid_holds,Profit gained,buy_n_hold profit
0,0.077625572681427,6.428571428571429,10.126582278481013,0.0,45.32374100719424,50.63291139240506,0.0,1209.3996525578636,-51.27594162120651
1,0.07305935770273209,7.258064516129032,7.368421052631579,0.0,47.96747967479675,48.421052631578945,0.0,12.453820767508418,-44.844083323709235
2,0.077625572681427,5.925925925925926,10.714285714285714,0.0,49.25373134328358,55.95238095238095,0.0,2837.3226123254494,-63.196503478800416
