,Test_accuracy,correct_buys,correct_sells,correct_holds,correct_low_buys,correct_high_sells,correct_mid_holds,Profit gained,buy_n_hold profit
0,0.7579908967018127,5.0,5.882352941176471,90.10989010989012,40.0,64.70588235294117,83.97790055248619,-80.8870920909672,-51.27594162120651
1,0.7853881120681763,5.555555555555555,9.090909090909092,89.47368421052632,41.1764705882353,54.54545454545455,84.73684210526316,-34.3874497474432,-44.844083323709235
2,0.7625570893287659,5.2631578947368425,5.882352941176471,90.1639344262295,33.333333333333336,58.8235294117647,82.51366120218579,-65.34952735333736,-63.196503478800416
