,Test_accuracy,correct_buys,correct_sells,correct_holds,correct_low_buys,correct_high_sells,correct_mid_holds,Profit gained,buy_n_hold profit
0,0.8082191944122314,6.25,21.428571428571427,91.53439153439153,31.25,64.28571428571429,84.04255319148936,-77.56804567186589,-51.27594162120651
1,0.7488584518432617,0.0,15.0,89.44444444444444,47.36842105263158,65.0,84.35754189944134,-9.550595517969583,-44.844083323709235
2,0.7442922592163086,15.384615384615385,9.523809523809524,91.27906976744185,61.53846153846154,47.61904761904762,82.45614035087719,-68.0701174005292,-63.196503478800416
