,Test_accuracy,correct_buys,correct_sells,correct_holds,correct_low_buys,correct_high_sells,correct_mid_holds,Profit gained,buy_n_hold profit
0,0.7716894745826721,6.25,13.043478260869565,91.66666666666667,25.0,43.47826086956522,83.79888268156425,-91.86507399847564,-51.27594162120651
1,0.7808219194412231,0.0,8.695652173913043,89.41798941798942,57.142857142857146,47.82608695652174,84.57446808510639,43.530935697556515,-44.844083323709235
2,0.7397260069847107,8.333333333333334,3.5714285714285716,89.3854748603352,50.0,53.57142857142857,80.33707865168539,635.7551846173253,-63.196503478800416
