,Test_accuracy,correct_buys,correct_sells,correct_holds,correct_low_buys,correct_high_sells,correct_mid_holds,Profit gained,buy_n_hold profit
0,0.5251141786575317,4.878048780487805,9.836065573770492,91.45299145299145,48.78048780487805,52.459016393442624,83.62068965517241,-27.3389147247929,-51.27594162120651
1,0.5159817337989807,10.256410256410257,7.936507936507937,88.88888888888889,52.63157894736842,57.142857142857146,83.76068376068376,67.80910242587132,-44.844083323709235
2,0.5159817337989807,12.195121951219512,10.144927536231885,92.66055045871559,65.0,62.31884057971015,84.40366972477064,3450.6925388698883,-63.196503478800416
