,Test_accuracy,correct_buys,correct_sells,correct_holds,correct_low_buys,correct_high_sells,correct_mid_holds,Profit gained,buy_n_hold profit
0,0.05936073139309883,5.617977528089888,7.317073170731708,0.0,42.3728813559322,56.09756097560975,0.0,72.20098130331826,-51.27594162120651
1,0.05936073139309883,5.617977528089888,5.0,100.0,47.45762711864407,57.5,100.0,0.8479054316074723,-44.844083323709235
2,0.05936073139309883,5.142857142857143,9.090909090909092,0.0,43.10344827586207,52.27272727272727,0.0,-63.69309858975322,-63.196503478800416
