,Test_accuracy,correct_buys,correct_sells,correct_holds,correct_low_buys,correct_high_sells,correct_mid_holds,Profit gained,buy_n_hold profit
0,0.6757990717887878,8.0,8.108108108108109,91.0828025477707,36.0,40.54054054054054,82.6923076923077,-75.26745250027899,-51.27594162120651
1,0.6712328791618347,12.5,8.51063829787234,90.38461538461539,56.25,51.06382978723404,84.51612903225806,-63.49316337250976,-44.844083323709235
2,0.6347032189369202,7.6923076923076925,6.976744186046512,89.33333333333333,57.69230769230769,55.81395348837209,80.53691275167785,413.8471215540766,-63.196503478800416
