,Test_accuracy,correct_buys,correct_sells,correct_holds,correct_low_buys,correct_high_sells,correct_mid_holds,Profit gained,buy_n_hold profit
0,0.7031963467597961,8.695652173913043,11.764705882352942,91.35802469135803,39.130434782608695,44.11764705882353,83.85093167701864,-31.358184595041976,-51.27594162120651
1,0.698630154132843,9.090909090909092,11.11111111111111,91.30434782608695,50.0,58.333333333333336,85.0,32.27689614865017,-44.844083323709235
2,0.6849315166473389,7.6923076923076925,6.451612903225806,90.12345679012346,56.0,58.064516129032256,80.24691358024691,-50.262773325722264,-63.196503478800416
