,Test_accuracy,correct_buys,correct_sells,correct_holds,correct_low_buys,correct_high_sells,correct_mid_holds,Profit gained,buy_n_hold profit
0,0.4063926935195923,6.382978723404255,7.228915662650603,89.88764044943821,48.93617021276596,48.19277108433735,80.68181818181819,-47.577719076083326,-51.27594162120651
1,0.42465752363204956,9.090909090909092,8.433734939759036,89.1304347826087,53.48837209302326,54.21686746987952,83.69565217391305,197.7216311141994,-44.844083323709235
2,0.4155251085758209,10.0,10.112359550561798,96.25,57.142857142857146,57.30337078651685,87.5,2641.7955647263843,-63.196503478800416
