,Test_accuracy,correct_buys,correct_sells,correct_holds,correct_low_buys,correct_high_sells,correct_mid_holds,Profit gained,buy_n_hold profit
0,0.7123287916183472,4.545454545454546,10.344827586206897,90.47619047619048,45.45454545454545,44.827586206896555,82.03592814371258,-53.5940684322931,-51.27594162120651
1,0.7260273694992065,18.181818181818183,12.5,91.51515151515152,57.142857142857146,56.25,86.66666666666667,10062.23739404901,-44.844083323709235
2,0.7077625393867493,16.129032258064516,15.151515151515152,93.54838709677419,53.333333333333336,63.63636363636363,84.51612903225806,701.8059115657816,-63.196503478800416
