,Test_accuracy,correct_buys,correct_sells,correct_holds,correct_low_buys,correct_high_sells,correct_mid_holds,Profit gained,buy_n_hold profit
0,0.7625570893287659,5.2631578947368425,10.526315789473685,90.60773480662984,47.36842105263158,52.63157894736842,82.77777777777777,-46.78096351063828,-51.27594162120651
1,0.7808219194412231,7.142857142857143,11.11111111111111,89.83957219251337,57.142857142857146,50.0,84.94623655913979,105.28354412773511,-44.844083323709235
2,0.7716894745826721,19.047619047619047,9.523809523809524,92.090395480226,70.0,61.904761904761905,83.61581920903954,14093.647579387722,-63.196503478800416
