,Test_accuracy,correct_buys,correct_sells,correct_holds,correct_low_buys,correct_high_sells,correct_mid_holds,Profit gained,buy_n_hold profit
0,0.4611872136592865,8.333333333333334,10.416666666666666,90.9090909090909,46.478873239436616,47.916666666666664,81.81818181818181,-40.30158038581672,-51.27594162120651
1,0.47031962871551514,12.162162162162161,10.204081632653061,92.70833333333333,50.68493150684932,63.265306122448976,86.45833333333333,104.66278601114148,-44.844083323709235
2,0.47488585114479065,10.0,13.636363636363637,94.73684210526316,51.89873417721519,61.36363636363637,85.26315789473684,716.6013450812843,-63.196503478800416
