,Test_accuracy,correct_buys,correct_sells,correct_holds,correct_low_buys,correct_high_sells,correct_mid_holds,Profit gained,buy_n_hold profit
0,0.7534246444702148,0.0,11.11111111111111,90.50279329608938,46.15384615384615,62.96296296296296,84.26966292134831,176.98119026644451,-51.27594162120651
1,0.7534246444702148,0.0,5.0,88.64864864864865,50.0,65.0,83.69565217391305,-60.414091283125245,-44.844083323709235
2,0.7260273694992065,12.5,6.451612903225806,90.11627906976744,62.5,54.83870967741935,81.28654970760233,-76.71602224043447,-63.196503478800416
