,Test_accuracy,correct_buys,correct_sells,correct_holds,correct_low_buys,correct_high_sells,correct_mid_holds,Profit gained,buy_n_hold profit
0,0.42009133100509644,9.63855421686747,11.320754716981131,93.97590361445783,46.34146341463415,50.943396226415096,86.74698795180723,-48.89866968529013,-51.27594162120651
1,0.34246575832366943,9.195402298850574,7.575757575757576,93.93939393939394,41.86046511627907,59.09090909090909,89.39393939393939,-28.787999175146766,-44.844083323709235
2,0.36986300349235535,7.317073170731708,6.896551724137931,89.87341772151899,48.148148148148145,60.3448275862069,78.48101265822785,48.96013381369187,-63.196503478800416
