,Test_accuracy,correct_buys,correct_sells,correct_holds,correct_low_buys,correct_high_sells,correct_mid_holds,Profit gained,buy_n_hold profit
0,0.6712328791618347,6.896551724137931,9.090909090909092,90.44585987261146,48.275862068965516,42.42424242424242,81.41025641025641,-91.75101059460167,-51.27594162120651
1,0.6757990717887878,17.24137931034483,12.5,92.0,53.57142857142857,52.5,88.0,3625.278998753355,-44.844083323709235
2,0.6484017968177795,13.88888888888889,13.953488372093023,93.57142857142857,54.285714285714285,62.7906976744186,84.28571428571429,6186.828579309357,-63.196503478800416
