,Test_accuracy,correct_buys,correct_sells,correct_holds,correct_low_buys,correct_high_sells,correct_mid_holds,Profit gained,buy_n_hold profit
0,0.36986300349235535,6.779661016949152,7.407407407407407,89.87341772151899,37.28813559322034,49.382716049382715,85.8974358974359,-78.17358379369001,-51.27594162120651
1,0.388127863407135,9.25925925925926,9.195402298850574,92.3076923076923,48.148148148148145,51.724137931034484,85.71428571428571,120.96773997762284,-44.844083323709235
2,0.31963470578193665,10.38961038961039,3.896103896103896,90.76923076923077,53.246753246753244,49.35064935064935,81.25,435.9935905892728,-63.196503478800416
