,Test_accuracy,correct_buys,correct_sells,correct_holds,correct_low_buys,correct_high_sells,correct_mid_holds,Profit gained,buy_n_hold profit
0,0.7488584518432617,10.0,8.695652173913043,90.9090909090909,40.0,39.130434782608695,83.42857142857143,-89.49735235476541,-51.27594162120651
1,0.7397260069847107,0.0,9.375,89.32584269662921,66.66666666666667,50.0,84.18079096045197,-45.87711648120049,-44.844083323709235
2,0.6712328791618347,4.761904761904762,7.894736842105263,89.375,52.38095238095238,52.63157894736842,79.87421383647799,327.6745830988068,-63.196503478800416
