,Test_accuracy,correct_buys,correct_sells,correct_holds,correct_low_buys,correct_high_sells,correct_mid_holds,Profit gained,buy_n_hold profit
0,0.698630154132843,9.375,11.538461538461538,91.30434782608695,40.625,46.15384615384615,82.5,-82.73724957087708,-51.27594162120651
1,0.7031963467597961,10.344827586206897,16.129032258064516,91.82389937106919,51.724137931034484,58.064516129032256,86.07594936708861,-42.72649517517295,-44.844083323709235
2,0.6484017968177795,12.820512820512821,6.25,91.21621621621621,56.41025641025641,50.0,82.99319727891157,-81.54687031644568,-63.196503478800416
