,Test_accuracy,correct_buys,correct_sells,correct_holds,correct_low_buys,correct_high_sells,correct_mid_holds,Profit gained,buy_n_hold profit
0,0.14155250787734985,6.7669172932330826,10.0,93.75,45.45454545454545,51.42857142857143,81.25,101.33741088474832,-51.27594162120651
1,0.23744292557239532,8.108108108108109,11.428571428571429,92.10526315789474,49.09090909090909,57.142857142857146,86.84210526315789,110.98179965572803,-44.844083323709235
2,0.17351597547531128,5.785123966942149,9.58904109589041,96.0,47.5,47.945205479452056,92.0,113.40734279834254,-63.196503478800416
