,Test_accuracy,correct_buys,correct_sells,correct_holds,correct_low_buys,correct_high_sells,correct_mid_holds,Profit gained,buy_n_hold profit
0,0.21917808055877686,6.956521739130435,8.955223880597014,91.89189189189189,44.73684210526316,53.73134328358209,83.78378378378379,8.60119653897955,-51.27594162120651
1,0.2009132355451584,7.339449541284404,8.75,96.66666666666667,43.51851851851852,55.0,90.0,13.32065041599266,-44.844083323709235
2,0.21461187303066254,6.086956521739131,10.447761194029852,89.1891891891892,48.24561403508772,59.701492537313435,75.67567567567568,1412.8206272744035,-63.196503478800416
