,Test_accuracy,correct_buys,correct_sells,correct_holds,correct_low_buys,correct_high_sells,correct_mid_holds,Profit gained,buy_n_hold profit
0,0.7579908967018127,5.2631578947368425,10.0,90.55555555555556,47.36842105263158,50.0,82.68156424581005,-8.283683209063554,-51.27594162120651
1,0.7625570893287659,11.11111111111111,13.636363636363637,90.50279329608938,58.8235294117647,54.54545454545455,85.47486033519553,31.378227027354118,-44.844083323709235
2,0.7397260069847107,14.814814814814815,17.857142857142858,93.29268292682927,65.38461538461539,60.714285714285715,85.36585365853658,1326.374856789282,-63.196503478800416
