,Test_accuracy,correct_buys,correct_sells,correct_holds,correct_low_buys,correct_high_sells,correct_mid_holds,Profit gained,buy_n_hold profit
0,0.09132420271635056,6.5359477124183005,11.11111111111111,100.0,46.71052631578947,58.73015873015873,100.0,101.79989375052045,-51.27594162120651
1,0.1004566177725792,6.993006993006993,9.859154929577464,100.0,49.29577464788732,59.15492957746479,100.0,41.806310136140524,-44.844083323709235
2,0.11415524780750275,4.861111111111111,11.11111111111111,91.66666666666667,45.45454545454545,50.79365079365079,75.0,500.3975491905494,-63.196503478800416
