,Test_accuracy,correct_buys,correct_sells,correct_holds,correct_low_buys,correct_high_sells,correct_mid_holds,Profit gained,buy_n_hold profit
0,0.30136987566947937,3.8461538461538463,13.20754716981132,88.70967741935483,41.74757281553398,56.60377358490566,80.64516129032258,159.21560190007887,-51.27594162120651
1,0.3561643958091736,5.617977528089888,13.793103448275861,90.27777777777777,48.86363636363637,55.172413793103445,86.11111111111111,28.72582324060562,-44.844083323709235
2,0.310502290725708,5.154639175257732,9.836065573770492,93.44262295081967,44.791666666666664,47.540983606557376,88.52459016393442,20.00373414684414,-63.196503478800416
