,Test_accuracy,correct_buys,correct_sells,correct_holds,correct_low_buys,correct_high_sells,correct_mid_holds,Profit gained,buy_n_hold profit
0,0.621004581451416,11.363636363636363,10.81081081081081,92.02898550724638,45.45454545454545,48.648648648648646,83.94160583941606,-22.626050029231862,-51.27594162120651
1,0.6073059439659119,5.0,10.0,91.36690647482014,40.0,57.5,84.78260869565217,88.43154100037302,-44.844083323709235
2,0.5753424763679504,9.433962264150944,10.256410256410257,92.1259842519685,53.84615384615385,58.97435897435897,81.10236220472441,-11.481101449054961,-63.196503478800416
