,Test_accuracy,correct_buys,correct_sells,correct_holds,correct_low_buys,correct_high_sells,correct_mid_holds,Profit gained,buy_n_hold profit
0,0.5865384340286255,11.11111111111111,5.0,93.4959349593496,51.111111111111114,38.46153846153846,86.99186991869918,153.84425198865543,400.9406907154986
1,0.5,17.94871794871795,4.411764705882353,93.06930693069307,66.66666666666667,54.411764705882355,89.0,101.17128528924555,604.110752699704
2,0.5817307829856873,13.88888888888889,9.090909090909092,94.87179487179488,55.55555555555556,56.36363636363637,90.51724137931035,111.94333794266586,678.7940878989605
