,Test_accuracy,correct_buys,correct_sells,correct_holds,correct_low_buys,correct_high_sells,correct_mid_holds,Profit gained,buy_n_hold profit
0,0.5480769276618958,6.896551724137931,8.823529411764707,92.24137931034483,44.827586206896555,61.76470588235294,85.21739130434783,166.7964337808989,400.9406907154986
1,0.48076921701431274,15.789473684210526,4.166666666666667,92.85714285714286,65.78947368421052,59.15492957746479,86.73469387755102,268.9194357984332,604.110752699704
2,0.45192307233810425,10.526315789473685,6.4935064935064934,91.39784946236558,63.1578947368421,47.36842105263158,86.02150537634408,240.32699532947842,678.7940878989605
