,Test_accuracy,correct_buys,correct_sells,correct_holds,correct_low_buys,correct_high_sells,correct_mid_holds,Profit gained,buy_n_hold profit
0,0.4038461446762085,10.447761194029852,7.575757575757576,96.0,47.76119402985075,45.45454545454545,89.1891891891892,-25.40543785533974,400.9406907154986
1,0.44711539149284363,11.475409836065573,5.084745762711864,94.31818181818181,54.09836065573771,49.152542372881356,87.35632183908046,100.27492715493021,604.110752699704
2,0.3701923191547394,10.447761194029852,7.142857142857143,91.54929577464789,55.223880597014926,47.142857142857146,85.71428571428571,180.08332168398226,678.7940878989605
