,Test_accuracy,correct_buys,correct_sells,correct_holds,correct_low_buys,correct_high_sells,correct_mid_holds,Profit gained,buy_n_hold profit
0,0.16826923191547394,7.608695652173913,7.368421052631579,100.0,43.956043956043956,46.31578947368421,80.95238095238095,-34.67817983305444,400.9406907154986
1,0.17788460850715637,10.256410256410257,5.660377358490566,95.83333333333333,49.35064935064935,48.113207547169814,91.66666666666667,73.35666978923462,604.110752699704
2,0.1586538404226303,8.641975308641975,5.825242718446602,83.33333333333333,51.25,50.48543689320388,66.66666666666667,172.20193645962922,678.7940878989605
