,Test_accuracy,correct_buys,correct_sells,correct_holds,correct_low_buys,correct_high_sells,correct_mid_holds,Profit gained,buy_n_hold profit
0,0.41826921701431274,9.375,6.593406593406593,91.76470588235294,46.875,49.45054945054945,85.71428571428571,-30.271619756237044,400.9406907154986
1,0.3798076808452606,9.67741935483871,4.123711340206185,90.0,64.51612903225806,46.875,83.75,34.7598898551405,604.110752699704
2,0.42788460850715637,13.513513513513514,7.865168539325842,93.90243902439025,59.45945945945946,52.80898876404494,88.88888888888889,279.2598903202022,678.7940878989605
