,Test_accuracy,correct_buys,correct_sells,correct_holds,correct_low_buys,correct_high_sells,correct_mid_holds,Profit gained,buy_n_hold profit
0,0.5144230723381042,9.375,5.797101449275362,93.45794392523365,50.0,45.588235294117645,87.85046728971963,35.39563265255964,400.9406907154986
1,0.4326923191547394,26.08695652173913,3.061224489795918,93.10344827586206,82.6086956521739,44.329896907216494,89.65517241379311,306.9239250296794,604.110752699704
2,0.375,9.523809523809524,7.207207207207207,89.47368421052632,52.38095238095238,50.0,85.52631578947368,287.1545336316108,678.7940878989605
