,Test_accuracy,correct_buys,correct_sells,correct_holds,correct_low_buys,correct_high_sells,correct_mid_holds,Profit gained,buy_n_hold profit
0,0.3990384638309479,8.974358974358974,7.547169811320755,93.50649350649351,47.43589743589744,56.60377358490566,89.47368421052632,204.2815350048988,400.9406907154986
1,0.29326921701431274,12.698412698412698,4.3478260869565215,92.45283018867924,57.142857142857146,53.84615384615385,86.79245283018868,67.50861240419047,604.110752699704
2,0.3076923191547394,13.559322033898304,6.25,94.33962264150944,59.32203389830509,52.63157894736842,92.45283018867924,306.4065816675982,678.7940878989605
