,Test_accuracy,correct_buys,correct_sells,correct_holds,correct_low_buys,correct_high_sells,correct_mid_holds,Profit gained,buy_n_hold profit
0,0.7740384340286255,10.526315789473685,0.0,92.44186046511628,68.42105263157895,35.294117647058826,86.54970760233918,5.180364936365876,400.9406907154986
1,0.7980769276618958,13.333333333333334,11.764705882352942,92.04545454545455,66.66666666666667,64.70588235294117,87.42857142857143,421.66112078044443,604.110752699704
2,0.7788461446762085,9.090909090909092,0.0,91.42857142857143,59.09090909090909,54.54545454545455,85.63218390804597,205.07820210794665,678.7940878989605
