,Test_accuracy,correct_buys,correct_sells,correct_holds,correct_low_buys,correct_high_sells,correct_mid_holds,Profit gained,buy_n_hold profit
0,0.22596153616905212,8.860759493670885,6.451612903225806,94.44444444444444,50.63291139240506,47.82608695652174,86.11111111111111,-47.837487786185235,400.9406907154986
1,0.30288460850715637,11.764705882352942,3.5294117647058822,94.54545454545455,56.71641791044776,45.88235294117647,90.9090909090909,8.857600538585743,604.110752699704
2,0.25,10.294117647058824,7.142857142857143,90.47619047619048,50.0,51.54639175257732,83.33333333333333,99.34055760595109,678.7940878989605
