,Test_accuracy,correct_buys,correct_sells,correct_holds,correct_low_buys,correct_high_sells,correct_mid_holds,Profit gained,buy_n_hold profit
0,0.11538461595773697,6.8493150684931505,6.6115702479338845,78.57142857142857,46.57534246575342,45.833333333333336,71.42857142857143,-60.74341913478176,400.9406907154986
1,0.11538461595773697,10.169491525423728,4.444444444444445,85.71428571428571,52.54237288135593,46.26865671641791,78.57142857142857,49.01878434030007,604.110752699704
2,0.13461539149284363,9.67741935483871,5.46875,83.33333333333333,50.0,50.39370078740158,72.22222222222223,304.090148276117,678.7940878989605
