,Test_accuracy,correct_buys,correct_sells,correct_holds,correct_low_buys,correct_high_sells,correct_mid_holds,Profit gained,buy_n_hold profit
0,0.754807710647583,6.666666666666667,0.0,91.2280701754386,53.333333333333336,45.45454545454545,84.70588235294117,-26.258092427858713,400.9406907154986
1,0.7884615659713745,22.22222222222222,8.0,91.95402298850574,77.77777777777777,36.0,86.1271676300578,1017.1977220381144,604.110752699704
2,0.7884615659713745,0.0,13.636363636363637,90.96045197740114,66.66666666666667,45.45454545454545,84.6590909090909,16.262884296522316,678.7940878989605
