,Test_accuracy,correct_buys,correct_sells,correct_holds,correct_low_buys,correct_high_sells,correct_mid_holds,Profit gained,buy_n_hold profit
0,0.057692307978868484,4.733727810650888,10.256410256410257,0.0,40.23668639053255,52.63157894736842,0.0,190.8641567133161,400.9406907154986
1,0.057692307978868484,5.524861878453039,7.407407407407407,0.0,40.0,44.44444444444444,0.0,237.84424933164198,604.110752699704
2,0.04326923191547394,4.864864864864865,0.0,0.0,39.67391304347826,43.47826086956522,0.0,662.8925473535713,678.7940878989605
