,Test_accuracy,correct_buys,correct_sells,correct_holds,correct_low_buys,correct_high_sells,correct_mid_holds,Profit gained,buy_n_hold profit
0,0.5817307829856873,10.606060606060606,16.129032258064516,98.1981981981982,48.484848484848484,45.16129032258065,92.72727272727273,-11.60108458989454,400.9406907154986
1,0.5961538553237915,13.114754098360656,0.0,93.54838709677419,54.09836065573771,34.78260869565217,88.6178861788618,131.11553157374001,604.110752699704
2,0.5096153616905212,6.153846153846154,6.451612903225806,89.28571428571429,49.23076923076923,48.38709677419355,83.78378378378379,234.9250915902145,678.7940878989605
