,Test_accuracy,correct_buys,correct_sells,correct_holds,correct_low_buys,correct_high_sells,correct_mid_holds,Profit gained,buy_n_hold profit
0,0.6490384340286255,11.428571428571429,5.714285714285714,93.47826086956522,51.42857142857143,47.05882352941177,86.95652173913044,111.76276420497331,400.9406907154986
1,0.6105769276618958,14.705882352941176,4.545454545454546,92.3076923076923,64.70588235294117,47.72727272727273,88.37209302325581,271.82189584518505,604.110752699704
2,0.6346153616905212,12.5,8.571428571428571,93.23308270676692,55.0,68.57142857142857,89.39393939393939,257.33336607130633,678.7940878989605
