,Test_accuracy,correct_buys,correct_sells,correct_holds,correct_low_buys,correct_high_sells,correct_mid_holds,Profit gained,buy_n_hold profit
0,0.7307692170143127,4.166666666666667,9.090909090909092,91.9753086419753,54.166666666666664,45.45454545454545,86.95652173913044,5.647693497347063,400.9406907154986
1,0.6971153616905212,20.0,4.3478260869565215,90.44585987261146,100.0,47.82608695652174,85.25641025641026,48.86459290934425,604.110752699704
2,0.6442307829856873,7.6923076923076925,7.547169811320755,90.84507042253522,76.92307692307692,47.16981132075472,85.81560283687944,1310.1748347400624,678.7940878989605
