,Test_accuracy,correct_buys,correct_sells,correct_holds,correct_low_buys,correct_high_sells,correct_mid_holds,Profit gained,buy_n_hold profit
0,0.07211538404226303,7.6923076923076925,6.730769230769231,0.0,46.15384615384615,46.601941747572816,0.0,19.262667795097983,400.9406907154986
1,0.0625,10.344827586206897,3.3057851239669422,0.0,44.827586206896555,45.833333333333336,0.0,88.94176521115102,604.110752699704
2,0.07692307978868484,8.602150537634408,6.956521739130435,0.0,44.086021505376344,50.0,0.0,260.57230909331906,678.7940878989605
