,Test_accuracy,correct_buys,correct_sells,correct_holds,correct_low_buys,correct_high_sells,correct_mid_holds,Profit gained,buy_n_hold profit
0,0.6538461446762085,5.2631578947368425,4.166666666666667,91.0958904109589,47.36842105263158,58.333333333333336,85.51724137931035,82.60668520108808,400.9406907154986
1,0.5817307829856873,14.285714285714286,5.172413793103448,93.44262295081967,64.28571428571429,56.14035087719298,89.34426229508196,207.3209897546063,604.110752699704
2,0.6105769276618958,19.047619047619047,6.779661016949152,92.96875,76.19047619047619,46.55172413793103,88.28125,33.16327519037438,678.7940878989605
