,Test_accuracy,correct_buys,correct_sells,correct_holds,correct_low_buys,correct_high_sells,correct_mid_holds,Profit gained,buy_n_hold profit
0,0.17788460850715637,6.015037593984962,9.803921568627452,100.0,43.609022556390975,54.0,87.5,63.782468699511895,400.9406907154986
1,0.19230769574642181,7.299270072992701,4.878048780487805,93.33333333333333,40.44117647058823,43.90243902439025,86.66666666666667,295.0858723299798,604.110752699704
2,0.19230769574642181,6.521739130434782,5.2631578947368425,90.625,40.14598540145985,47.36842105263158,87.5,819.1046479815448,678.7940878989605
