,Test_accuracy,correct_buys,correct_sells,correct_holds,correct_low_buys,correct_high_sells,correct_mid_holds,Profit gained,buy_n_hold profit
0,0.7403846383094788,7.407407407407407,5.882352941176471,92.07317073170732,48.148148148148145,64.70588235294117,86.50306748466258,88.15770555837284,400.9406907154986
1,0.6682692170143127,18.75,4.25531914893617,92.41379310344827,56.25,54.34782608695652,87.58620689655173,1033.308783670563,604.110752699704
2,0.7019230723381042,11.11111111111111,6.666666666666667,92.20779220779221,77.77777777777777,51.111111111111114,87.58169934640523,1060.0006337612094,678.7940878989605
