,Test_accuracy,correct_buys,correct_sells,correct_holds,correct_low_buys,correct_high_sells,correct_mid_holds,Profit gained,buy_n_hold profit
0,0.7596153616905212,6.666666666666667,0.0,91.27906976744185,46.666666666666664,42.857142857142854,84.7953216374269,-26.258092427858713,400.9406907154986
1,0.7644230723381042,7.142857142857143,4.761904761904762,90.7514450867052,78.57142857142857,33.333333333333336,84.88372093023256,392.48519441991147,604.110752699704
2,0.8028846383094788,0.0,15.0,91.11111111111111,75.0,40.0,84.91620111731844,16.262884296522316,678.7940878989605
