,Test_accuracy,correct_buys,correct_sells,correct_holds,correct_low_buys,correct_high_sells,correct_mid_holds,Profit gained,buy_n_hold profit
0,0.35576921701431274,8.928571428571429,3.7974683544303796,90.41095890410959,48.214285714285715,44.87179487179487,87.67123287671232,31.755052843690233,400.9406907154986
1,0.3413461446762085,15.0,4.9504950495049505,89.55223880597015,65.0,54.0,82.08955223880596,144.11403751578052,604.110752699704
2,0.3798076808452606,12.5,6.382978723404255,91.89189189189189,57.5,52.68817204301075,87.83783783783784,122.62962756868592,678.7940878989605
