,Test_accuracy,correct_buys,correct_sells,correct_holds,correct_low_buys,correct_high_sells,correct_mid_holds,Profit gained,buy_n_hold profit
0,0.4951923191547394,7.462686567164179,11.904761904761905,93.93939393939394,49.25373134328358,66.66666666666667,89.79591836734694,131.7377220964356,400.9406907154986
1,0.38461539149284363,13.72549019607843,4.878048780487805,92.0,60.78431372549019,59.25925925925926,85.33333333333333,139.83155184787566,604.110752699704
2,0.4086538553237915,12.5,8.333333333333334,94.73684210526316,64.58333333333333,51.80722891566265,88.15789473684211,318.28099999123333,678.7940878989605
