,Test_accuracy,correct_buys,correct_sells,correct_holds,correct_low_buys,correct_high_sells,correct_mid_holds,Profit gained,buy_n_hold profit
0,0.3413461446762085,8.19672131147541,5.063291139240507,91.17647058823529,46.666666666666664,45.56962025316456,79.41176470588235,-44.163894590593365,400.9406907154986
1,0.33173078298568726,11.320754716981131,5.376344086021505,93.54838709677419,52.83018867924528,47.82608695652174,90.3225806451613,28.599681735145822,604.110752699704
2,0.32692307233810425,10.416666666666666,7.142857142857143,90.3225806451613,60.416666666666664,48.97959183673469,81.9672131147541,229.96388387568433,678.7940878989605
