,Test_accuracy,correct_buys,correct_sells,correct_holds,correct_low_buys,correct_high_sells,correct_mid_holds,Profit gained,buy_n_hold profit
0,0.7019230723381042,8.333333333333334,3.4482758620689653,92.25806451612904,50.0,35.714285714285715,86.45161290322581,-3.2202712466839074,400.9406907154986
1,0.6971153616905212,15.0,5.714285714285714,91.50326797385621,70.0,48.57142857142857,88.15789473684211,407.8142370757238,604.110752699704
2,0.692307710647583,12.903225806451612,7.142857142857143,92.61744966442953,54.83870967741935,64.28571428571429,88.51351351351352,265.85789412259294,678.7940878989605
