,Test_accuracy,correct_buys,correct_sells,correct_holds,correct_low_buys,correct_high_sells,correct_mid_holds,Profit gained,buy_n_hold profit
0,0.5336538553237915,6.25,5.084745762711864,90.5982905982906,54.83870967741935,49.152542372881356,83.76068376068376,50.216887589377116,400.9406907154986
1,0.5528846383094788,11.11111111111111,6.451612903225806,90.75630252100841,55.55555555555556,44.26229508196721,87.39495798319328,272.20100903143293,604.110752699704
2,0.49038460850715637,7.142857142857143,5.555555555555555,88.88888888888889,57.142857142857146,51.388888888888886,83.17757009345794,146.27210336741265,678.7940878989605
