,Test_accuracy,correct_buys,correct_sells,correct_holds,correct_low_buys,correct_high_sells,correct_mid_holds,Profit gained,buy_n_hold profit
0,0.49038460850715637,12.280701754385966,8.620689655172415,96.7741935483871,52.63157894736842,46.55172413793103,92.3913043478261,-38.10465724050042,400.9406907154986
1,0.5432692170143127,14.285714285714286,2.2222222222222223,92.10526315789474,55.10204081632653,42.22222222222222,86.72566371681415,32.207328705850784,604.110752699704
2,0.5096153616905212,8.51063829787234,7.547169811320755,90.74074074074075,53.191489361702125,45.283018867924525,85.04672897196262,119.91524772278241,678.7940878989605
