,Test_accuracy,correct_buys,correct_sells,correct_holds,correct_low_buys,correct_high_sells,correct_mid_holds,Profit gained,buy_n_hold profit
0,0.3365384638309479,12.0,5.2631578947368425,93.65079365079364,52.0,50.0,88.88888888888889,-74.59972134874462,400.9406907154986
1,0.3990384638309479,16.666666666666668,4.49438202247191,93.50649350649351,57.142857142857146,49.438202247191015,86.84210526315789,3.7409972641775084,604.110752699704
2,0.32211539149284363,10.416666666666666,7.766990291262136,94.73684210526316,56.25,49.01960784313726,85.96491228070175,89.64896082561071,678.7940878989605
