,Test_accuracy,correct_buys,correct_sells,correct_holds,correct_low_buys,correct_high_sells,correct_mid_holds,Profit gained,buy_n_hold profit
0,0.3461538553237915,8.333333333333334,7.042253521126761,93.84615384615384,47.22222222222222,49.29577464788732,90.625,-11.551531989511432,400.9406907154986
1,0.30288460850715637,8.19672131147541,3.5294117647058822,88.70967741935483,45.90163934426229,44.04761904761905,83.87096774193549,58.103878685284336,604.110752699704
2,0.26923078298568726,11.666666666666666,5.9405940594059405,91.48936170212765,46.666666666666664,47.524752475247524,86.95652173913044,2570.8997074897934,678.7940878989605
