,Test_accuracy,correct_buys,correct_sells,correct_holds,correct_low_buys,correct_high_sells,correct_mid_holds,Profit gained,buy_n_hold profit
0,0.745192289352417,9.090909090909092,0.0,92.16867469879519,54.54545454545455,30.0,86.06060606060606,35.07824479260208,400.9406907154986
1,0.75,12.5,7.6923076923076925,91.56626506024097,68.75,61.53846153846154,88.48484848484848,664.1071458696964,604.110752699704
2,0.7307692170143127,13.793103448275861,9.090909090909092,92.99363057324841,55.172413793103445,63.63636363636363,87.82051282051282,366.5375458303876,678.7940878989605
