,Test_accuracy,correct_buys,correct_sells,correct_holds,correct_low_buys,correct_high_sells,correct_mid_holds,Profit gained,buy_n_hold profit
0,0.754807710647583,4.166666666666667,11.764705882352942,92.21556886227545,54.166666666666664,58.8235294117647,86.74698795180723,-3.8621052843446786,400.9406907154986
1,0.754807710647583,0.0,8.333333333333334,91.12426035502959,100.0,52.77777777777778,85.71428571428571,28.348631573418004,604.110752699704
2,0.7067307829856873,0.0,7.142857142857143,90.56603773584905,71.42857142857143,40.476190476190474,85.44303797468355,56.56993858274285,678.7940878989605
