,Test_accuracy,correct_buys,correct_sells,correct_holds,correct_low_buys,correct_high_sells,correct_mid_holds,Profit gained,buy_n_hold profit
0,0.3173076808452606,7.142857142857143,6.730769230769231,90.3225806451613,47.61904761904762,50.96153846153846,83.60655737704919,-33.838287448748986,400.9406907154986
1,0.24038460850715637,8.108108108108109,4.878048780487805,85.41666666666667,59.45945945945946,46.721311475409834,81.25,37.27737693953907,604.110752699704
2,0.3173076808452606,13.953488372093023,6.422018348623853,94.64285714285714,58.13953488372093,47.22222222222222,89.28571428571429,415.2279806143863,678.7940878989605
