,Test_accuracy,correct_buys,correct_sells,correct_holds,correct_low_buys,correct_high_sells,correct_mid_holds,Profit gained,buy_n_hold profit
0,0.5721153616905212,6.25,4.081632653061225,90.55118110236221,53.125,55.10204081632653,82.53968253968254,-32.03302111797126,400.9406907154986
1,0.5144230723381042,9.67741935483871,4.477611940298507,91.81818181818181,61.29032258064516,46.96969696969697,85.45454545454545,28.034345622891692,604.110752699704
2,0.557692289352417,11.11111111111111,7.407407407407407,91.52542372881356,58.333333333333336,61.111111111111114,85.47008547008546,411.7561889821842,678.7940878989605
