,Test_accuracy,correct_buys,correct_sells,correct_holds,correct_low_buys,correct_high_sells,correct_mid_holds,Profit gained,buy_n_hold profit
0,0.71100914478302,22.22222222222222%,0.0%,76.11940298507463%,53.333333333333336%,61.904761904761905%,82.63473053892216%,-34.149987268161844%,-24.224679637413026%
1,0.7442922592163086,12.5%,14.285714285714286%,78.92156862745098%,52.17391304347826%,45.45454545454545%,84.48275862068965%,-28.46887489548571%,-45.42230481967925%
2,0.8348624110221863,11.11111111111111%,0.0%,90.04975124378109%,64.28571428571429%,71.42857142857143%,81.12244897959184%,-29.459912360076924%,-25.439673803329487%
3,0.8310502171516418,12.5%,0.0%,88.72549019607843%,21.428571428571427%,45.45454545454545%,84.4559585492228%,-5.275126937637324%,-45.87707304016113%
