,Test_accuracy,correct_buys,correct_sells,correct_holds,correct_low_buys,correct_high_sells,correct_mid_holds,Profit gained,buy_n_hold profit
0,0.8225806355476379,12.5,11.11111111111111,93.02325581395348,58.333333333333336,44.44444444444444,84.57943925233644,-40.614820142155786,82.55793694382942
1,0.8630136847496033,17.647058823529413,40.0,93.4010152284264,43.75,60.0,86.80203045685279,528.2800599010052,255.73168172693892
2,0.8021276593208313,7.5,5.882352941176471,90.31476997578693,45.0,52.94117647058823,84.46601941747574,-35.17380808353424,-35.06524102073202
3,0.798561155796051,0.0,0.0,88.8,38.46153846153846,50.0,83.53413654618474,-97.2201716632008,-97.60414084026694
4,0.8605769276618958,21.428571428571427,20.0,92.5925925925926,42.857142857142854,40.0,86.17021276595744,14783.37972677048,678.7940878989605
5,0.800000011920929,7.142857142857143,0.0,89.73384030418251,53.57142857142857,46.15384615384615,82.47619047619048,-91.56098264852189,-91.88465798915678
6,0.8058887720108032,6.329113924050633,4.0,90.159901599016,54.43037974683544,40.0,83.49753694581281,-93.27976271154039,-96.00669321822147
