,Test_accuracy,correct_buys,correct_sells,correct_holds,correct_low_buys,correct_high_sells,correct_mid_holds,Profit gained,buy_n_hold profit
0,0.2177419364452362,9.00900900900901,4.25531914893617,93.02325581395348,48.648648648648646,50.0,83.33333333333333,-47.14813117722835,82.55793694382942
1,0.19178082048892975,5.714285714285714,8.333333333333334,96.66666666666667,50.96153846153846,46.42857142857143,90.0,256.09355199299955,255.73168172693892
2,0.20000000298023224,7.207207207207207,7.954545454545454,88.88888888888889,50.450450450450454,50.857142857142854,84.72222222222223,4102.489419224715,-35.06524102073202
3,0.20143884420394897,9.333333333333334,9.090909090909092,85.0,43.624161073825505,46.59090909090909,77.5,-95.06710194330368,-97.60414084026694
4,0.1875,7.936507936507937,5.405405405405405,82.3529411764706,53.96825396825397,50.450450450450454,78.78787878787878,342.84484619095696,678.7940878989605
5,0.1915966421365738,8.19112627986348,6.481481481481482,88.37209302325581,48.28767123287671,51.388888888888886,84.88372093023256,-80.86318182315762,-91.88465798915678
6,0.2257360965013504,7.44920993227991,8.9171974522293,91.25,49.547511312217196,51.59235668789809,85.625,-81.82491233334034,-96.00669321822147
