,Test_accuracy,correct_buys,correct_sells,correct_holds,correct_low_buys,correct_high_sells,correct_mid_holds,Profit gained,buy_n_hold profit
0,0.45967742800712585,11.538461538461538,6.25,95.28301886792453,51.282051282051285,43.75,83.80952380952381,-43.5559893315551,82.55793694382942
1,0.4383561611175537,7.894736842105263,10.526315789473685,97.67441860465117,48.0,45.6140350877193,89.53488372093024,-93.56070483268738,255.73168172693892
2,0.39361703395843506,7.878787878787879,6.6115702479338845,89.1304347826087,55.75757575757576,50.413223140495866,85.24590163934427,5718.334693521485,-35.06524102073202
3,0.3884892165660858,7.547169811320755,6.666666666666667,85.71428571428571,48.113207547169814,50.0,78.37837837837837,-95.25218898928652,-97.60414084026694
4,0.4615384638309479,10.869565217391305,6.0606060606060606,90.625,60.869565217391305,50.0,85.26315789473684,884.6981019795451,678.7940878989605
5,0.4268907606601715,8.040201005025125,5.882352941176471,88.46153846153847,50.753768844221106,51.470588235294116,80.6949806949807,-41.73297081889094,-91.88465798915678
6,0.43947654962539673,7.886435331230284,9.134615384615385,91.58163265306122,50.0,52.88461538461539,84.94897959183673,61.32891376388878,-96.00669321822147
