,Test_accuracy,correct_buys,correct_sells,correct_holds,correct_low_buys,correct_high_sells,correct_mid_holds,Profit gained,buy_n_hold profit
0,0.7459677457809448,17.073170731707318,5.2631578947368425,94.14893617021276,63.41463414634146,42.10526315789474,85.56149732620321,139.70669091576505,82.55793694382942
1,0.7716894745826721,9.375,25.0,93.14285714285714,35.483870967741936,58.333333333333336,85.71428571428571,245.72761234894642,255.73168172693892
2,0.7063829898834229,8.433734939759036,6.666666666666667,90.47619047619048,53.01204819277108,50.0,84.26966292134831,-61.014414596696376,-35.06524102073202
3,0.6762589812278748,7.142857142857143,6.25,88.83495145631068,44.642857142857146,43.75,82.4390243902439,-95.54811189773032,-97.60414084026694
4,0.7932692170143127,17.647058823529413,11.11111111111111,92.48554913294798,47.05882352941177,66.66666666666667,85.46511627906976,5165.133651081571,678.7940878989605
5,0.7327731251716614,6.666666666666667,3.8461538461538463,89.5615866388309,51.111111111111114,50.0,82.63598326359832,-66.81194793256012,-91.88465798915678
6,0.7011995911598206,6.875,6.557377049180328,90.22988505747126,52.20125786163522,47.540983606557376,84.05172413793103,-86.32610986348992,-96.00669321822147
