,Test_accuracy,correct_buys,correct_sells,correct_holds,correct_low_buys,correct_high_sells,correct_mid_holds,Profit gained,buy_n_hold profit
0,0.060483869165182114,7.194244604316546,4.587155963302752,0.0,40.28776978417266,45.370370370370374,0.0,-28.13202017450142,82.55793694382942
1,0.05936073139309883,4.6875,7.6923076923076925,0.0,49.60629921259842,45.05494505494506,0.0,40.26368225828824,255.73168172693892
2,0.07021276652812958,6.844106463878327,7.246376811594203,0.0,41.82509505703422,44.66019417475728,0.0,2106.1187248292945,-35.06524102073202
3,0.07553956657648087,7.303370786516854,8.0,0.0,40.67796610169491,43.0,0.0,-95.97876999306465,-97.60414084026694
4,0.06730769574642181,8.13953488372093,5.737704918032787,0.0,44.705882352941174,47.540983606557376,0.0,491.87517008691196,678.7940878989605
5,0.07394958287477493,7.739938080495356,6.985294117647059,0.0,46.27329192546584,45.588235294117645,0.0,0.3784307944864338,-91.88465798915678
6,0.06979279965162277,6.890130353817504,7.105263157894737,0.0,46.26865671641791,44.21052631578947,0.0,-79.35681023540928,-96.00669321822147
