,Test_accuracy,correct_buys,correct_sells,correct_holds,correct_low_buys,correct_high_sells,correct_mid_holds,Profit gained,buy_n_hold profit
0,0.16532258689403534,8.333333333333334,4.0,96.42857142857143,47.5,54.0,81.48148148148148,-11.178537161816266,82.55793694382942
1,0.12328767031431198,5.2631578947368425,7.777777777777778,93.33333333333333,51.32743362831859,45.55555555555556,86.66666666666667,299.31141960084574,255.73168172693892
2,0.14468085765838623,6.751054852320675,7.446808510638298,84.44444444444444,48.52320675105485,49.19786096256684,80.0,2302.114719366039,-35.06524102073202
3,0.1474820077419281,8.176100628930818,8.602150537634408,76.92307692307692,42.40506329113924,48.38709677419355,65.38461538461539,-96.3897524772239,-97.60414084026694
4,0.1538461595773697,10.144927536231885,4.385964912280702,80.0,50.72463768115942,48.67256637168141,76.0,386.4692029032655,678.7940878989605
5,0.15126051008701324,7.717041800643087,7.456140350877193,87.5,48.38709677419355,50.87719298245614,80.35714285714286,-84.74827695660389,-91.88465798915678
6,0.17557251453399658,7.563025210084033,9.117647058823529,93.06930693069307,49.26315789473684,51.76470588235294,88.11881188118812,-77.53916740032325,-96.00669321822147
