,Test_accuracy,correct_buys,correct_sells,correct_holds,correct_low_buys,correct_high_sells,correct_mid_holds,Profit gained,buy_n_hold profit
0,0.5645161271095276,12.162162162162161,7.5,95.5223880597015,52.7027027027027,37.5,84.9624060150376,-48.98971223349206,82.55793694382942
1,0.6027397513389587,8.823529411764707,16.666666666666668,96.06299212598425,47.76119402985075,50.0,86.61417322834646,142.81392493337367,255.73168172693892
2,0.5319148898124695,8.51063829787234,9.210526315789474,91.30434782608695,57.4468085106383,59.21052631578947,84.52380952380952,4823.841942264402,-35.06524102073202
3,0.4784172773361206,6.0606060606060606,10.526315789473685,87.23404255319149,48.484848484848484,47.36842105263158,80.71428571428571,-96.25736180147301,-97.60414084026694
4,0.5528846383094788,8.88888888888889,4.761904761904762,90.08264462809917,53.333333333333336,54.76190476190476,85.0,747.3027154526085,678.7940878989605
5,0.5411764979362488,10.0,4.166666666666667,90.09009009009009,51.05263157894737,56.94444444444444,82.83132530120481,-40.42769060696491,-91.88465798915678
6,0.5310795903205872,8.108108108108109,7.627118644067797,90.25844930417495,49.83050847457627,50.0,84.49304174950298,107.31037841984971,-96.00669321822147
