,Test_accuracy,correct_buys,correct_sells,correct_holds,correct_low_buys,correct_high_sells,correct_mid_holds,Profit gained,buy_n_hold profit
0,0.7056451439857483,17.391304347826086,7.142857142857143,94.82758620689656,60.869565217391305,46.42857142857143,86.1271676300578,132.06387336747673,82.55793694382942
1,0.7260273694992065,10.526315789473685,16.666666666666668,93.25153374233129,48.648648648648646,44.44444444444444,85.2760736196319,162.48174586518087,255.73168172693892
2,0.6340425610542297,9.0,5.660377358490566,90.22082018927445,58.0,58.490566037735846,83.86075949367088,951.0957655978199,-35.06524102073202
3,0.6187050342559814,7.6923076923076925,10.344827586206897,89.1304347826087,46.15384615384615,41.37931034482759,81.9672131147541,-93.70059674279373,-97.60414084026694
4,0.7259615659713745,15.0,6.896551724137931,91.82389937106919,50.0,55.172413793103445,84.81012658227849,493.057585950709,678.7940878989605
5,0.6672269105911255,7.826086956521739,2.2222222222222223,88.96551724137932,51.30434782608695,53.333333333333336,81.33640552995392,-24.346578321758315,-91.88465798915678
6,0.6499454975128174,8.333333333333334,4.545454545454546,90.42386185243328,52.87958115183246,47.72727272727273,83.83045525902669,-82.25718405432839,-96.00669321822147
