,Test_accuracy,correct_buys,correct_sells,correct_holds,correct_low_buys,correct_high_sells,correct_mid_holds,Profit gained,buy_n_hold profit
0,0.7903226017951965,19.35483870967742,6.25,94.02985074626865,58.064516129032256,50.0,85.5,654.355946836028,82.55793694382942
1,0.8264840245246887,13.043478260869565,28.571428571428573,93.12169312169313,45.45454545454545,57.142857142857146,86.24338624338624,231.1025533503639,255.73168172693892
2,0.7510638236999512,6.666666666666667,7.6923076923076925,90.36458333333333,53.333333333333336,50.0,84.33420365535248,20.864667071704588,-35.06524102073202
3,0.730215847492218,5.128205128205129,7.142857142857143,88.88888888888889,48.717948717948715,50.0,83.03571428571429,-96.46855948365685,-97.60414084026694
4,0.8125,18.75,7.6923076923076925,92.17877094972067,50.0,61.53846153846154,85.3932584269663,7012.1868989386485,678.7940878989605
5,0.7613445520401001,5.633802816901408,0.0,89.26441351888668,52.11267605633803,38.095238095238095,82.47011952191235,-89.43735296729676,-91.88465798915678
6,0.7579061985015869,6.422018348623853,4.3478260869565215,90.0262467191601,54.12844036697248,43.47826086956522,83.70565045992116,-86.27491809887954,-96.00669321822147
