,Test_accuracy,correct_buys,correct_sells,correct_holds,correct_low_buys,correct_high_sells,correct_mid_holds,Profit gained,buy_n_hold profit
0,0.11693548411130905,8.653846153846153,3.90625,93.75,50.0,48.818897637795274,87.5,79.14546161192573,82.55793694382942
1,0.155251145362854,6.024096385542169,7.079646017699115,91.30434782608695,51.80722891566265,44.24778761061947,90.9090909090909,107.67925766342414,255.73168172693892
2,0.1319148987531662,7.8817733990147785,6.866952789699571,88.23529411764706,53.20197044334975,51.724137931034484,79.41176470588235,21105.431062182673,-35.06524102073202
3,0.14388489723205566,9.285714285714286,8.403361344537815,89.47368421052632,45.32374100719424,47.05882352941177,84.21052631578948,-93.17361114805244,-97.60414084026694
4,0.10576923191547394,12.0,6.0,87.5,60.0,46.308724832214764,87.5,137.72928563004885,678.7940878989605
5,0.1445378214120865,8.438818565400844,6.818181818181818,90.0,51.89873417721519,48.85993485342019,78.0,49.28138795134811,-91.88465798915678
6,0.14830970764160156,7.751937984496124,7.929515418502203,92.10526315789474,48.704663212435236,47.136563876651984,78.94736842105263,-52.771826385855135,-96.00669321822147
