,Test_accuracy,correct_buys,correct_sells,correct_holds,correct_low_buys,correct_high_sells,correct_mid_holds,Profit gained,buy_n_hold profit
0,0.2661290466785431,6.25,0.0,91.93548387096774,40.97222222222222,46.34146341463415,80.64516129032258,-14.912850893091417,82.55793694382942
1,0.3378995358943939,5.3097345132743365,8.571428571428571,91.54929577464789,46.42857142857143,48.57142857142857,87.32394366197182,583.5533281501699,255.73168172693892
2,0.2978723347187042,6.923076923076923,10.112359550561798,93.38842975206612,43.07692307692308,44.943820224719104,86.66666666666667,752.9990859437969,-35.06524102073202
3,0.24820144474506378,7.428571428571429,6.521739130434782,92.98245614035088,41.37931034482759,50.0,91.2280701754386,-95.99431839376237,-97.60414084026694
4,0.45192307233810425,8.333333333333334,8.51063829787234,94.38202247191012,48.611111111111114,53.191489361702125,88.63636363636364,2105.68879590558,678.7940878989605
5,0.2857142984867096,6.962025316455696,6.4,90.9090909090909,46.03174603174603,41.6,85.71428571428571,-92.37877485257502,-91.88465798915678
6,0.29116684198379517,6.470588235294118,6.369426751592357,89.6,45.383104125736736,35.6687898089172,85.6,-59.48769791062121,-96.00669321822147
