,Test_accuracy,correct_buys,correct_sells,correct_holds,correct_low_buys,correct_high_sells,correct_mid_holds,Profit gained,buy_n_hold profit
0,0.8064516186714172,17.647058823529413,5.0,92.8909952606635,52.94117647058823,63.1578947368421,83.88625592417061,125.6178864495769,82.55793694382942
1,0.7945205569267273,0.0,11.11111111111111,91.97860962566845,50.0,44.44444444444444,85.48387096774194,226.29093805288812,255.73168172693892
2,0.8042553067207336,15.151515151515152,12.121212121212121,91.33663366336634,54.54545454545455,59.375,85.64356435643565,2143.780009279673,-35.06524102073202
3,0.7949640154838562,10.0,6.666666666666667,89.7119341563786,35.0,86.66666666666667,83.47107438016529,-91.98635526585471,-97.60414084026694
4,0.7884615659713745,15.384615384615385,5.555555555555555,90.96045197740114,61.53846153846154,47.05882352941177,84.7457627118644,253.76220439702087,678.7940878989605
5,0.7848739624023438,10.0,6.818181818181818,90.01956947162427,50.0,56.81818181818182,83.33333333333333,-93.8707160452183,-91.88465798915678
6,0.7862595319747925,7.792207792207792,12.121212121212121,91.34366925064599,49.35064935064935,65.15151515151516,84.86416558861578,-66.61062446751008,-96.00669321822147
