,Test_accuracy,correct_buys,correct_sells,correct_holds,correct_low_buys,correct_high_sells,correct_mid_holds,Profit gained,buy_n_hold profit
0,0.05645161122083664,6.410256410256411,3.2967032967032965,100.0,42.30769230769231,48.888888888888886,0.0,-6.081377083625,82.55793694382942
1,0.07305935770273209,4.761904761904762,7.777777777777778,100.0,50.4,47.77777777777778,100.0,217.87301642250037,255.73168172693892
2,0.07872340083122253,7.017543859649122,7.18232044198895,100.0,45.96491228070175,50.55555555555556,100.0,29085.441855018104,-35.06524102073202
3,0.0791366919875145,7.936507936507937,6.818181818181818,100.0,40.42553191489362,45.45454545454545,100.0,-96.926655709459,-97.60414084026694
4,0.07211538404226303,8.695652173913043,5.217391304347826,100.0,43.47826086956522,47.36842105263158,100.0,663.4045586857584,678.7940878989605
5,0.08235294371843338,7.6923076923076925,7.8838174273858925,100.0,47.142857142857146,49.79253112033195,66.66666666666667,-24.325830785983854,-91.88465798915678
6,0.08942202478647232,7.2202166064981945,8.045977011494253,93.33333333333333,45.56962025316456,47.98850574712644,86.66666666666667,-97.43043510358,-96.00669321822147
