,Test_accuracy,correct_buys,correct_sells,correct_holds,correct_low_buys,correct_high_sells,correct_mid_holds,Profit gained,buy_n_hold profit
0,0.7459677457809448,13.333333333333334,0.0,93.29896907216495,46.666666666666664,54.166666666666664,83.41968911917098,4311.081814790592,82.55793694382942
1,0.8036529421806335,5.882352941176471,8.333333333333334,91.57894736842105,41.1764705882353,58.333333333333336,85.71428571428571,96.20117063741267,255.73168172693892
2,0.7510638236999512,11.363636363636363,10.0,91.22340425531915,59.09090909090909,66.0,85.06666666666666,73.18611237593285,-35.06524102073202
3,0.7841726541519165,9.523809523809524,0.0,89.25619834710744,66.66666666666667,33.333333333333336,82.57261410788382,-77.81558895152116,-97.60414084026694
4,0.7211538553237915,13.333333333333334,8.571428571428571,91.77215189873418,46.666666666666664,55.88235294117647,86.07594936708861,72.37217119174218,678.7940878989605
5,0.7210084199905396,15.254237288135593,4.109589041095891,90.06479481641469,45.76271186440678,47.945205479452056,83.76623376623377,-93.26478300529355,-91.88465798915678
6,0.7688113451004028,11.363636363636363,4.3478260869565215,91.05263157894737,50.0,47.82608695652174,84.32147562582345,-87.81114931156678,-96.00669321822147
