,Test_accuracy,correct_buys,correct_sells,correct_holds,correct_low_buys,correct_high_sells,correct_mid_holds,Profit gained,buy_n_hold profit
0,0.6975806355476379,10.526315789473685,3.225806451612903,93.85474860335195,47.36842105263158,54.83870967741935,83.14606741573034,950.2729021500372,82.55793694382942
1,0.767123281955719,14.285714285714286,11.764705882352942,93.10344827586206,60.714285714285715,76.47058823529412,86.70520231213872,1704.6086337069307,255.73168172693892
2,0.6787233948707581,8.955223880597014,6.557377049180328,90.35087719298245,61.19402985074627,62.295081967213115,83.87096774193549,1673.043170491094,-35.06524102073202
3,0.7446042895317078,8.571428571428571,15.0,90.13452914798206,51.42857142857143,50.0,83.78378378378379,-92.93158936205032,-97.60414084026694
4,0.6875,11.764705882352942,11.11111111111111,93.15068493150685,47.05882352941177,50.0,88.35616438356165,210.3129025675329,678.7940878989605
5,0.6957983374595642,14.102564102564102,7.5,90.8466819221968,48.717948717948715,52.5,83.94495412844037,-87.9669409343354,-91.88465798915678
6,0.7262813448905945,8.695652173913043,5.813953488372093,90.92178770949721,50.43478260869565,47.674418604651166,84.75524475524476,-73.1118968256122,-96.00669321822147
