,Test_accuracy,correct_buys,correct_sells,correct_holds,correct_low_buys,correct_high_sells,correct_mid_holds,Profit gained,buy_n_hold profit
0,0.7016128897666931,11.428571428571429,3.0303030303030303,93.88888888888889,45.714285714285715,54.54545454545455,83.24022346368714,721.6204849349284,82.55793694382942
1,0.77625572681427,8.695652173913043,12.5,92.22222222222223,52.17391304347826,68.75,86.03351955307262,164.44595963175863,255.73168172693892
2,0.7106382846832275,8.928571428571429,8.771929824561404,90.75630252100841,62.5,63.1578947368421,84.26966292134831,523.1503478018878,-35.06524102073202
3,0.7589927911758423,10.714285714285714,13.043478260869565,90.30837004405286,60.714285714285715,52.17391304347826,83.6283185840708,-85.23485751913306,-97.60414084026694
4,0.7115384340286255,13.333333333333334,11.904761904761905,93.37748344370861,40.0,56.09756097560975,88.0794701986755,275.0043693151268,678.7940878989605
5,0.6907563209533691,13.698630136986301,7.0588235294117645,90.38901601830663,49.31506849315068,52.94117647058823,83.4862385321101,-90.07688291835808,-91.88465798915678
6,0.7371864914894104,9.345794392523365,5.882352941176471,91.17241379310344,50.467289719626166,50.588235294117645,84.5303867403315,-87.25197014081796,-96.00669321822147
