,Test_accuracy,correct_buys,correct_sells,correct_holds,correct_low_buys,correct_high_sells,correct_mid_holds,Profit gained,buy_n_hold profit
0,0.33870968222618103,7.291666666666667,4.225352112676056,91.35802469135803,42.708333333333336,46.478873239436616,82.5,-0.5431940457963975,82.55793694382942
1,0.42465752363204956,4.651162790697675,11.904761904761905,92.3076923076923,47.05882352941177,57.142857142857146,85.71428571428571,208.213910517465,255.73168172693892
2,0.38723403215408325,8.421052631578947,8.411214953271028,90.7514450867052,47.89473684210526,52.83018867924528,84.97109826589596,987.9279645047922,-35.06524102073202
3,0.32374101877212524,9.03225806451613,10.869565217391305,92.20779220779221,46.753246753246756,50.0,81.81818181818181,-95.9855057609873,-97.60414084026694
4,0.48557692766189575,12.121212121212121,6.756756756756757,91.08910891089108,48.484848484848484,48.648648648648646,86.0,739.5088195710205,678.7940878989605
5,0.364705890417099,8.118081180811808,9.375,93.36734693877551,47.97047970479705,49.21875,84.1025641025641,191.45045313732146,-91.88465798915678
6,0.34460195899009705,6.531531531531532,7.0588235294117645,90.75907590759076,45.598194130925506,46.470588235294116,83.4983498349835,-60.53703314484367,-96.00669321822147
