,Test_accuracy,correct_buys,correct_sells,correct_holds,correct_low_buys,correct_high_sells,correct_mid_holds,Profit gained,buy_n_hold profit
0,0.36693549156188965,10.666666666666666,2.3529411764705883,92.04545454545455,50.666666666666664,47.05882352941177,81.60919540229885,-23.64857158509659,82.55793694382942
1,0.4429223835468292,9.523809523809524,7.575757575757576,95.55555555555556,52.38095238095238,43.93939393939394,86.51685393258427,6167.487180931487,255.73168172693892
2,0.3531914949417114,8.333333333333334,5.921052631578948,88.88888888888889,52.56410256410256,52.317880794701985,82.09876543209876,15392.131490703434,-35.06524102073202
3,0.4532374143600464,10.638297872340425,11.764705882352942,93.10344827586206,47.87234042553192,60.294117647058826,89.56521739130434,-94.3457278243074,-97.60414084026694
4,0.36057692766189575,12.5,7.920792079207921,92.53731343283582,62.5,53.0,86.56716417910448,70.50553399586141,678.7940878989605
5,0.3630252182483673,7.734806629834254,5.583756345177665,88.0184331797235,51.93370165745856,52.55102040816327,79.72350230414746,21.084837493568003,-91.88465798915678
6,0.3413304388523102,6.312292358803987,7.348242811501597,89.43894389438944,46.666666666666664,49.52076677316294,80.85808580858085,-86.6812723565053,-96.00669321822147
