,Test_accuracy,correct_buys,correct_sells,correct_holds,correct_low_buys,correct_high_sells,correct_mid_holds,Profit gained,buy_n_hold profit
0,0.6653226017951965,10.256410256410257,2.7777777777777777,92.48554913294798,48.717948717948715,52.77777777777778,83.72093023255815,62.37036965722944,82.55793694382942
1,0.6529680490493774,6.0606060606060606,10.526315789473685,92.56756756756756,54.54545454545455,47.36842105263158,86.39455782312925,868.1470985901344,255.73168172693892
2,0.6127659678459167,9.278350515463918,8.450704225352112,90.39735099337749,55.670103092783506,51.42857142857143,84.43708609271523,2713.521831681765,-35.06524102073202
3,0.6510791182518005,7.6923076923076925,12.121212121212121,89.63730569948187,42.30769230769231,63.63636363636363,85.41666666666667,-93.87367277880573,-97.60414084026694
4,0.625,10.344827586206897,9.090909090909092,91.11111111111111,62.06896551724138,58.13953488372093,85.18518518518519,120.06466569841052,678.7940878989605
5,0.6352941393852234,8.256880733944953,9.30232558139535,90.25,53.211009174311926,60.0,83.0,-65.03962686429725,-91.88465798915678
6,0.6270447373390198,6.5476190476190474,9.523809523809524,91.36212624584718,47.90419161676647,58.50340136054422,84.21926910299004,-85.73453451084485,-96.00669321822147
