,Test_accuracy,correct_buys,correct_sells,correct_holds,correct_low_buys,correct_high_sells,correct_mid_holds,Profit gained,buy_n_hold profit
0,0.5282257795333862,11.11111111111111,3.5714285714285716,94.57364341085271,53.96825396825397,50.0,84.375,42.513572071482,82.55793694382942
1,0.5296803712844849,7.407407407407407,8.0,93.91304347826087,51.851851851851855,46.0,86.84210526315789,578.2689018710594,255.73168172693892
2,0.45319148898124695,7.6923076923076925,7.407407407407407,88.58447488584476,54.54545454545455,54.205607476635514,82.1917808219178,124031.98802502456,-35.06524102073202
3,0.5071942210197449,8.045977011494253,10.416666666666666,90.20979020979021,47.12643678160919,54.166666666666664,86.61971830985915,-96.07730428665536,-97.60414084026694
4,0.5288461446762085,12.820512820512821,9.67741935483871,92.5233644859813,61.53846153846154,55.73770491803279,87.85046728971963,155.4735352131696,678.7940878989605
5,0.4924369752407074,7.926829268292683,7.03125,89.43894389438944,49.390243902439025,57.48031496062992,81.84818481848185,64.30230660091138,-91.88465798915678
6,0.4841875731945038,6.614785992217898,8.962264150943396,91.07142857142857,46.875,54.24528301886792,83.70535714285714,-64.68255539088759,-96.00669321822147
