,Test_accuracy,correct_buys,correct_sells,correct_holds,correct_low_buys,correct_high_sells,correct_mid_holds,Profit gained,buy_n_hold profit
0,0.7943548560142517,14.285714285714286,0.0,92.38095238095238,47.61904761904762,64.70588235294117,83.73205741626795,64.84424700555309,82.55793694382942
1,0.8082191944122314,6.25,13.333333333333334,92.55319148936171,50.0,46.666666666666664,86.63101604278074,200.74113499495908,255.73168172693892
2,0.785106360912323,14.583333333333334,12.903225806451612,91.56010230179028,62.5,63.333333333333336,86.18925831202046,3547.4395800660845,-35.06524102073202
3,0.7661870718002319,7.142857142857143,6.666666666666667,89.36170212765957,35.714285714285715,80.0,83.76068376068376,-93.30260052402089,-97.60414084026694
4,0.7932692170143127,14.285714285714286,11.11111111111111,91.47727272727273,57.142857142857146,58.8235294117647,85.22727272727273,163.7489550954889,678.7940878989605
5,0.7630252242088318,8.928571428571429,6.666666666666667,90.2834008097166,48.214285714285715,60.0,83.77281947261663,-91.69321173581139,-91.88465798915678
6,0.7775354385375977,8.235294117647058,11.764705882352942,91.36125654450262,52.94117647058823,66.17647058823529,85.05897771952817,-60.12099754888499,-96.00669321822147
