,Test_accuracy,correct_buys,correct_sells,correct_holds,correct_low_buys,correct_high_sells,correct_mid_holds,Profit gained,buy_n_hold profit
0,0.625,10.204081632653061,4.761904761904762,94.26751592356688,42.857142857142854,52.38095238095238,82.6923076923077,42.73296502053256,82.55793694382942
1,0.6849315166473389,10.526315789473685,11.11111111111111,92.85714285714286,59.45945945945946,70.37037037037037,87.01298701298701,348.8769336425921,255.73168172693892
2,0.6191489100456238,7.526881720430108,7.462686567164179,90.0,61.29032258064516,58.208955223880594,83.1715210355987,103.79541691373602,-35.06524102073202
3,0.6546762585639954,6.896551724137931,13.043478260869565,88.83248730964468,51.724137931034484,47.82608695652174,83.16326530612245,-93.50459621238014,-97.60414084026694
4,0.6490384340286255,17.857142857142858,10.416666666666666,94.6969696969697,57.142857142857146,53.191489361702125,89.39393939393939,2087.429564429609,678.7940878989605
5,0.6285714507102966,11.607142857142858,8.51063829787234,90.74550128534705,50.0,55.319148936170215,84.02061855670104,-77.8726659761905,-91.88465798915678
6,0.6477644443511963,9.826589595375722,4.385964912280702,90.7936507936508,54.335260115606935,45.6140350877193,84.26073131955485,-85.30479100916789,-96.00669321822147
