,Test_accuracy,correct_buys,correct_sells,correct_holds,correct_low_buys,correct_high_sells,correct_mid_holds,Profit gained,buy_n_hold profit
0,0.8104838728904724,15.384615384615385,0.0,92.12962962962963,53.84615384615385,55.55555555555556,83.33333333333333,135.92485275739455,82.55793694382942
1,0.8082191944122314,0.0,10.526315789473685,92.10526315789474,50.0,42.10526315789474,85.71428571428571,216.04138680741528,255.73168172693892
2,0.8148936033248901,18.51851851851852,13.88888888888889,91.64619164619165,59.25925925925926,65.71428571428571,86.24078624078624,1897.6904195254401,-35.06524102073202
3,0.8093525171279907,13.333333333333334,15.0,90.53497942386831,26.666666666666668,80.0,83.88429752066116,-91.59204104890162,-97.60414084026694
4,0.8125,28.571428571428573,5.2631578947368425,91.20879120879121,71.42857142857143,44.44444444444444,85.16483516483517,96.38186050004379,678.7940878989605
5,0.7932773232460022,12.5,9.803921568627452,90.4296875,46.875,58.8235294117647,83.7573385518591,-77.98970974273513,-91.88465798915678
6,0.7993456721305847,9.090909090909092,12.987012987012987,91.46496815286625,58.18181818181818,67.53246753246754,84.82142857142857,-76.29653508621524,-96.00669321822147
