,Test_accuracy,correct_buys,correct_sells,correct_holds,correct_low_buys,correct_high_sells,correct_mid_holds,Profit gained,buy_n_hold profit
0,0.6129032373428345,11.320754716981131,6.666666666666667,95.33333333333333,43.39622641509434,46.666666666666664,83.22147651006712,-8.33575083667536,82.55793694382942
1,0.6073059439659119,8.695652173913043,8.333333333333334,91.97080291970804,51.111111111111114,63.888888888888886,86.13138686131387,89.19725834278472,255.73168172693892
2,0.5553191304206848,8.771929824561404,7.142857142857143,90.07352941176471,63.1578947368421,63.855421686746986,82.72058823529412,813.2116801718246,-35.06524102073202
3,0.6007194519042969,9.722222222222221,10.0,89.20454545454545,53.521126760563384,46.666666666666664,82.95454545454545,-92.70197067533711,-97.60414084026694
4,0.567307710647583,17.857142857142858,7.8125,93.10344827586206,64.28571428571429,50.79365079365079,87.93103448275862,972.9001778322909,678.7940878989605
5,0.556302547454834,11.18421052631579,10.526315789473685,91.79331306990882,51.973684210526315,57.01754385964912,85.36585365853658,-13.891250085856486,-91.88465798915678
6,0.5888767838478088,9.66183574879227,5.47945205479452,90.78014184397163,54.589371980676326,50.0,84.36944937833037,-94.15137134468685,-96.00669321822147
