,Test_accuracy,correct_buys,correct_sells,correct_holds,correct_low_buys,correct_high_sells,correct_mid_holds,Profit gained,buy_n_hold profit
0,0.649193525314331,10.256410256410257,2.380952380952381,93.41317365269461,46.15384615384615,54.76190476190476,81.92771084337349,854.5913678211725,82.55793694382942
1,0.698630154132843,11.764705882352942,7.6923076923076925,92.45283018867924,60.60606060606061,65.38461538461539,86.16352201257861,709.9681237939542,255.73168172693892
2,0.6553191542625427,8.0,8.823529411764707,90.51987767584097,60.0,61.76470588235294,84.04907975460122,416.5535458672657,-35.06524102073202
3,0.6978417038917542,8.16326530612245,14.285714285714286,89.90384615384616,51.02040816326531,47.61904761904762,84.05797101449275,-92.62845881105352,-97.60414084026694
4,0.682692289352417,11.11111111111111,11.11111111111111,93.10344827586206,44.44444444444444,54.54545454545455,88.27586206896552,231.12847552978883,678.7940878989605
5,0.658823549747467,12.222222222222221,5.681818181818182,90.16786570743405,50.0,53.40909090909091,82.6923076923077,-94.43660920417646,-91.88465798915678
6,0.7066521048545837,10.0,6.185567010309279,91.15942028985508,55.38461538461539,48.45360824742268,84.76052249637155,-76.08228047446153,-96.00669321822147
