,Test_accuracy,correct_buys,correct_sells,correct_holds,correct_low_buys,correct_high_sells,correct_mid_holds,Profit gained,buy_n_hold profit
0,0.4717741906642914,9.836065573770492,6.666666666666667,94.64285714285714,47.540983606557376,53.333333333333336,82.88288288288288,21.411795786107504,82.55793694382942
1,0.4794520437717438,6.557377049180328,9.433962264150944,91.42857142857143,55.0,56.60377358490566,83.80952380952381,390.5408522313169,255.73168172693892
2,0.4617021381855011,8.823529411764707,8.403361344537815,90.69767441860465,53.6764705882353,60.16949152542373,84.65116279069767,429.7283719593313,-35.06524102073202
3,0.4856114983558655,10.1010101010101,15.09433962264151,92.85714285714286,45.91836734693877,49.056603773584904,86.5079365079365,-95.15746455242619,-97.60414084026694
4,0.4375,12.5,8.333333333333334,94.04761904761905,60.0,50.602409638554214,88.0952380952381,217.1908941041658,678.7940878989605
5,0.48571428656578064,11.377245508982035,7.586206896551724,91.51943462897526,52.09580838323353,52.41379310344828,84.04255319148936,-50.90305374108415,-91.88465798915678
6,0.4580152630805969,8.391608391608392,7.407407407407407,91.56626506024097,51.3986013986014,51.388888888888886,85.7487922705314,-67.69410141963209,-96.00669321822147
