,Test_accuracy,correct_buys,correct_sells,correct_holds,correct_low_buys,correct_high_sells,correct_mid_holds,Profit gained,buy_n_hold profit
0,0.7016128897666931,12.121212121212121,0.0,93.4065934065934,48.484848484848484,51.515151515151516,82.87292817679558,115.08631499640948,82.55793694382942
1,0.7945205569267273,11.11111111111111,6.666666666666667,91.93548387096774,44.44444444444444,60.0,85.94594594594595,127.37407339424803,255.73168172693892
2,0.7255319356918335,11.363636363636363,8.064516129032258,90.93406593406593,63.63636363636363,66.12903225806451,84.84848484848484,94.56669675781424,-35.06524102073202
3,0.7733812928199768,8.333333333333334,10.526315789473685,89.7872340425532,66.66666666666667,42.10526315789474,83.33333333333333,-83.10312263039646,-97.60414084026694
4,0.7211538553237915,13.333333333333334,10.526315789473685,92.90322580645162,46.666666666666664,56.75675675675676,87.09677419354838,106.44367471812242,678.7940878989605
5,0.7058823704719543,15.517241379310345,6.741573033707865,90.40178571428571,46.55172413793103,50.561797752808985,83.668903803132,-89.63957100291746,-91.88465798915678
6,0.7426390647888184,11.494252873563218,5.05050505050505,91.10807113543092,49.42528735632184,47.474747474747474,84.38356164383562,-52.87086473976345,-96.00669321822147
