,Test_accuracy,correct_buys,correct_sells,correct_holds,correct_low_buys,correct_high_sells,correct_mid_holds,Profit gained,buy_n_hold profit
0,0.4233871102333069,12.76595744680851,2.0833333333333335,92.38095238095238,48.93617021276596,44.791666666666664,76.92307692307692,80.88672205206026,82.55793694382942
1,0.5022830963134766,12.244897959183673,12.5,96.93877551020408,64.58333333333333,54.166666666666664,87.75510204081633,10224.292631042304,255.73168172693892
2,0.4680851101875305,11.428571428571429,6.802721088435374,90.8256880733945,50.476190476190474,50.68493150684932,87.1559633027523,23758.388072921964,-35.06524102073202
3,0.46043166518211365,12.658227848101266,11.11111111111111,92.37288135593221,50.0,54.32098765432099,84.7457627118644,-89.24477884678514,-97.60414084026694
4,0.30288460850715637,8.571428571428571,6.0344827586206895,92.98245614035088,51.42857142857143,47.82608695652174,89.47368421052632,260.28534409779417,678.7940878989605
5,0.4285714328289032,7.8431372549019605,8.290155440414507,91.16465863453816,54.248366013071895,49.22279792746114,81.85483870967742,-63.530211659325445,-91.88465798915678
6,0.4743729531764984,9.170305676855895,9.363295880149813,92.39904988123516,50.21834061135371,50.93632958801498,85.71428571428571,-90.9753344191044,-96.00669321822147
