,Test_accuracy,correct_buys,correct_sells,correct_holds,correct_low_buys,correct_high_sells,correct_mid_holds,Profit gained,buy_n_hold profit
0,0.7862903475761414,8.333333333333334,0.0,91.94312796208531,50.0,36.0,81.9047619047619,-63.16837203028594,82.55793694382942
1,0.7899543642997742,0.0,13.333333333333334,91.93548387096774,58.8235294117647,60.0,85.48387096774194,791.8716271804462,255.73168172693892
2,0.8361701965332031,9.090909090909092,16.666666666666668,91.27358490566037,45.45454545454545,54.166666666666664,85.57919621749409,58.3205343034366,-35.06524102073202
3,0.7877697944641113,16.666666666666668,0.0,89.9581589958159,52.17391304347826,53.333333333333336,83.26359832635983,-75.87168296596087,-97.60414084026694
4,0.7644230723381042,14.285714285714286,11.764705882352942,92.21556886227545,100.0,50.0,86.74698795180723,125.00449108421614,678.7940878989605
5,0.7731092572212219,5.2631578947368425,10.0,90.94567404426559,31.57894736842105,46.666666666666664,83.66935483870968,-87.21582724090015,-91.88465798915678
6,0.7971646785736084,13.114754098360656,7.575757575757576,90.88607594936708,52.459016393442624,46.96969696969697,84.91761723700887,-81.8313889058392,-96.00669321822147
