,Test_accuracy,correct_buys,correct_sells,correct_holds,correct_low_buys,correct_high_sells,correct_mid_holds,Profit gained,buy_n_hold profit
0,0.06451612710952759,7.971014492753623,4.545454545454546,0.0,46.3768115942029,48.62385321100918,0.0,66.40499741665633,82.55793694382942
1,0.06392694264650345,4.964539007092198,8.974358974358974,0.0,51.42857142857143,51.282051282051285,0.0,41.32232979369422,255.73168172693892
2,0.07446808367967606,7.352941176470588,7.575757575757576,0.0,45.588235294117645,48.73096446700507,0.0,773.5535023267137,-35.06524102073202
3,0.09352517873048782,8.938547486033519,10.1010101010101,0.0,42.69662921348315,49.494949494949495,0.0,-96.09802411363158,-97.60414084026694
4,0.07211538404226303,8.045977011494253,6.6115702479338845,0.0,49.42528735632184,50.0,0.0,418.84834840586905,678.7940878989605
5,0.07563025504350662,7.492795389048991,7.661290322580645,0.0,47.97687861271676,50.806451612903224,0.0,-0.4847890475802501,-91.88465798915678
6,0.07415485382080078,7.07635009310987,7.894736842105263,0.0,47.38805970149254,48.1578947368421,0.0,-88.49527350069563,-96.00669321822147
