,Test_accuracy,correct_buys,correct_sells,correct_holds,correct_low_buys,correct_high_sells,correct_mid_holds,Profit gained,buy_n_hold profit
0,0.05645161122083664,7.006369426751593,3.2967032967032965,0.0,42.67515923566879,47.77777777777778,0.0,35.9593753033833,82.55793694382942
1,0.06849315017461777,4.827586206896552,10.81081081081081,0.0,50.69444444444444,51.351351351351354,0.0,166.5928751530845,255.73168172693892
2,0.07021276652812958,6.514657980456026,7.975460122699387,0.0,41.693811074918564,47.53086419753087,0.0,713.4390518622232,-35.06524102073202
3,0.07553956657648087,7.317073170731708,8.219178082191782,0.0,39.21568627450981,42.465753424657535,0.0,-96.57944739731509,-97.60414084026694
4,0.0625,7.2727272727272725,5.1020408163265305,0.0,43.11926605504587,47.95918367346939,0.0,575.0153385825718,678.7940878989605
5,0.07563025504350662,7.2,8.181818181818182,0.0,45.18716577540107,45.90909090909091,0.0,-12.325166676975073,-91.88465798915678
6,0.06979279965162277,6.610169491525424,7.6452599388379205,0.0,45.16129032258065,47.706422018348626,0.0,-48.838051750606326,-96.00669321822147
