,Test_accuracy,correct_buys,correct_sells,correct_holds,correct_low_buys,correct_high_sells,correct_mid_holds,Profit gained,buy_n_hold profit
0,0.24193547666072845,8.333333333333334,2.3529411764705883,89.0909090909091,44.44444444444444,45.88235294117647,81.48148148148148,-11.439507522077122,82.55793694382942
1,0.22374428808689117,6.1946902654867255,7.8125,88.0952380952381,55.357142857142854,50.0,80.95238095238095,4050.344009467057,255.73168172693892
2,0.2191489338874817,7.929515418502203,8.433734939759036,92.20779220779221,50.66079295154185,53.93939393939394,88.31168831168831,987.1729063811285,-35.06524102073202
3,0.2625899314880371,10.135135135135135,11.688311688311689,92.45283018867924,47.61904761904762,49.35064935064935,83.01886792452831,-95.12159948796206,-97.60414084026694
4,0.3125,8.333333333333334,5.882352941176471,87.3015873015873,60.0,49.411764705882355,77.41935483870968,400.181713901822,678.7940878989605
5,0.24873949587345123,8.391608391608392,7.446808510638298,90.9090909090909,50.526315789473685,53.723404255319146,82.64462809917356,-94.64318319357784,-91.88465798915678
6,0.22682660818099976,7.809110629067245,9.333333333333334,92.3076923076923,50.0,53.0,85.25641025641026,-77.20705536707425,-96.00669321822147
