,Test_accuracy,correct_buys,correct_sells,correct_holds,correct_low_buys,correct_high_sells,correct_mid_holds,Profit gained,buy_n_hold profit
0,0.4959677457809448,10.666666666666666,1.9607843137254901,93.44262295081967,52.0,43.13725490196079,84.29752066115702,137.43130161631785,82.55793694382942
1,0.5251141786575317,6.756756756756757,7.407407407407407,91.52542372881356,57.534246575342465,48.148148148148145,83.89830508474576,379.1825290183154,255.73168172693892
2,0.4893617033958435,6.040268456375839,6.4935064935064934,88.52459016393442,48.993288590604024,62.33766233766234,81.48148148148148,2166.8040707187624,-35.06524102073202
3,0.49640288949012756,9.70873786407767,10.81081081081081,89.85507246376811,44.66019417475728,48.648648648648646,81.75182481751825,-95.41709582921537,-97.60414084026694
4,0.5288461446762085,6.666666666666667,10.0,90.26548672566372,56.81818181818182,54.0,83.1858407079646,420.5781097246839,678.7940878989605
5,0.5109243988990784,6.806282722513089,6.097560975609756,88.81987577639751,51.30890052356021,53.65853658536585,81.30841121495327,-91.94114933796342,-91.88465798915678
6,0.5343511700630188,9.246575342465754,11.428571428571429,92.16494845360825,51.89003436426117,57.857142857142854,86.18556701030928,-89.88688317575038,-96.00669321822147
