,Test_accuracy,correct_buys,correct_sells,correct_holds,correct_low_buys,correct_high_sells,correct_mid_holds,Profit gained,buy_n_hold profit
0,0.7177419066429138,5.882352941176471,0.0,91.23711340206185,52.94117647058823,45.945945945945944,80.31088082901555,-20.96413586374439,82.55793694382942
1,0.7899543642997742,12.0,14.285714285714286,93.33333333333333,62.5,57.142857142857146,86.66666666666667,38765.89581410015,255.73168172693892
2,0.8170212507247925,4.3478260869565215,15.625,91.08433734939759,47.82608695652174,53.125,85.26570048309179,-35.515709009417975,-35.06524102073202
3,0.7482014298439026,14.285714285714286,0.0,89.47368421052632,48.148148148148145,50.0,83.33333333333333,-71.13572177427918,-97.60414084026694
4,0.7211538553237915,14.285714285714286,10.869565217391305,92.90322580645162,85.71428571428571,52.17391304347826,87.66233766233766,108.56323457499244,678.7940878989605
5,0.729411780834198,4.444444444444445,8.860759493670885,90.23354564755839,37.77777777777778,49.36708860759494,83.40425531914893,-88.80773314592899,-91.88465798915678
6,0.7775354385375977,10.0,10.975609756097562,91.11111111111111,55.714285714285715,45.1219512195122,85.47120418848168,-78.91209660112165,-96.00669321822147
