,Test_accuracy,correct_buys,correct_sells,correct_holds,correct_low_buys,correct_high_sells,correct_mid_holds,Profit gained,buy_n_hold profit
0,0.3709677457809448,8.695652173913043,1.5384615384615385,91.20879120879121,45.65217391304348,41.53846153846154,81.11111111111111,2.846148166532842,82.55793694382942
1,0.37442922592163086,6.185567010309279,9.30232558139535,91.13924050632912,57.291666666666664,51.16279069767442,83.54430379746836,289.5698110783889,255.73168172693892
2,0.36595743894577026,7.4866310160427805,8.547008547008547,89.1566265060241,50.80213903743316,56.89655172413793,84.93975903614458,4225.067118134702,-35.06524102073202
3,0.36690646409988403,9.022556390977444,14.545454545454545,91.11111111111111,46.96969696969697,52.72727272727273,81.11111111111111,-95.2314404126381,-97.60414084026694
4,0.4423076808452606,7.8431372549019605,7.6923076923076925,90.21739130434783,60.0,52.30769230769231,82.6086956521739,453.3414533403131,678.7940878989605
5,0.38991597294807434,8.032128514056225,8.19672131147541,90.17857142857143,51.80722891566265,54.91803278688525,81.61434977578476,-88.48976654436143,-91.88465798915678
6,0.39258450269699097,7.8125,10.65989847715736,91.96428571428571,50.652741514360315,55.83756345177665,85.71428571428571,-84.94006356821538,-96.00669321822147
