,Test_accuracy,correct_buys,correct_sells,correct_holds,correct_low_buys,correct_high_sells,correct_mid_holds,Profit gained,buy_n_hold profit
0,0.6370967626571655,15.909090909090908,4.3478260869565215,94.30379746835443,47.72727272727273,47.82608695652174,85.35031847133757,60.735484960996985,82.55793694382942
1,0.6712328791618347,8.108108108108109,7.407407407407407,91.61290322580645,56.75675675675676,48.148148148148145,85.06493506493507,353.4909681479137,255.73168172693892
2,0.6340425610542297,6.410256410256411,8.219178082191782,89.96865203761756,52.56410256410256,63.013698630136986,83.33333333333333,7422.945435238368,-35.06524102073202
3,0.597122311592102,10.144927536231885,5.882352941176471,89.71428571428571,39.130434782608695,44.11764705882353,82.75862068965517,-89.2585954876462,-97.60414084026694
4,0.6490384340286255,12.0,10.869565217391305,92.7007299270073,66.66666666666667,50.0,86.86131386861314,2265.9331446982706,678.7940878989605
5,0.6369748115539551,7.6923076923076925,5.0,89.29440389294403,56.73076923076923,51.25,82.6829268292683,-51.30956459274155,-91.88465798915678
6,0.6423118710517883,8.695652173913043,8.088235294117647,90.96774193548387,53.75,56.61764705882353,84.83870967741936,-90.80520813400322,-96.00669321822147
