,Test_accuracy,correct_buys,correct_sells,correct_holds,correct_low_buys,correct_high_sells,correct_mid_holds,Profit gained,buy_n_hold profit
0,0.5645161271095276,6.896551724137931,0.0,90.19607843137256,51.724137931034484,42.42424242424242,78.28947368421052,29.765370176825794,82.55793694382942
1,0.689497709274292,14.285714285714286,15.789473684210526,95.89041095890411,62.857142857142854,52.63157894736842,88.96551724137932,19518.571869047173,255.73168172693892
2,0.7106382846832275,10.416666666666666,7.6923076923076925,90.75630252100841,50.0,50.76923076923077,86.23595505617978,4345.490600953303,-35.06524102073202
3,0.6402877569198608,14.814814814814815,7.5,90.76086956521739,52.83018867924528,52.5,84.23913043478261,-93.98650203673644,-97.60414084026694
4,0.557692289352417,5.2631578947368425,9.333333333333334,94.73684210526316,52.63157894736842,53.333333333333336,88.49557522123894,156.00178413363085,678.7940878989605
5,0.5932773351669312,9.090909090909092,6.451612903225806,90.3225806451613,49.494949494949495,48.38709677419355,82.21024258760107,-82.2864562750296,-91.88465798915678
6,0.6706652045249939,9.090909090909092,10.56338028169014,91.44634525660965,47.72727272727273,51.40845070422535,85.66978193146417,-91.13697595172218,-96.00669321822147
