,Test_accuracy,correct_buys,correct_sells,correct_holds,correct_low_buys,correct_high_sells,correct_mid_holds,Profit gained,buy_n_hold profit
0,0.5282257795333862,6.666666666666667,1.3157894736842106,90.14084507042253,50.0,43.421052631578945,77.30496453900709,-10.27897381032858,82.55793694382942
1,0.6392694115638733,15.384615384615385,12.76595744680851,96.2406015037594,61.53846153846154,53.191489361702125,87.87878787878788,47068.60779267304,255.73168172693892
2,0.6425532102584839,11.11111111111111,7.777777777777778,90.85173501577287,52.38095238095238,49.438202247191015,86.1198738170347,31796.713670718906,-35.06524102073202
3,0.5827338099479675,13.333333333333334,9.25925925925926,90.85365853658537,47.45762711864407,51.851851851851855,84.7560975609756,-93.37229937888677,-97.60414084026694
4,0.4663461446762085,4.545454545454546,7.777777777777778,92.70833333333333,54.54545454545455,51.68539325842696,88.54166666666667,131.39906665911633,678.7940878989605
5,0.5478991866111755,8.910891089108912,7.051282051282051,90.53254437869822,49.504950495049506,50.0,82.49258160237389,-54.07655567825611,-91.88465798915678
6,0.5910577774047852,8.588957055214724,9.183673469387756,91.39784946236558,49.693251533742334,50.0,85.63734290843806,-93.21646477323773,-96.00669321822147
