,Test_accuracy,correct_buys,correct_sells,correct_holds,correct_low_buys,correct_high_sells,correct_mid_holds,Profit gained,buy_n_hold profit
0,0.5564516186714172,12.280701754385966,3.7735849056603774,93.47826086956522,50.87719298245614,45.283018867924525,86.13138686131387,97.56937354194673,82.55793694382942
1,0.6164383292198181,7.8431372549019605,10.0,92.7536231884058,60.0,43.333333333333336,85.5072463768116,399.67509844098447,255.73168172693892
2,0.5829787254333496,5.319148936170213,7.5,88.85135135135135,48.93617021276596,62.5,82.03389830508475,4182.990158902285,-35.06524102073202
3,0.5143885016441345,8.045977011494253,5.128205128205129,88.15789473684211,42.52873563218391,41.02564102564103,80.13245033112582,-95.31190038518262,-97.60414084026694
4,0.620192289352417,9.67741935483871,10.869565217391305,92.36641221374046,60.0,50.0,86.25954198473282,435.97431381137517,678.7940878989605
5,0.610084056854248,7.086614173228346,8.433734939759036,90.12987012987013,55.118110236220474,50.602409638554214,82.8125,-41.000887346951004,-91.88465798915678
6,0.5921483039855957,7.8817733990147785,8.219178082191782,90.66901408450704,52.97029702970297,56.16438356164384,84.50704225352112,-94.14783812975607,-96.00669321822147
