,Test_accuracy,correct_buys,correct_sells,correct_holds,correct_low_buys,correct_high_sells,correct_mid_holds,Profit gained,buy_n_hold profit
0,0.14919355511665344,7.746478873239437,2.5,92.3076923076923,45.070422535211264,44.30379746835443,84.61538461538461,13.739882598362927,82.55793694382942
1,0.10502283275127411,5.0,7.575757575757576,84.61538461538461,51.07913669064748,51.515151515151516,84.61538461538461,147.23612272533884,255.73168172693892
2,0.1595744639635086,7.954545454545454,7.975460122699387,95.34883720930233,47.72727272727273,54.93827160493827,93.02325581395348,1224.3106144805529,-35.06524102073202
3,0.14388489723205566,8.556149732620321,12.162162162162161,88.23529411764706,42.473118279569896,51.351351351351354,88.23529411764706,-96.52820373837608,-97.60414084026694
4,0.17788460850715637,7.0588235294117645,5.4945054945054945,81.25,49.411764705882355,49.45054945054945,74.19354838709677,192.89049565441996,678.7940878989605
5,0.1445378214120865,7.323943661971831,7.8125,93.75,46.89265536723164,52.083333333333336,89.58333333333333,-95.20351168502016,-91.88465798915678
6,0.13740457594394684,6.7765567765567765,9.060402684563758,84.93150684931507,47.15596330275229,51.67785234899329,79.45205479452055,-82.8365799873467,-96.00669321822147
