,Test_accuracy,correct_buys,correct_sells,correct_holds,correct_low_buys,correct_high_sells,correct_mid_holds,Profit gained,buy_n_hold profit
0,0.6693548560142517,18.75,4.25531914893617,93.49112426035504,50.0,46.808510638297875,84.52380952380952,56.02920942479205,82.55793694382942
1,0.698630154132843,9.67741935483871,12.903225806451612,92.99363057324841,54.83870967741935,51.61290322580645,87.17948717948718,372.2735291505962,255.73168172693892
2,0.6702127456665039,5.084745762711864,7.246376811594203,89.76608187134502,49.152542372881356,60.869565217391305,83.28445747800586,1961.8996557909718,-35.06524102073202
3,0.6258992552757263,8.620689655172415,3.225806451612903,88.88888888888889,36.206896551724135,45.16129032258065,81.91489361702128,-91.56866977362432,-97.60414084026694
4,0.6778846383094788,16.666666666666668,8.88888888888889,92.41379310344827,61.111111111111114,48.888888888888886,86.11111111111111,2758.6242868046274,678.7940878989605
5,0.6655462384223938,7.142857142857143,5.0,89.55916473317865,57.142857142857146,51.89873417721519,83.06264501160094,-46.108600694568274,-91.88465798915678
6,0.6706652045249939,10.687022900763358,6.7164179104477615,90.79754601226993,54.19847328244275,54.47761194029851,84.17818740399386,-83.41676487959289,-96.00669321822147
