,Test_accuracy,correct_buys,correct_sells,correct_holds,correct_low_buys,correct_high_sells,correct_mid_holds,Profit gained,buy_n_hold profit
0,0.7459677457809448,8.333333333333334,0.0,91.54228855721394,50.0,42.857142857142854,81.0,-18.545095924872214,82.55793694382942
1,0.7990867495536804,9.090909090909092,15.384615384615385,92.93478260869566,66.66666666666667,61.53846153846154,86.41304347826087,32601.16456529097,255.73168172693892
2,0.8212766051292419,4.0,17.857142857142858,91.12709832134293,44.0,53.57142857142857,85.33653846153847,87.22354599392494,-35.06524102073202
3,0.7733812928199768,16.666666666666668,0.0,89.7872340425532,56.52173913043478,47.36842105263158,83.40425531914893,-69.26642094176434,-97.60414084026694
4,0.7403846383094788,12.5,10.526315789473685,91.9753086419753,100.0,52.63157894736842,86.95652173913044,1768.85781387566,678.7940878989605
5,0.7546218633651733,5.714285714285714,8.333333333333334,90.3688524590164,34.285714285714285,48.611111111111114,83.16221765913758,-79.8611877399843,-91.88465798915678
6,0.7851690053939819,13.043478260869565,10.256410256410257,91.2987012987013,56.52173913043478,47.43589743589744,85.56566970091028,-81.06492635092349,-96.00669321822147
