,Test_accuracy,correct_buys,correct_sells,correct_holds,correct_low_buys,correct_high_sells,correct_mid_holds,Profit gained,buy_n_hold profit
0,0.38306450843811035,14.035087719298245,4.8076923076923075,94.25287356321839,47.36842105263158,48.07692307692308,80.23255813953489,943.3717337671885,82.55793694382942
1,0.42465752363204956,10.0,11.538461538461538,96.29629629629629,61.016949152542374,51.282051282051285,85.18518518518519,9217.682376355186,255.73168172693892
2,0.3510638177394867,9.615384615384615,6.329113924050633,89.74358974358974,48.717948717948715,53.503184713375795,84.61538461538461,263.1694764860363,-35.06524102073202
3,0.384892076253891,10.309278350515465,11.627906976744185,91.57894736842105,51.041666666666664,52.325581395348834,84.21052631578948,-93.75747998314948,-97.60414084026694
4,0.25,10.204081632653061,5.982905982905983,95.23809523809524,57.142857142857146,46.55172413793103,88.0952380952381,268.9884940569114,678.7940878989605
5,0.35630252957344055,9.62566844919786,7.87037037037037,92.1875,54.01069518716577,50.46296296296296,83.24607329842932,-82.03869623377211,-91.88465798915678
6,0.3773173391819,9.060402684563758,8.108108108108109,91.3312693498452,48.65771812080537,48.310810810810814,85.09316770186335,-84.74888720093917,-96.00669321822147
