,Test_accuracy,correct_buys,correct_sells,correct_holds,correct_low_buys,correct_high_sells,correct_mid_holds,Profit gained,buy_n_hold profit
0,0.6854838728904724,5.555555555555555,0.0,90.86021505376344,50.0,43.18181818181818,80.0,-61.17315983219973,82.55793694382942
1,0.7397260069847107,11.11111111111111,14.814814814814815,93.93939393939394,61.53846153846154,55.55555555555556,86.06060606060606,31671.53261840169,255.73168172693892
2,0.7829787135124207,6.451612903225806,11.904761904761905,90.93198992443325,45.16129032258065,54.76190476190476,85.1010101010101,32.57734081763982,-35.06524102073202
3,0.7266187071800232,16.666666666666668,3.3333333333333335,89.90825688073394,50.0,50.0,83.41013824884793,-71.01845546518169,-97.60414084026694
4,0.692307710647583,11.11111111111111,11.538461538461538,93.19727891156462,77.77777777777777,51.92307692307692,88.35616438356165,1459.270200630722,678.7940878989605
5,0.6873949766159058,8.333333333333334,7.291666666666667,90.43280182232347,40.0,46.875,83.78995433789954,-85.29267370003862,-91.88465798915678
6,0.7448200583457947,10.465116279069768,11.320754716981131,91.3103448275862,54.651162790697676,48.113207547169814,85.6353591160221,-73.82825744982573,-96.00669321822147
