,Test_accuracy,correct_buys,correct_sells,correct_holds,correct_low_buys,correct_high_sells,correct_mid_holds,Profit gained,buy_n_hold profit
0,0.375,8.571428571428571,3.5714285714285716,94.25287356321839,40.95238095238095,42.857142857142854,83.72093023255815,-23.471638379798605,82.55793694382942
1,0.465753436088562,7.446808510638298,11.11111111111111,93.87755102040816,49.46236559139785,51.851851851851855,87.75510204081633,86.89056040797809,255.73168172693892
2,0.40425533056259155,7.174887892376682,6.896551724137931,89.94708994708995,41.70403587443946,40.35087719298246,85.71428571428571,-0.4883894104811901,-35.06524102073202
3,0.31294962763786316,6.0,7.317073170731708,86.20689655172414,40.26845637583892,43.90243902439025,80.45977011494253,-95.99960040054256,-97.60414084026694
4,0.5769230723381042,8.0,8.333333333333334,92.62295081967213,42.0,52.77777777777778,86.77685950413223,313.49269666532444,678.7940878989605
5,0.4000000059604645,7.913669064748201,10.526315789473685,92.7927927927928,47.292418772563174,53.68421052631579,85.13513513513513,14.533689272946162,-91.88465798915678
6,0.3380588889122009,6.160164271047228,12.056737588652481,91.00346020761246,43.3264887063655,51.06382978723404,83.68055555555556,78.5498258903387,-96.00669321822147
