,Test_accuracy,correct_buys,correct_sells,correct_holds,correct_low_buys,correct_high_sells,correct_mid_holds,Profit gained,buy_n_hold profit
0,0.6975806355476379,11.904761904761905,6.896551724137931,93.78531073446328,50.0,51.724137931034484,84.6590909090909,124.03330006868131,82.55793694382942
1,0.6757990717887878,7.894736842105263,11.11111111111111,92.20779220779221,57.89473684210526,59.25925925925926,84.9673202614379,261.3296868773792,255.73168172693892
2,0.6319149136543274,7.142857142857143,3.9215686274509802,89.7196261682243,53.06122448979592,62.745098039215684,84.0625,1016.2017680219802,-35.06524102073202
3,0.6690647602081299,13.559322033898304,7.6923076923076925,91.19170984455958,44.067796610169495,46.15384615384615,85.41666666666667,-96.75645426153737,-97.60414084026694
4,0.6634615659713745,13.333333333333334,3.0303030303030303,91.72413793103448,63.333333333333336,54.54545454545455,84.72222222222223,841.143698824602,678.7940878989605
5,0.6504201889038086,7.8431372549019605,5.633802816901408,88.86255924170617,54.90196078431372,59.15492957746479,82.42280285035629,169.1232435040489,-91.88465798915678
6,0.6161395907402039,7.407407407407407,4.958677685950414,89.78583196046128,53.191489361702125,48.760330578512395,82.53706754530478,-48.73852487204056,-96.00669321822147
