,Test_accuracy,correct_buys,correct_sells,correct_holds,correct_low_buys,correct_high_sells,correct_mid_holds,Profit gained,buy_n_hold profit
0,0.7459677457809448,12.5,11.764705882352942,93.6842105263158,58.333333333333336,61.76470588235294,83.5978835978836,2110.120945415247,82.55793694382942
1,0.8310502171516418,11.764705882352942,20.0,92.70833333333333,75.0,70.0,85.41666666666667,963.8033553206103,255.73168172693892
2,0.6957446932792664,6.349206349206349,5.660377358490566,90.3954802259887,57.142857142857146,52.83018867924528,84.13597733711048,934.6969201003092,-35.06524102073202
3,0.769784152507782,11.11111111111111,11.11111111111111,89.69957081545064,58.333333333333336,44.44444444444444,84.05172413793103,-96.37008461253095,-97.60414084026694
4,0.6971153616905212,9.090909090909092,3.4482758620689653,90.44585987261146,45.45454545454545,48.275862068965516,83.97435897435898,4111.548110674808,678.7940878989605
5,0.7277311086654663,11.764705882352942,12.5,91.42857142857143,51.470588235294116,59.72222222222222,83.92070484581498,-41.914561384938835,-91.88465798915678
6,0.7546346783638,13.076923076923077,5.660377358490566,91.55313351498637,53.07692307692308,49.056603773584904,84.72032742155525,-96.89649540359224,-96.00669321822147
