,Test_accuracy,correct_buys,correct_sells,correct_holds,correct_low_buys,correct_high_sells,correct_mid_holds,Profit gained,buy_n_hold profit
0,0.8024193644523621,14.285714285714286,5.882352941176471,92.85714285714286,42.857142857142854,52.94117647058823,83.2535885167464,105.14699411846382,82.55793694382942
1,0.7808219194412231,9.523809523809524,11.764705882352942,92.26519337016575,66.66666666666667,64.70588235294117,86.11111111111111,314.8890337379309,255.73168172693892
2,0.76382976770401,8.51063829787234,3.225806451612903,90.3061224489796,61.702127659574465,51.61290322580645,83.88746803069054,2706.991738681326,-35.06524102073202
3,0.7733812928199768,10.714285714285714,6.25,90.17094017094017,35.714285714285715,43.75,83.2618025751073,-94.89482796375488,-97.60414084026694
4,0.7403846383094788,10.526315789473685,4.545454545454546,90.41916167664671,68.42105263157895,68.18181818181819,83.73493975903614,1397.0818201875836,678.7940878989605
5,0.756302535533905,10.909090909090908,4.166666666666667,89.83739837398375,49.09090909090909,60.416666666666664,82.89205702647658,116.24494051742545,-91.88465798915678
6,0.7426390647888184,3.658536585365854,1.25,89.66887417218543,54.32098765432099,46.25,82.64900662251655,-95.3995363090035,-96.00669321822147
