,Test_accuracy,correct_buys,correct_sells,correct_holds,correct_low_buys,correct_high_sells,correct_mid_holds,Profit gained,buy_n_hold profit
0,0.10483870655298233,8.94308943089431,4.3478260869565215,100.0,47.15447154471545,50.0,90.0,56.7644040457034,82.55793694382942
1,0.1004566177725792,5.217391304347826,9.278350515463918,100.0,50.87719298245614,47.422680412371136,85.71428571428571,-92.1543394210773,255.73168172693892
2,0.08085106313228607,7.8125,7.109004739336493,100.0,49.609375,54.285714285714285,100.0,5946.658138570521,-35.06524102073202
3,0.14028777182102203,8.982035928143713,10.309278350515465,100.0,42.16867469879518,49.48453608247423,100.0,-94.51056541220143,-97.60414084026694
4,0.10096153616905212,10.0,6.504065040650406,100.0,51.25,51.63934426229508,100.0,242.73772044124655,678.7940878989605
5,0.0957983210682869,8.256880733944953,8.108108108108109,100.0,47.852760736196316,51.351351351351354,100.0,-44.28754661416281,-91.88465798915678
6,0.09705561399459839,8.130081300813009,7.8817733990147785,89.47368421052632,49.08350305498982,49.01477832512315,84.21052631578948,-90.0798682019654,-96.00669321822147
