,Test_accuracy,correct_buys,correct_sells,correct_holds,correct_low_buys,correct_high_sells,correct_mid_holds,Profit gained,buy_n_hold profit
0,0.04838709533214569,7.017543859649122,4.18848167539267,0.0,50.87719298245614,46.8421052631579,0.0,-22.04313826566454,82.55793694382942
1,0.06849315017461777,9.615384615384615,5.9880239520958085,0.0,48.07692307692308,40.963855421686745,0.0,148.86840756188454,255.73168172693892
2,0.0659574493765831,9.67741935483871,5.491329479768786,0.0,52.41935483870968,44.05797101449275,0.0,273.1112704490225,-35.06524102073202
3,0.07194244861602783,10.294117647058824,5.741626794258373,100.0,45.588235294117645,39.90384615384615,0.0,-34.71018932238917,-97.60414084026694
4,0.0625,10.256410256410257,5.325443786982248,0.0,51.282051282051285,43.45238095238095,0.0,585.168062268233,678.7940878989605
5,0.06050420179963112,7.339449541284404,5.56701030927835,100.0,55.04587155963303,43.59504132231405,0.0,-3.590779043838907,-91.88465798915678
6,0.058887675404548645,7.936507936507937,5.226960110041265,100.0,52.12765957446808,41.12792297111417,100.0,-12.60600113003281,-96.00669321822147
