,Test_accuracy,correct_buys,correct_sells,correct_holds,correct_low_buys,correct_high_sells,correct_mid_holds,Profit gained,buy_n_hold profit
0,0.5282257795333862,9.090909090909092,4.081632653061225,92.4812030075188,48.484848484848484,46.93877551020408,81.81818181818181,111.98354684519418,82.55793694382942
1,0.5525113940238953,6.666666666666667,15.0,93.27731092436974,51.666666666666664,60.0,84.7457627118644,315.44194908139474,255.73168172693892
2,0.48723405599594116,5.369127516778524,9.523809523809524,89.87341772151899,45.63758389261745,63.095238095238095,84.32203389830508,745.2330707318263,-35.06524102073202
3,0.5143885016441345,10.989010989010989,6.976744186046512,90.27777777777777,45.05494505494506,53.48837209302326,83.91608391608392,-94.83481279952872,-97.60414084026694
4,0.5288461446762085,13.636363636363637,9.836065573770492,95.14563106796116,56.81818181818182,52.459016393442624,88.23529411764706,415.07554639299633,678.7940878989605
5,0.4957983195781708,9.090909090909092,7.627118644067797,89.70099667774086,50.56818181818182,56.779661016949156,83.66666666666667,-59.64192478185824,-91.88465798915678
6,0.4820065498352051,8.602150537634408,7.329842931937173,90.38031319910515,53.597122302158276,52.87958115183246,82.77404921700224,-67.39772024595584,-96.00669321822147
