,Test_accuracy,correct_buys,correct_sells,correct_holds,correct_low_buys,correct_high_sells,correct_mid_holds,Profit gained,buy_n_hold profit
0,0.375,11.494252873563218,6.25,96.29629629629629,52.87356321839081,48.75,83.75,82.38389437883484,82.55793694382942
1,0.3835616409778595,5.405405405405405,11.764705882352942,93.50649350649351,49.31506849315068,48.529411764705884,85.71428571428571,348.62104329414416,255.73168172693892
2,0.34893617033958435,6.043956043956044,7.142857142857143,88.88888888888889,48.9010989010989,56.0,83.33333333333333,1140.324342164702,-35.06524102073202
3,0.384892076253891,9.649122807017545,9.375,90.0,43.36283185840708,56.25,82.0,-92.27477832566946,-97.60414084026694
4,0.36057692766189575,10.526315789473685,8.235294117647058,93.93939393939394,54.3859649122807,49.411764705882355,86.15384615384616,297.1367262318402,678.7940878989605
5,0.3210084140300751,7.522123893805309,5.58659217877095,86.3157894736842,50.88495575221239,52.513966480446925,78.83597883597884,-45.6090721645427,-91.88465798915678
6,0.3380588889122009,9.090909090909092,8.041958041958042,91.39784946236558,51.282051282051285,51.04895104895105,84.94623655913979,-71.26176535734191,-96.00669321822147
