,Test_accuracy,correct_buys,correct_sells,correct_holds,correct_low_buys,correct_high_sells,correct_mid_holds,Profit gained,buy_n_hold profit
0,0.7419354915618896,17.857142857142858,11.428571428571429,94.5945945945946,60.714285714285715,60.0,84.78260869565217,2264.341324208051,82.55793694382942
1,0.8127853870391846,11.11111111111111,9.090909090909092,92.10526315789474,70.58823529411765,45.45454545454545,85.26315789473684,1092.2541223336118,255.73168172693892
2,0.6872340440750122,7.462686567164179,5.555555555555555,90.25787965616045,61.19402985074627,48.148148148148145,84.19540229885058,2034.8981647862067,-35.06524102073202
3,0.7661870718002319,11.428571428571429,8.333333333333334,90.04329004329004,57.142857142857146,33.333333333333336,83.91304347826087,-97.02381370985425,-97.60414084026694
4,0.6778846383094788,9.090909090909092,3.0303030303030303,90.19607843137256,45.45454545454545,45.45454545454545,83.55263157894737,4575.939030645412,678.7940878989605
5,0.707563042640686,10.256410256410257,10.81081081081081,91.42212189616252,52.56410256410256,58.108108108108105,83.710407239819,-65.57193834067478,-91.88465798915678
6,0.7404580116271973,12.413793103448276,7.2727272727272725,91.63179916317992,53.793103448275865,50.90909090909091,84.91620111731844,-90.18807033537416,-96.00669321822147
