,Test_accuracy,correct_buys,correct_sells,correct_holds,correct_low_buys,correct_high_sells,correct_mid_holds,Profit gained,buy_n_hold profit
0,0.6290322542190552,20.408163265306122,7.6923076923076925,96.59863945578232,57.142857142857146,61.53846153846154,86.3013698630137,1080.7357632624314,82.55793694382942
1,0.7123287916183472,10.256410256410257,18.181818181818183,93.67088607594937,57.89473684210526,59.09090909090909,86.07594936708861,225.43608133152188,255.73168172693892
2,0.5553191304206848,5.607476635514018,6.097560975609756,88.96797153024912,53.271028037383175,51.21951219512195,82.14285714285714,3062.5926375832296,-35.06524102073202
3,0.6402877569198608,6.779661016949152,8.0,88.65979381443299,55.172413793103445,52.0,83.50515463917526,-96.51727838316062,-97.60414084026694
4,0.5384615659713745,10.0,3.4482758620689653,89.16666666666667,53.333333333333336,44.827586206896555,82.3529411764706,72.93175921316418,678.7940878989605
5,0.5882353186607361,7.563025210084033,9.649122807017545,91.16022099447514,45.378151260504204,54.3859649122807,83.10249307479225,-61.14988860227862,-91.88465798915678
6,0.6292257308959961,9.545454545454545,11.009174311926605,92.51700680272108,51.141552511415526,52.293577981651374,85.37414965986395,-95.29507311007359,-96.00669321822147
