,Test_accuracy,correct_buys,correct_sells,correct_holds,correct_low_buys,correct_high_sells,correct_mid_holds,Profit gained,buy_n_hold profit
0,0.4959677457809448,13.698630136986301,6.25,98.1981981981982,52.054794520547944,56.25,90.0,198.62719631557184,82.55793694382942
1,0.6164383292198181,9.615384615384615,20.0,96.06299212598425,52.94117647058823,60.0,88.18897637795276,81.62675400431189,255.73168172693892
2,0.4170212745666504,7.6923076923076925,6.086956521739131,88.94472361809045,50.0,50.87719298245614,80.90452261306532,1464.5487614137803,-35.06524102073202
3,0.5107913613319397,9.473684210526315,5.555555555555555,89.1156462585034,48.93617021276596,44.44444444444444,84.35374149659864,-95.05896162133605,-97.60414084026694
4,0.44711539149284363,7.317073170731708,5.714285714285714,88.65979381443299,56.09756097560975,48.57142857142857,82.29166666666667,329.66588323094703,678.7940878989605
5,0.45546218752861023,10.052910052910052,7.746478873239437,91.28787878787878,52.659574468085104,54.225352112676056,82.57575757575758,-26.37062205124457,-91.88465798915678
6,0.4841875731945038,8.80503144654088,8.928571428571429,93.03944315545243,48.58044164037855,48.214285714285715,86.07888631090488,-82.02374178647065,-96.00669321822147
