,Test_accuracy,correct_buys,correct_sells,correct_holds,correct_low_buys,correct_high_sells,correct_mid_holds,Profit gained,buy_n_hold profit
0,0.18145161867141724,8.571428571428571,4.545454545454546,93.93939393939394,48.57142857142857,50.45871559633027,78.78787878787878,29.024529074605425,82.55793694382942
1,0.155251145362854,5.05050505050505,8.24742268041237,91.30434782608695,51.515151515151516,47.422680412371136,72.72727272727273,-91.04160271468155,255.73168172693892
2,0.16170212626457214,7.94392523364486,7.211538461538462,91.66666666666667,49.532710280373834,50.24154589371981,87.5,4126.851239177724,-35.06524102073202
3,0.17625899612903595,8.724832214765101,10.784313725490197,92.5925925925926,43.24324324324324,48.03921568627451,88.88888888888889,-93.00933819498339,-97.60414084026694
4,0.16826923191547394,12.307692307692308,6.451612903225806,100.0,52.30769230769231,51.21951219512195,94.73684210526316,367.94544333194335,678.7940878989605
5,0.16470588743686676,8.239700374531836,7.865168539325842,90.1639344262295,48.87218045112782,51.31086142322097,86.88524590163935,-35.58091759388324,-91.88465798915678
6,0.17121046781539917,8.78048780487805,7.804878048780488,91.75257731958763,49.38875305623472,47.31707317073171,84.5360824742268,-90.30580454817843,-96.00669321822147
