,Test_accuracy,correct_buys,correct_sells,correct_holds,correct_low_buys,correct_high_sells,correct_mid_holds,Profit gained,buy_n_hold profit
0,0.4354838728904724,12.222222222222221,6.25,98.93617021276596,52.22222222222222,51.5625,87.09677419354838,670.7736687623143,82.55793694382942
1,0.5159817337989807,9.375,13.72549019607843,96.15384615384616,52.38095238095238,54.90196078431372,86.53846153846153,41.39583586100227,255.73168172693892
2,0.3297872245311737,8.556149732620321,7.142857142857143,90.20979020979021,49.73262032085562,51.07913669064748,81.81818181818181,696.3584711010091,-35.06524102073202
3,0.384892076253891,8.955223880597014,7.317073170731708,89.32038834951456,48.1203007518797,43.90243902439025,84.46601941747574,-96.11105676611228,-97.60414084026694
4,0.3798076808452606,8.620689655172415,5.633802816901408,88.60759493670886,53.44827586206897,50.70422535211268,80.76923076923077,382.05829985277995,678.7940878989605
5,0.37478992342948914,9.322033898305085,6.666666666666667,91.38755980861244,50.212765957446805,52.666666666666664,82.77511961722487,-41.06807507595893,-91.88465798915678
6,0.39258450269699097,8.785529715762275,9.0,93.33333333333333,48.96373056994819,49.5,86.06060606060606,-88.70251464047976,-96.00669321822147
