,Test_accuracy,correct_buys,correct_sells,correct_holds,correct_low_buys,correct_high_sells,correct_mid_holds,Profit gained,buy_n_hold profit
0,0.6895161271095276,18.181818181818183,8.88888888888889,94.70588235294117,57.57575757575758,60.0,85.20710059171597,1298.976844406521,82.55793694382942
1,0.7808219194412231,14.285714285714286,14.285714285714286,93.22033898305085,66.66666666666667,57.142857142857146,85.87570621468926,798.3534297716322,255.73168172693892
2,0.6297872066497803,7.0588235294117645,5.970149253731344,89.937106918239,57.64705882352941,47.76119402985075,83.59621451104101,2833.0159501435946,-35.06524102073202
3,0.6978417038917542,8.333333333333334,10.0,89.52380952380952,58.333333333333336,50.0,84.21052631578948,-96.7924225431052,-97.60414084026694
4,0.625,13.043478260869565,4.25531914893617,90.57971014492753,52.17391304347826,44.680851063829785,83.94160583941606,2845.30024857997,678.7940878989605
5,0.6453781723976135,6.930693069306931,10.869565217391305,91.29353233830845,47.524752475247524,55.43478260869565,83.79052369077307,-66.71904153439311,-91.88465798915678
6,0.7044711112976074,10.650887573964496,10.95890410958904,91.85185185185185,53.57142857142857,47.945205479452056,84.88888888888889,-97.63839540568145,-96.00669321822147
