,Test_accuracy,correct_buys,correct_sells,correct_holds,correct_low_buys,correct_high_sells,correct_mid_holds,Profit gained,buy_n_hold profit
0,0.5806451439857483,12.0,7.142857142857143,94.36619718309859,52.0,47.27272727272727,85.21126760563381,522.8310743491865,82.55793694382942
1,0.5616438388824463,9.433962264150944,9.090909090909092,93.44262295081967,57.69230769230769,50.0,86.88524590163935,147.78497241471806,255.73168172693892
2,0.5,10.526315789473685,9.574468085106384,93.75,48.68421052631579,43.61702127659574,85.20179372197309,17548.51108231793,-35.06524102073202
3,0.4676258862018585,8.333333333333334,12.5,89.23076923076923,48.598130841121495,42.5,83.07692307692308,-95.15127285885039,-97.60414084026694
4,0.6442307829856873,8.823529411764707,8.823529411764707,91.42857142857143,58.8235294117647,55.88235294117647,85.61151079136691,29.33881268533466,678.7940878989605
5,0.5126050710678101,9.75609756097561,9.090909090909092,92.64214046822742,43.90243902439025,44.696969696969695,84.56375838926175,-22.022221367898723,-91.88465798915678
6,0.5038167834281921,8.80281690140845,6.586826347305389,91.41630901287553,50.17667844522968,47.90419161676647,83.2618025751073,-81.92867051895723,-96.00669321822147
