,Test_accuracy,correct_buys,correct_sells,correct_holds,correct_low_buys,correct_high_sells,correct_mid_holds,Profit gained,buy_n_hold profit
0,0.5645161271095276,16.949152542372882,8.19672131147541,97.65625,52.54237288135593,62.295081967213115,88.18897637795276,416.7056228220072,82.55793694382942
1,0.6712328791618347,11.11111111111111,22.857142857142858,96.40287769784173,56.81818181818182,60.0,87.76978417266187,124.35341410038217,255.73168172693892
2,0.48085105419158936,7.086614173228346,6.542056074766355,88.98305084745763,51.181102362204726,52.33644859813084,81.70212765957447,2756.4485796214954,-35.06524102073202
3,0.5935251712799072,7.042253521126761,7.142857142857143,88.26815642458101,52.857142857142854,50.0,83.79888268156425,-96.708331194553,-97.60414084026694
4,0.5144230723381042,9.375,6.153846153846154,90.09009009009009,53.125,47.69230769230769,83.63636363636364,76.70866901969441,678.7940878989605
5,0.5260504484176636,8.108108108108109,9.16030534351145,91.45569620253164,47.2972972972973,56.48854961832061,82.22222222222223,-85.45814352877102,-91.88465798915678
6,0.5605234503746033,9.022556390977444,10.294117647058824,92.42718446601941,51.320754716981135,48.529411764705884,86.01941747572816,-92.02326965344099,-96.00669321822147
