,Test_accuracy,correct_buys,correct_sells,correct_holds,correct_low_buys,correct_high_sells,correct_mid_holds,Profit gained,buy_n_hold profit
0,0.7782257795333862,5.2631578947368425,14.814814814814815,93.06930693069307,52.63157894736842,59.25925925925926,82.58706467661692,975.447295550547,82.55793694382942
1,0.8401826620101929,14.285714285714286,0.0,91.91919191919192,76.92307692307692,57.142857142857146,84.84848484848484,963.8033553206103,255.73168172693892
2,0.7255319356918335,8.0,5.769230769230769,90.76086956521739,60.0,50.0,84.19618528610354,1241.5497955195965,-35.06524102073202
3,0.7841726541519165,0.0,0.0,88.25910931174089,39.130434782608695,37.5,82.11382113821138,-96.52115281788471,-97.60414084026694
4,0.7355769276618958,5.882352941176471,4.166666666666667,90.41916167664671,41.1764705882353,50.0,83.73493975903614,161.62640716091835,678.7940878989605
5,0.756302535533905,13.793103448275861,11.290322580645162,91.57894736842105,53.44827586206897,61.29032258064516,84.17721518987342,-87.0378710558321,-91.88465798915678
6,0.7797164916992188,14.414414414414415,8.16326530612245,91.8097754293263,54.054054054054056,53.06122448979592,85.05291005291005,-95.182972530555,-96.00669321822147
