,Test_accuracy,correct_buys,correct_sells,correct_holds,correct_low_buys,correct_high_sells,correct_mid_holds,Profit gained,buy_n_hold profit
0,0.7903226017951965,13.793103448275861,0.0,92.7536231884058,51.724137931034484,41.666666666666664,83.98058252427184,31.8794496051716,82.55793694382942
1,0.7579908967018127,7.6923076923076925,6.666666666666667,91.57303370786516,61.53846153846154,66.66666666666667,85.31073446327683,907.9683585798853,255.73168172693892
2,0.7659574747085571,10.909090909090908,3.8461538461538463,90.74550128534705,61.81818181818182,46.15384615384615,84.27835051546391,1305.3246230888826,-35.06524102073202
3,0.7589927911758423,15.789473684210526,0.0,90.70796460176992,42.10526315789474,42.857142857142854,84.88888888888889,-97.10097461125352,-97.60414084026694
4,0.7259615659713745,8.695652173913043,4.761904761904762,90.2439024390244,65.21739130434783,66.66666666666667,83.43558282208589,1214.6394289052432,678.7940878989605
5,0.7344537973403931,10.95890410958904,6.122448979591836,90.06342494714588,50.68493150684932,59.183673469387756,83.26271186440678,110.9633174410166,-91.88465798915678
6,0.7241003513336182,6.837606837606837,1.408450704225352,89.84910836762688,56.03448275862069,50.70422535211268,82.85322359396433,-92.76496881197421,-96.00669321822147
