,Test_accuracy,correct_buys,correct_sells,correct_holds,correct_low_buys,correct_high_sells,correct_mid_holds,Profit gained,buy_n_hold profit
0,0.5846773982048035,10.606060606060606,5.405405405405405,93.79310344827586,51.515151515151516,54.054054054054056,83.33333333333333,99.87567565120813,82.55793694382942
1,0.5981734991073608,6.896551724137931,14.285714285714286,92.4812030075188,50.0,60.714285714285715,84.0909090909091,287.6001703106577,255.73168172693892
2,0.5276595950126648,5.405405405405405,8.19672131147541,90.03831417624521,45.270270270270274,59.01639344262295,83.84615384615384,611.0815958618008,-35.06524102073202
3,0.5431654453277588,9.782608695652174,6.666666666666667,89.74358974358974,44.56521739130435,53.333333333333336,82.58064516129032,-96.07641608762388,-97.60414084026694
4,0.557692289352417,8.16326530612245,9.523809523809524,92.3076923076923,55.10204081632653,59.523809523809526,85.34482758620689,827.3050404578655,678.7940878989605
5,0.5310924649238586,8.670520231213873,6.521739130434782,89.39393939393939,50.28901734104046,56.52173913043478,83.58662613981762,-66.02715530894753,-91.88465798915678
6,0.5005452632904053,7.6923076923076925,5.2631578947368425,89.5615866388309,51.578947368421055,50.0,82.25469728601253,-66.13709853642465,-96.00669321822147
