,Test_accuracy,correct_buys,correct_sells,correct_holds,correct_low_buys,correct_high_sells,correct_mid_holds,Profit gained,buy_n_hold profit
0,0.27419355511665344,7.446808510638298,4.395604395604396,90.47619047619048,47.87234042553192,47.77777777777778,79.36507936507937,72.65600049546049,82.55793694382942
1,0.29223743081092834,6.666666666666667,8.219178082191782,92.85714285714286,50.561797752808985,49.31506849315068,80.35714285714286,344.99476934691796,255.73168172693892
2,0.2851063907146454,7.6923076923076925,7.142857142857143,89.25619834710744,50.76923076923077,48.36601307189542,80.16528925619835,1338.192667122579,-35.06524102073202
3,0.2841726541519165,8.02919708029197,10.666666666666666,90.9090909090909,41.1764705882353,50.666666666666664,87.87878787878788,-95.8309851080675,-97.60414084026694
4,0.2884615361690521,9.615384615384615,6.0606060606060606,85.96491228070175,53.84615384615385,47.95918367346939,80.70175438596492,1284.929237803963,678.7940878989605
5,0.32605043053627014,9.322033898305085,10.447761194029852,95.56962025316456,51.271186440677965,52.23880597014925,91.0828025477707,348.4044993915339,-91.88465798915678
6,0.28244274854660034,8.465608465608465,7.594936708860759,91.03139013452915,49.86737400530504,47.151898734177216,85.20179372197309,-92.9890114855736,-96.00669321822147
