,Test_accuracy,correct_buys,correct_sells,correct_holds,correct_low_buys,correct_high_sells,correct_mid_holds,Profit gained,buy_n_hold profit
0,0.28629031777381897,5.769230769230769,5.2631578947368425,89.70588235294117,42.30769230769231,44.73684210526316,83.58208955223881,-58.95107499245557,82.55793694382942
1,0.29680365324020386,5.504587155963303,9.615384615384615,93.10344827586206,53.211009174311926,50.0,89.47368421052632,325.3292549471418,255.73168172693892
2,0.23829787969589233,7.608695652173913,6.60377358490566,95.45454545454545,40.72727272727273,48.113207547169814,86.36363636363636,8982.507919925329,-35.06524102073202
3,0.18705035746097565,7.368421052631579,13.793103448275861,100.0,41.26984126984127,51.724137931034484,90.0,-96.56574982643703,-97.60414084026694
4,0.4375,8.064516129032258,5.357142857142857,92.22222222222223,45.16129032258065,46.42857142857143,86.51685393258427,1841.6817250663876,678.7940878989605
5,0.24201680719852448,8.445945945945946,8.152173913043478,90.43478260869566,48.986486486486484,53.26086956521739,81.57894736842105,283.14881208630976,-91.88465798915678
6,0.26608505845069885,6.401766004415011,8.433734939759036,90.23255813953489,45.575221238938056,48.59437751004016,80.93023255813954,-19.366130732625237,-96.00669321822147
