,Test_accuracy,correct_buys,correct_sells,correct_holds,correct_low_buys,correct_high_sells,correct_mid_holds,Profit gained,buy_n_hold profit
0,0.6209677457809448,7.407407407407407,8.108108108108109,93.63057324840764,51.851851851851855,56.75675675675676,83.33333333333333,-13.860500272814887,82.55793694382942
1,0.6484017968177795,6.122448979591836,12.0,93.79310344827586,53.06122448979592,60.0,87.5,290.566681213243,255.73168172693892
2,0.6468085050582886,9.0,6.382978723404255,90.40247678018576,58.0,59.57446808510638,83.85093167701864,9354.927672496362,-35.06524102073202
3,0.6007194519042969,10.0,3.4482758620689653,88.8268156424581,44.285714285714285,48.275862068965516,82.02247191011236,-95.17721249877823,-97.60414084026694
4,0.7115384340286255,13.636363636363637,9.67741935483871,91.61290322580645,68.18181818181819,54.83870967741935,85.06493506493507,5608.613396732514,678.7940878989605
5,0.6134454011917114,9.420289855072463,9.45945945945946,90.07832898172323,53.6231884057971,67.56756756756756,82.98429319371728,-7.933260517660003,-91.88465798915678
6,0.6510359644889832,10.471204188481675,8.653846153846153,91.31832797427653,54.21052631578947,59.61538461538461,84.40514469453376,-71.73825569918031,-96.00669321822147
