,Test_accuracy,correct_buys,correct_sells,correct_holds,correct_low_buys,correct_high_sells,correct_mid_holds,Profit gained,buy_n_hold profit
0,0.5161290168762207,8.771929824561404,4.918032786885246,92.3076923076923,45.6140350877193,50.81967213114754,79.84496124031008,-35.325404038249275,82.55793694382942
1,0.5479452013969421,8.0,11.764705882352942,93.22033898305085,48.97959183673469,50.98039215686274,85.59322033898304,539.9384401428905,255.73168172693892
2,0.5340425372123718,11.965811965811966,6.0,91.30434782608695,59.82905982905983,47.474747474747474,84.58498023715416,309.0076402756584,-35.06524102073202
3,0.5575539469718933,9.58904109589041,15.686274509803921,90.9090909090909,53.42465753424658,47.05882352941177,84.9673202614379,-91.8264446490492,-97.60414084026694
4,0.4375,11.428571428571429,6.097560975609756,90.10989010989012,54.285714285714285,49.382716049382715,83.51648351648352,282.33688491103817,678.7940878989605
5,0.5512605309486389,10.256410256410257,9.523809523809524,91.23867069486406,52.99145299145299,52.38095238095238,85.15151515151516,-53.249825758624084,-91.88465798915678
6,0.5507088303565979,8.547008547008547,10.674157303370787,92.27722772277228,52.99145299145299,51.12359550561798,86.30952380952381,-24.5957225990297,-96.00669321822147
