,Test_accuracy,correct_buys,correct_sells,correct_holds,correct_low_buys,correct_high_sells,correct_mid_holds,Profit gained,buy_n_hold profit
0,0.7661290168762207,6.0606060606060606,0.0,92.15686274509804,51.515151515151516,18.181818181818183,82.26600985221675,-47.526751035566384,82.55793694382942
1,0.7031963467597961,8.108108108108109,9.523809523809524,92.54658385093168,44.44444444444444,57.142857142857146,85.71428571428571,74.37756634096428,255.73168172693892
2,0.7872340679168701,14.516129032258064,6.25,91.83673469387755,53.225806451612904,56.25,85.42199488491049,-34.235724151927826,-35.06524102073202
3,0.7338129281997681,8.88888888888889,16.666666666666668,89.59276018099547,57.77777777777778,33.333333333333336,84.0909090909091,-96.75555957917751,-97.60414084026694
4,0.7596153616905212,16.666666666666668,8.695652173913043,91.61676646706587,55.55555555555556,60.869565217391305,85.5421686746988,309.3437800734317,678.7940878989605
5,0.7966386675834656,18.96551724137931,10.81081081081081,91.8,55.172413793103445,54.054054054054056,84.5691382765531,-21.64864175147902,-91.88465798915678
6,0.7808069586753845,10.377358490566039,2.9411764705882355,90.6048906048906,49.523809523809526,41.1764705882353,84.2985842985843,-92.30045390326913,-96.00669321822147
