,Test_accuracy,correct_buys,correct_sells,correct_holds,correct_low_buys,correct_high_sells,correct_mid_holds,Profit gained,buy_n_hold profit
0,0.7137096524238586,7.5,4.761904761904762,92.51336898395722,47.5,28.571428571428573,81.72043010752688,-18.66345772739686,82.55793694382942
1,0.6621004343032837,6.976744186046512,11.538461538461538,92.66666666666667,41.86046511627907,57.69230769230769,85.23489932885906,98.42965827816874,255.73168172693892
2,0.7340425252914429,14.102564102564102,6.451612903225806,91.96675900277009,52.56410256410256,58.064516129032256,85.55555555555556,-16.02929944949763,-35.06524102073202
3,0.6870503425598145,10.344827586206897,15.789473684210526,90.54726368159204,51.724137931034484,42.10526315789474,86.0,-92.7139111306074,-97.60414084026694
4,0.6730769276618958,15.0,8.88888888888889,93.00699300699301,50.0,53.333333333333336,85.91549295774648,395.4045412359545,678.7940878989605
5,0.756302535533905,17.46031746031746,10.169491525423728,91.54334038054968,53.96825396825397,57.6271186440678,84.11016949152543,-30.959511355514223,-91.88465798915678
6,0.7448200583457947,10.833333333333334,4.918032786885246,90.625,47.89915966386555,47.540983606557376,84.10326086956522,-91.87070563493234,-96.00669321822147
