,Test_accuracy,correct_buys,correct_sells,correct_holds,correct_low_buys,correct_high_sells,correct_mid_holds,Profit gained,buy_n_hold profit
0,0.1733870953321457,8.98876404494382,3.937007874015748,93.75,44.943820224719104,49.20634920634921,81.25,-60.025297712032554,82.55793694382942
1,0.21917808055877686,6.896551724137931,8.24742268041237,97.14285714285714,51.16279069767442,49.48453608247423,80.0,682.1082456885283,255.73168172693892
2,0.2468085139989853,9.55056179775281,7.389162561576355,94.38202247191012,53.37078651685393,50.495049504950494,84.26966292134831,31159.984979493187,-35.06524102073202
3,0.24100719392299652,9.01639344262295,7.8431372549019605,88.88888888888889,43.442622950819676,49.01960784313726,84.90566037735849,-95.77715444004481,-97.60414084026694
4,0.20673076808452606,10.638297872340425,6.349206349206349,85.71428571428571,57.4468085106383,49.6,77.14285714285714,378.87104253035295,678.7940878989605
5,0.25882354378700256,10.648148148148149,7.984790874524715,94.82758620689656,53.7037037037037,49.61832061068702,87.93103448275862,151.05402376769385,-91.88465798915678
6,0.22900763154029846,8.645533141210375,7.389162561576355,91.46341463414635,51.73410404624278,48.76847290640394,80.48780487804878,-91.54475140987249,-96.00669321822147
