,Test_accuracy,correct_buys,correct_sells,correct_holds,correct_low_buys,correct_high_sells,correct_mid_holds,Profit gained,buy_n_hold profit
0,0.6895161271095276,10.204081632653061,4.545454545454546,93.22033898305085,44.89795918367347,27.272727272727273,82.95454545454545,-66.73469220802218,82.55793694382942
1,0.6803653240203857,9.75609756097561,11.538461538461538,93.42105263157895,43.90243902439025,57.69230769230769,86.09271523178808,67.13824136602534,255.73168172693892
2,0.7170212864875793,14.457831325301205,5.555555555555555,92.02279202279202,56.626506024096386,55.55555555555556,85.14285714285714,83.79783011681047,-35.06524102073202
3,0.6618704795837402,11.11111111111111,13.636363636363637,90.15544041450777,52.38095238095238,40.90909090909091,85.41666666666667,-93.92413019454801,-97.60414084026694
4,0.6634615659713745,15.0,8.88888888888889,91.60839160839161,50.0,55.55555555555556,84.50704225352112,411.1349205121919,678.7940878989605
5,0.7210084199905396,17.72151898734177,7.246376811594203,91.72259507829978,59.49367088607595,53.6231884057971,84.97757847533633,-13.649271826159366,-91.88465798915678
6,0.7251908183097839,9.420289855072463,4.918032786885246,90.3899721448468,50.36496350364963,49.18032786885246,84.12256267409471,-92.46463229167516,-96.00669321822147
