,Test_accuracy,correct_buys,correct_sells,correct_holds,correct_low_buys,correct_high_sells,correct_mid_holds,Profit gained,buy_n_hold profit
0,0.41532257199287415,9.375,4.819277108433735,92.07920792079207,43.75,51.80722891566265,79.0,-48.419007852164896,82.55793694382942
1,0.4931506812572479,9.090909090909092,13.636363636363637,95.91836734693878,53.7037037037037,50.0,87.75510204081633,266.0190995344512,255.73168172693892
2,0.40425533056259155,10.738255033557047,7.638888888888889,92.090395480226,55.70469798657718,50.34965034965035,83.05084745762711,7.072786330976186,-35.06524102073202
3,0.48201438784599304,11.956521739130435,12.698412698412698,93.4959349593496,53.26086956521739,49.20634920634921,88.52459016393442,-81.2799256778556,-97.60414084026694
4,0.35576921701431274,10.0,5.319148936170213,87.83783783783784,52.5,49.46236559139785,81.08108108108108,298.36354011997327,678.7940878989605
5,0.45546218752861023,11.11111111111111,8.670520231213873,91.53846153846153,51.851851851851855,53.75722543352601,84.55598455598455,-45.18337904760392,-91.88465798915678
6,0.42966192960739136,8.974358974358974,9.745762711864407,92.95392953929539,52.41157556270097,50.42372881355932,85.90785907859079,-63.048610783831094,-96.00669321822147
