,Test_accuracy,correct_buys,correct_sells,correct_holds,correct_low_buys,correct_high_sells,correct_mid_holds,Profit gained,buy_n_hold profit
0,0.6935483813285828,10.0,3.5714285714285716,92.77777777777777,60.0,46.42857142857143,83.24022346368714,14.188051044306322,82.55793694382942
1,0.7214611768722534,8.333333333333334,14.285714285714286,93.82716049382717,58.333333333333336,66.66666666666667,86.95652173913044,1282.7302005336587,255.73168172693892
2,0.7021276354789734,8.433734939759036,8.823529411764707,90.65155807365439,56.626506024096386,55.88235294117647,84.0909090909091,1436.1276143300809,-35.06524102073202
3,0.6654676198959351,10.714285714285714,4.3478260869565215,89.44723618090453,41.07142857142857,47.82608695652174,82.82828282828282,-95.73178099094284,-97.60414084026694
4,0.7788461446762085,18.75,13.043478260869565,92.3076923076923,68.75,52.17391304347826,86.30952380952381,4630.660256765255,678.7940878989605
5,0.6890756487846375,8.16326530612245,10.526315789473685,90.0,54.08163265306123,70.17543859649123,82.6879271070615,103.67647437716853,-91.88465798915678
6,0.6968374848365784,9.45945945945946,5.9523809523809526,90.51094890510949,55.10204081632653,57.142857142857146,84.08759124087591,-82.78061223910375,-96.00669321822147
