,Test_accuracy,correct_buys,correct_sells,correct_holds,correct_low_buys,correct_high_sells,correct_mid_holds,Profit gained,buy_n_hold profit
0,0.4838709533214569,6.25,0.0,93.33333333333333,43.75,0.0,84.03361344537815,169.93222819096172,82.55793694382942
1,0.47488585114479065,6.140350877192983,0.0,92.38095238095238,49.557522123893804,0.0,85.71428571428571,312.1058098474777,255.73168172693892
2,0.42553192377090454,6.015037593984962,0.0,90.19607843137256,39.473684210526315,0.0,83.74384236453201,-36.13179867538024,-35.06524102073202
3,0.3525179922580719,6.629834254143646,0.0,88.65979381443299,40.0,0.0,83.50515463917526,-97.60414084026694,-97.60414084026694
4,0.5913461446762085,7.407407407407407,0.0,92.1259842519685,41.97530864197531,0.0,84.92063492063492,883.8418181600364,678.7940878989605
5,0.4638655483722687,6.752411575562701,0.0,89.78873239436619,47.74193548387097,0.0,82.04225352112677,-91.88465798915678,-91.88465798915678
6,0.44820064306259155,5.930470347648262,0.0,89.25233644859813,45.28688524590164,0.0,84.57943925233644,-93.8496316787998,-96.00669321822147
