,Test_accuracy,correct_buys,correct_sells,correct_holds,correct_low_buys,correct_high_sells,correct_mid_holds,Profit gained,buy_n_hold profit
0,0.3588709533214569,8.641975308641975,5.813953488372093,95.06172839506173,48.148148148148145,48.83720930232558,82.5,-43.24413013101634,82.55793694382942
1,0.42465752363204956,5.405405405405405,13.114754098360656,96.42857142857143,50.0,57.377049180327866,87.95180722891567,820.2721160282479,255.73168172693892
2,0.3914893567562103,9.554140127388536,6.617647058823529,90.3954802259887,57.32484076433121,53.333333333333336,82.48587570621469,21978.769007237945,-35.06524102073202
3,0.3992805778980255,9.174311926605505,9.523809523809524,89.62264150943396,46.788990825688074,53.96825396825397,83.80952380952381,-95.09076123889118,-97.60414084026694
4,0.41826921701431274,14.705882352941176,6.593406593406593,91.56626506024097,67.6470588235294,52.22222222222222,83.13253012048193,303.76933707939753,678.7940878989605
5,0.4084033668041229,10.416666666666666,9.89010989010989,92.76018099547511,53.645833333333336,54.395604395604394,85.9090909090909,39.84824637010422,-91.88465798915678
6,0.42093783617019653,10.273972602739725,8.614232209737828,93.01675977653632,53.608247422680414,49.81273408239701,85.19553072625699,-90.18132755557062,-96.00669321822147
