,Test_accuracy,correct_buys,correct_sells,correct_holds,correct_low_buys,correct_high_sells,correct_mid_holds,Profit gained,buy_n_hold profit
0,0.7782257795333862,3.5714285714285716,0.0,91.86602870813397,50.0,27.272727272727273,81.73076923076923,-17.086113028525503,82.55793694382942
1,0.7351598143577576,7.407407407407407,9.090909090909092,92.3529411764706,37.03703703703704,59.09090909090909,85.79881656804734,56.1664878739422,255.73168172693892
2,0.7936170101165771,16.071428571428573,0.0,91.91919191919192,55.357142857142854,38.888888888888886,85.82278481012658,-62.10515334040034,-35.06524102073202
3,0.7446042895317078,9.75609756097561,15.384615384615385,89.73214285714286,53.65853658536585,30.76923076923077,83.85650224215247,-96.99290227554066,-97.60414084026694
4,0.7692307829856873,12.5,9.523809523809524,91.2280701754386,50.0,52.38095238095238,85.29411764705883,192.49231253627977,678.7940878989605
5,0.8067227005958557,20.0,11.11111111111111,91.55206286836935,50.0,52.77777777777778,84.05511811023622,-43.64934323292307,-91.88465798915678
6,0.7840785384178162,8.51063829787234,2.7027027027027026,90.33078880407125,46.236559139784944,40.54054054054054,83.96946564885496,-94.55124725202573,-96.00669321822147
