,Test_accuracy,correct_buys,correct_sells,correct_holds,correct_low_buys,correct_high_sells,correct_mid_holds,Profit gained,buy_n_hold profit
0,0.7983871102333069,15.789473684210526,0.0,92.41706161137441,68.42105263157895,50.0,83.33333333333333,132.13166650305484,82.55793694382942
1,0.8264840245246887,10.526315789473685,25.0,93.61702127659575,73.6842105263158,91.66666666666667,87.16577540106952,837.5216736222449,255.73168172693892
2,0.8148936033248901,11.904761904761905,7.6923076923076925,90.8433734939759,54.76190476190476,53.84615384615385,84.54106280193237,136.84408616003344,-35.06524102073202
3,0.7769784331321716,12.5,0.0,89.1213389121339,54.166666666666664,46.666666666666664,82.77310924369748,-97.0370249443536,-97.60414084026694
4,0.8269230723381042,28.571428571428573,6.25,91.35135135135135,71.42857142857143,50.0,85.32608695652173,2264.4665349727898,678.7940878989605
5,0.7882353067398071,11.538461538461538,11.11111111111111,90.53254437869822,57.69230769230769,72.22222222222223,83.59683794466403,115.94726097388053,-91.88465798915678
6,0.7960741519927979,11.267605633802816,0.0,90.36295369211514,52.857142857142854,51.06382978723404,83.97997496871089,-94.48236274793781,-96.00669321822147
