,Test_accuracy,correct_buys,correct_sells,correct_holds,correct_low_buys,correct_high_sells,correct_mid_holds,Profit gained,buy_n_hold profit
0,0.7862903475761414,12.5,0.0,92.7536231884058,66.66666666666667,52.94117647058823,83.98058252427184,91.55042560938705,82.55793694382942
1,0.7945205569267273,10.714285714285714,20.0,93.37016574585635,57.142857142857146,100.0,87.22222222222223,1462.632439424228,255.73168172693892
2,0.785106360912323,8.771929824561404,8.333333333333334,90.52369077306733,59.64912280701754,50.0,84.25,4.898501041276688,-35.06524102073202
3,0.7482014298439026,8.571428571428571,0.0,89.1304347826087,40.0,46.15384615384615,82.53275109170306,-96.8165381281716,-97.60414084026694
4,0.8125,25.0,6.25,91.66666666666667,66.66666666666667,50.0,85.47486033519553,2152.5183906547145,678.7940878989605
5,0.7630252242088318,9.58904109589041,12.5,90.40816326530613,54.794520547945204,71.875,83.43558282208589,85.3200815136712,-91.88465798915678
6,0.7633587718009949,10.185185185185185,0.0,90.30144167758847,56.074766355140184,47.82608695652174,83.87942332896462,-93.16967757204804,-96.00669321822147
