,Test_accuracy,correct_buys,correct_sells,correct_holds,correct_low_buys,correct_high_sells,correct_mid_holds,Profit gained,buy_n_hold profit
0,0.6169354915618896,9.25925925925926,5.405405405405405,92.99363057324841,42.592592592592595,48.648648648648646,82.05128205128206,40.046935720146024,82.55793694382942
1,0.6164383292198181,9.090909090909092,14.285714285714286,93.98496240601504,47.72727272727273,54.76190476190476,86.36363636363636,634.1159562264442,255.73168172693892
2,0.6085106134414673,11.764705882352942,7.792207792207792,92.09621993127148,58.8235294117647,42.857142857142854,84.82758620689656,78.40673740426703,-35.06524102073202
3,0.597122311592102,12.162162162162161,15.384615384615385,91.51515151515152,55.4054054054054,51.282051282051285,85.97560975609755,-87.82089577430814,-97.60414084026694
4,0.5144230723381042,8.823529411764707,7.8125,90.0,44.11764705882353,54.6875,81.65137614678899,664.1676283852797,678.7940878989605
5,0.6117647290229797,12.5,8.547008547008547,91.17647058823529,55.76923076923077,55.55555555555556,84.71849865951742,-26.28254557606348,-91.88465798915678
6,0.6270447373390198,8.910891089108912,11.382113821138212,91.72297297297297,54.72636815920398,51.21951219512195,86.14864864864865,-80.68405012367379,-96.00669321822147
