,Test_accuracy,correct_buys,correct_sells,correct_holds,correct_low_buys,correct_high_sells,correct_mid_holds,Profit gained,buy_n_hold profit
0,0.14919355511665344,8.474576271186441,3.7735849056603774,95.83333333333333,44.91525423728814,47.61904761904762,87.5,-1.9068720133683854,82.55793694382942
1,0.14155250787734985,5.882352941176471,9.523809523809524,100.0,51.69491525423729,51.19047619047619,87.5,9980.72189568031,255.73168172693892
2,0.12978723645210266,7.335907335907336,6.857142857142857,83.33333333333333,47.87644787644788,50.57471264367816,77.77777777777777,19669.08128622891,-35.06524102073202
3,0.16187050938606262,8.588957055214724,8.98876404494382,88.46153846153847,41.358024691358025,48.31460674157304,88.46153846153847,-96.50398223288623,-97.60414084026694
4,0.12980769574642181,8.0,6.779661016949152,86.66666666666667,49.333333333333336,47.863247863247864,73.33333333333333,233.20866623315032,678.7940878989605
5,0.15294118225574493,7.951070336391437,9.049773755656108,95.74468085106383,48.92966360856269,51.13122171945702,84.78260869565217,3.1032774438552764,-91.88465798915678
6,0.15376226603984833,7.459677419354839,7.7611940298507465,90.69767441860465,47.676767676767675,48.35820895522388,82.55813953488372,-97.08518206144657,-96.00669321822147
