,Test_accuracy,correct_buys,correct_sells,correct_holds,correct_low_buys,correct_high_sells,correct_mid_holds,Profit gained,buy_n_hold profit
0,0.6169354915618896,7.936507936507937,3.8461538461538463,92.45283018867924,41.26984126984127,42.30769230769231,81.64556962025317,28.601920335526305,82.55793694382942
1,0.6301369667053223,9.803921568627452,12.903225806451612,94.16058394160584,49.01960784313726,58.064516129032256,87.5,398.5347061614644,255.73168172693892
2,0.6446808576583862,13.274336283185841,6.122448979591836,92.53246753246754,59.29203539823009,46.93877551020408,85.99348534201954,-3.61592690451603,-35.06524102073202
3,0.5791366696357727,8.974358974358974,12.5,89.28571428571429,52.56410256410256,46.875,85.02994011976048,-94.33754149812967,-97.60414084026694
4,0.567307710647583,10.714285714285714,7.017543859649122,90.2439024390244,42.857142857142854,50.87719298245614,82.78688524590164,1740.1761106156225,678.7940878989605
5,0.6369748115539551,11.818181818181818,6.818181818181818,90.68010075566751,55.04587155963303,53.40909090909091,83.62720403022671,-53.790531379766946,-91.88465798915678
6,0.6510359644889832,8.415841584158416,7.407407407407407,90.53627760252365,53.73134328358209,49.382716049382715,85.01577287066246,-73.01936547249403,-96.00669321822147
