,Test_accuracy,correct_buys,correct_sells,correct_holds,correct_low_buys,correct_high_sells,correct_mid_holds,Profit gained,buy_n_hold profit
0,0.7701612710952759,7.6923076923076925,0.0,92.6470588235294,42.30769230769231,50.0,82.75862068965517,1308.1914948257188,82.55793694382942
1,0.7808219194412231,11.11111111111111,16.666666666666668,93.22033898305085,50.0,50.0,86.36363636363636,1529.0533764989812,255.73168172693892
2,0.721276581287384,6.557377049180328,5.128205128205129,90.0,49.18032786885246,51.282051282051285,84.01084010840108,121.09750791637128,-35.06524102073202
3,0.7338129281997681,13.953488372093023,6.25,89.95433789954338,46.51162790697674,50.0,83.94495412844037,-94.55493533722017,-97.60414084026694
4,0.7355769276618958,15.789473684210526,14.705882352941176,93.54838709677419,42.10526315789474,57.57575757575758,85.80645161290323,405.4206627276745,678.7940878989605
5,0.6890756487846375,9.0,2.127659574468085,89.28571428571429,45.45454545454545,46.808510638297875,83.03571428571429,-81.464091209344,-91.88465798915678
6,0.7415485382080078,11.029411764705882,9.67741935483871,91.65507649513212,47.794117647058826,45.16129032258065,85.23676880222841,-92.58847705088058,-96.00669321822147
