,Test_accuracy,correct_buys,correct_sells,correct_holds,correct_low_buys,correct_high_sells,correct_mid_holds,Profit gained,buy_n_hold profit
0,0.8185483813285828,10.0,0.0,92.23744292237443,30.0,52.63157894736842,83.02752293577981,766.9447892051359,82.55793694382942
1,0.8036529421806335,16.666666666666668,16.0,93.4065934065934,58.333333333333336,52.0,86.1878453038674,1855.5815013966899,255.73168172693892
2,0.7829787135124207,6.25,8.333333333333334,90.29850746268657,46.875,52.77777777777778,84.03990024937656,43.02857467242802,-35.06524102073202
3,0.7625899314880371,8.333333333333334,0.0,88.60759493670886,33.333333333333336,35.294117647058826,82.62711864406779,-96.44631621802968,-97.60414084026694
4,0.7980769276618958,16.666666666666668,14.285714285714286,92.52873563218391,50.0,57.142857142857146,85.54913294797687,2842.2947024862383,678.7940878989605
5,0.7445378303527832,5.555555555555555,0.0,88.88888888888889,48.148148148148145,34.78260869565217,82.5910931174089,-39.62295716555146,-91.88465798915678
6,0.7917121052742004,12.5,6.666666666666667,91.63449163449164,48.75,40.0,85.18041237113403,-82.91079407972134,-96.00669321822147
