,Test_accuracy,correct_buys,correct_sells,correct_holds,correct_low_buys,correct_high_sells,correct_mid_holds,Profit gained,buy_n_hold profit
0,0.3911290466785431,8.474576271186441,4.761904761904762,96.5909090909091,44.067796610169495,45.23809523809524,86.20689655172414,-18.988067488908072,82.55793694382942
1,0.32420089840888977,5.172413793103448,10.81081081081081,92.42424242424242,50.43478260869565,56.75675675675676,84.84848484848484,708.8411189506435,255.73168172693892
2,0.3617021143436432,7.203389830508475,10.666666666666666,91.19496855345912,43.829787234042556,50.666666666666664,86.16352201257861,341.0056988021766,-35.06524102073202
3,0.3741007149219513,8.51063829787234,13.953488372093023,91.48936170212765,46.42857142857143,58.13953488372093,81.91489361702128,-95.05212057353987,-97.60414084026694
4,0.504807710647583,9.25925925925926,11.11111111111111,94.0,42.592592592592595,59.25925925925926,89.8989898989899,870.8669600787056,678.7940878989605
5,0.2705882489681244,6.358381502890174,9.70873786407767,88.35616438356165,44.34782608695652,56.310679611650485,79.45205479452055,-68.85254493985016,-91.88465798915678
6,0.3064340353012085,6.4638783269961975,11.971830985915492,92.36947791164658,45.627376425855516,53.521126760563384,87.5,-25.104354028675687,-96.00669321822147
