,Test_accuracy,correct_buys,correct_sells,correct_holds,correct_low_buys,correct_high_sells,correct_mid_holds,Profit gained,buy_n_hold profit
0,0.5846773982048035,12.76595744680851,3.508771929824561,95.13888888888889,48.93617021276596,50.87719298245614,85.31468531468532,88.35778936879404,82.55793694382942
1,0.6255707740783691,5.405405405405405,15.555555555555555,93.43065693430657,44.44444444444444,53.333333333333336,86.86131386861314,156.18841753230294,255.73168172693892
2,0.6191489100456238,5.555555555555555,7.228915662650603,89.2063492063492,54.166666666666664,58.53658536585366,83.4920634920635,881.8235509660077,-35.06524102073202
3,0.5935251712799072,8.955223880597014,15.909090909090908,91.01796407185628,46.96969696969697,61.36363636363637,85.02994011976048,-92.55609165180216,-97.60414084026694
4,0.567307710647583,20.833333333333332,9.722222222222221,94.64285714285714,54.166666666666664,51.388888888888886,88.28828828828829,97.04336200489485,678.7940878989605
5,0.5647059082984924,8.904109589041095,11.009174311926605,91.47058823529412,44.13793103448276,55.04587155963303,86.17647058823529,-63.45289055905825,-91.88465798915678
6,0.5452562570571899,8.0,10.303030303030303,92.23107569721115,47.2,50.303030303030305,86.42714570858283,-87.08548066781111,-96.00669321822147
