,Test_accuracy,correct_buys,correct_sells,correct_holds,correct_low_buys,correct_high_sells,correct_mid_holds,Profit gained,buy_n_hold profit
0,0.6129032373428345,10.256410256410257,3.7735849056603774,93.58974358974359,46.15384615384615,47.16981132075472,83.87096774193549,856.9402224344939,82.55793694382942
1,0.6164383292198181,5.128205128205129,13.953488372093023,92.7007299270073,47.36842105263158,44.18604651162791,86.13138686131387,254.8683617754163,255.73168172693892
2,0.651063859462738,5.555555555555555,7.462686567164179,89.72809667673717,52.77777777777778,54.54545454545455,84.29003021148036,564.3597882644256,-35.06524102073202
3,0.6223021745681763,9.523809523809524,9.375,89.61748633879782,46.774193548387096,56.25,83.60655737704919,-91.8782305352407,-97.60414084026694
4,0.6153846383094788,17.391304347826086,11.475409836065573,94.35483870967742,43.47826086956522,54.09836065573771,86.99186991869918,202.43551508144267,678.7940878989605
5,0.5714285969734192,8.333333333333334,9.375,89.85915492957747,47.55244755244755,53.125,83.94366197183099,-72.77441466463102,-91.88465798915678
6,0.5986914038658142,8.968609865470851,10.294117647058824,92.29390681003584,47.53363228699551,52.205882352941174,86.17594254937164,-77.06662808959472,-96.00669321822147
