,Test_accuracy,correct_buys,correct_sells,correct_holds,correct_low_buys,correct_high_sells,correct_mid_holds,Profit gained,buy_n_hold profit
0,0.6653226017951965,8.823529411764707,2.5,92.52873563218391,47.05882352941177,50.0,83.81502890173411,618.2947831579194,82.55793694382942
1,0.7168949842453003,8.333333333333334,14.705882352941176,93.16770186335404,50.0,50.0,86.25,298.6779871861581,255.73168172693892
2,0.6851063966751099,7.8125,5.2631578947368425,89.97134670487107,53.125,57.142857142857146,84.5272206303725,460.1430920604265,-35.06524102073202
3,0.6798561215400696,10.0,4.3478260869565215,89.26829268292683,46.0,52.17391304347826,83.33333333333333,-91.81864342919076,-97.60414084026694
4,0.6730769276618958,22.22222222222222,11.538461538461538,94.20289855072464,50.0,55.76923076923077,86.86131386861314,320.5018228544841,678.7940878989605
5,0.6184874176979065,8.870967741935484,7.594936708860759,89.54081632653062,46.34146341463415,49.36708860759494,83.16326530612245,-83.1470163553975,-91.88465798915678
6,0.6793892979621887,11.731843575418994,10.416666666666666,92.21183800623054,48.04469273743017,46.875,85.8034321372855,-93.0470402908888,-96.00669321822147
