,Test_accuracy,correct_buys,correct_sells,correct_holds,correct_low_buys,correct_high_sells,correct_mid_holds,Profit gained,buy_n_hold profit
0,0.524193525314331,10.909090909090908,4.615384615384615,94.53125,45.45454545454545,53.84615384615385,85.03937007874016,198.7611426584579,82.55793694382942
1,0.6027397513389587,5.128205128205129,16.0,93.84615384615384,52.63157894736842,58.0,87.6923076923077,123.11853335146424,255.73168172693892
2,0.5489361882209778,9.278350515463918,5.0,89.37728937728937,55.670103092783506,54.54545454545455,84.24908424908425,2935.9383698861475,-35.06524102073202
3,0.5071942210197449,10.465116279069768,13.793103448275861,92.53731343283582,55.294117647058826,53.44827586206897,86.56716417910448,-91.91669358632018,-97.60414084026694
4,0.5144230723381042,17.24137931034483,8.974358974358974,94.05940594059406,51.724137931034484,51.282051282051285,88.0,142.0711417325414,678.7940878989605
5,0.48739495873451233,8.839779005524862,8.130081300813009,90.72164948453609,45.55555555555556,51.21951219512195,83.8487972508591,-94.20434874558751,-91.88465798915678
6,0.49618321657180786,8.896797153024911,9.042553191489361,92.1875,50.5338078291815,53.191489361702125,86.12975391498881,-8.611040625884712,-96.00669321822147
