,Test_accuracy,correct_buys,correct_sells,correct_holds,correct_low_buys,correct_high_sells,correct_mid_holds,Profit gained,buy_n_hold profit
0,0.7379032373428345,10.344827586206897,0.0,92.78350515463917,51.724137931034484,56.0,83.93782383419689,705.3885636079063,82.55793694382942
1,0.767123281955719,10.0,16.0,93.10344827586206,55.0,52.0,86.1271676300578,1963.1407816759765,255.73168172693892
2,0.7191489338874817,6.779661016949152,6.818181818181818,90.19073569482289,50.847457627118644,50.0,84.42622950819673,205.25130974173845,-35.06524102073202
3,0.7122302055358887,11.11111111111111,5.2631578947368425,89.7196261682243,42.22222222222222,42.10526315789474,84.50704225352112,-95.96408100492577,-97.60414084026694
4,0.6971153616905212,13.636363636363637,12.820512820512821,93.19727891156462,40.90909090909091,57.89473684210526,85.71428571428571,458.5442251632686,678.7940878989605
5,0.658823549747467,9.322033898305085,3.7735849056603774,89.38679245283019,47.00854700854701,49.056603773584904,83.01886792452831,-83.30797547859628,-91.88465798915678
6,0.7066521048545837,10.179640718562874,11.267605633802816,91.75257731958763,47.30538922155689,43.66197183098591,85.25073746312684,-94.12916375069995,-96.00669321822147
