,Test_accuracy,correct_buys,correct_sells,correct_holds,correct_low_buys,correct_high_sells,correct_mid_holds,Profit gained,buy_n_hold profit
0,0.8185483813285828,8.333333333333334,0.0,92.23744292237443,41.666666666666664,58.8235294117647,83.02752293577981,1583.7142213303835,82.55793694382942
1,0.7990867495536804,13.333333333333334,17.391304347826086,93.37016574585635,60.0,47.82608695652174,86.11111111111111,2019.2081144218637,255.73168172693892
2,0.7744680643081665,7.5,8.823529411764707,90.4040404040404,52.5,52.94117647058823,83.79746835443038,42.81120735027841,-35.06524102073202
3,0.7661870718002319,10.714285714285714,0.0,88.98305084745763,35.714285714285715,42.857142857142854,83.40425531914893,-96.1542758128142,-97.60414084026694
4,0.7692307829856873,9.090909090909092,13.793103448275861,92.26190476190476,54.54545454545455,58.62068965517241,85.02994011976048,3280.0431071097278,678.7940878989605
5,0.7361344695091248,8.823529411764707,2.2222222222222223,89.41908713692946,47.05882352941177,46.666666666666664,83.16008316008316,-65.37568921076777,-91.88465798915678
6,0.7731733918190002,11.11111111111111,8.064516129032258,91.66666666666667,48.484848484848484,43.54838709677419,85.29801324503312,-86.51917972160965,-96.00669321822147
