,Test_accuracy,correct_buys,correct_sells,correct_holds,correct_low_buys,correct_high_sells,correct_mid_holds,Profit gained,buy_n_hold profit
0,0.5846773982048035,11.11111111111111,1.639344262295082,92.71523178807946,51.42857142857143,44.26229508196721,82.11920529801324,162.53706125194537,82.55793694382942
1,0.6164383292198181,9.67741935483871,12.727272727272727,93.98496240601504,58.064516129032256,59.25925925925926,84.9624060150376,328.8585157326116,255.73168172693892
2,0.5723404288291931,12.5,6.185567010309279,90.61371841155234,55.208333333333336,64.94845360824742,85.5072463768116,1010.3970401613749,-35.06524102073202
3,0.568345308303833,9.523809523809524,11.320754716981131,90.12345679012346,52.38095238095238,62.264150943396224,84.472049689441,-90.74085758996267,-97.60414084026694
4,0.557692289352417,9.523809523809524,7.352941176470588,91.59663865546219,42.857142857142854,57.35294117647059,84.7457627118644,418.6376357225757,678.7940878989605
5,0.5915966629981995,20.535714285714285,13.855421686746988,96.52996845425868,66.07142857142857,57.83132530120482,87.34177215189874,858.8269786873443,-91.88465798915678
6,0.6139585375785828,13.966480446927374,13.471502590673575,93.94495412844037,58.98876404494382,52.33160621761658,86.60550458715596,-56.67601246969104,-96.00669321822147
