,Test_accuracy,correct_buys,correct_sells,correct_holds,correct_low_buys,correct_high_sells,correct_mid_holds,Profit gained,buy_n_hold profit
0,0.08064515888690948,8.333333333333334,3.6036036036036037,100.0,46.96969696969697,50.0,80.0,9.105065132623096,82.55793694382942
1,0.09132420271635056,5.511811023622047,9.30232558139535,83.33333333333333,53.17460317460318,50.0,66.66666666666667,274.8442851776389,255.73168172693892
2,0.11063829809427261,8.270676691729323,6.593406593406593,81.81818181818181,46.61654135338346,51.38121546961326,81.81818181818181,105152.80138587627,-35.06524102073202
3,0.11870503425598145,8.19672131147541,10.588235294117647,90.0,42.30769230769231,48.23529411764706,90.0,-96.29828482518947,-97.60414084026694
4,0.11057692021131516,8.860759493670885,5.882352941176471,90.0,45.56962025316456,47.45762711864407,80.0,360.4938706688837,678.7940878989605
5,0.0957983210682869,7.207207207207207,7.786885245901639,77.77777777777777,47.59036144578313,50.81967213114754,66.66666666666667,-24.50348224844099,-91.88465798915678
6,0.11559432744979858,7.663551401869159,8.454810495626822,92.3076923076923,47.19101123595506,48.68804664723032,89.74358974358974,-80.01716548694958,-96.00669321822147
