,Test_accuracy,correct_buys,correct_sells,correct_holds,correct_low_buys,correct_high_sells,correct_mid_holds,Profit gained,buy_n_hold profit
0,0.7983871102333069,14.285714285714286,4.0,93.30143540669856,35.714285714285715,44.0,84.13461538461539,-68.18287851625387,82.55793694382942
1,0.8264840245246887,0.0,12.5,92.74611398963731,20.0,56.25,86.45833333333333,27.955098286394147,255.73168172693892
2,0.8106383085250854,11.428571428571429,15.384615384615385,91.19804400977995,68.57142857142857,57.69230769230769,85.53921568627452,-58.0102104164029,-35.06524102073202
3,0.7625899314880371,7.407407407407407,5.2631578947368425,90.08620689655173,40.74074074074074,36.8421052631579,83.54978354978356,-53.46293343595098,-97.60414084026694
4,0.7740384340286255,9.090909090909092,0.0,89.88764044943821,36.36363636363637,47.36842105263158,83.61581920903954,169.00405277656984,678.7940878989605
5,0.8067227005958557,8.333333333333334,9.090909090909092,90.11406844106465,47.22222222222222,57.57575757575758,83.04761904761905,-82.41019596472157,-91.88465798915678
6,0.8037077188491821,5.555555555555555,15.217391304347826,90.86357947434293,45.833333333333336,67.3913043478261,84.3358395989975,8.276709541222019,-96.00669321822147
