,Test_accuracy,correct_buys,correct_sells,correct_holds,correct_low_buys,correct_high_sells,correct_mid_holds,Profit gained,buy_n_hold profit
0,0.5362903475761414,9.523809523809524,2.0833333333333335,91.97080291970804,53.96825396825397,45.833333333333336,82.3529411764706,245.68749596173777,82.55793694382942
1,0.5936073064804077,7.547169811320755,6.666666666666667,91.17647058823529,52.83018867924528,56.666666666666664,82.96296296296296,60.61411268992371,255.73168172693892
2,0.5404255390167236,8.130081300813009,8.433734939759036,89.77272727272727,55.28455284552845,63.41463414634146,81.43939393939394,1884.4951628633148,-35.06524102073202
3,0.5431654453277588,12.222222222222221,10.526315789473685,90.66666666666667,47.77777777777778,51.351351351351354,85.33333333333333,-94.68717701750415,-97.60414084026694
4,0.6394230723381042,8.823529411764707,8.333333333333334,92.02898550724638,55.88235294117647,50.0,86.13138686131387,864.1452360025805,678.7940878989605
5,0.6521008610725403,15.972222222222221,23.157894736842106,96.34831460674157,61.53846153846154,61.05263157894737,88.76404494382022,588.1582203582137,-91.88465798915678
6,0.6226826906204224,14.414414414414415,15.2317880794702,94.8529411764706,58.8235294117647,51.65562913907285,87.68382352941177,55.131000479717954,-96.00669321822147
