,Test_accuracy,correct_buys,correct_sells,correct_holds,correct_low_buys,correct_high_sells,correct_mid_holds,Profit gained,buy_n_hold profit
0,0.6451612710952759,12.903225806451612,2.0,92.81437125748504,54.83870967741935,46.0,83.13253012048193,767.4744526281975,82.55793694382942
1,0.6803653240203857,12.0,14.893617021276595,94.5578231292517,56.0,56.52173913043478,86.39455782312925,134.53874878953036,255.73168172693892
2,0.6489361524581909,13.513513513513514,6.4935064935064934,90.9090909090909,50.0,64.93506493506493,85.22012578616352,815.4206444244821,-35.06524102073202
3,0.6366906762123108,12.244897959183673,7.142857142857143,89.83957219251337,53.06122448979592,61.904761904761905,84.94623655913979,-93.83246172829276,-97.60414084026694
4,0.6105769276618958,0.0,7.017543859649122,90.44117647058823,26.666666666666668,52.63157894736842,85.18518518518519,253.7254780263423,678.7940878989605
5,0.6873949766159058,25.84269662921348,17.557251908396946,96.8,65.1685393258427,60.30534351145038,87.70053475935829,802.2963690095332,-91.88465798915678
6,0.694656491279602,16.666666666666668,17.123287671232877,94.52495974235104,57.718120805369125,57.534246575342465,87.76167471819646,-60.90742059827075,-96.00669321822147
