,Test_accuracy,correct_buys,correct_sells,correct_holds,correct_low_buys,correct_high_sells,correct_mid_holds,Profit gained,buy_n_hold profit
0,0.850806474685669,14.285714285714286,0.0,92.51101321585904,57.142857142857146,57.142857142857146,82.7433628318584,20.99769509331668,82.55793694382942
1,0.8767123222351074,33.333333333333336,10.0,92.23300970873787,66.66666666666667,50.0,85.36585365853658,62.325204536638815,255.73168172693892
2,0.8191489577293396,5.2631578947368425,7.142857142857143,90.30732860520095,57.89473684210526,71.42857142857143,84.59715639810426,1511.2929324647812,-35.06524102073202
3,0.8237410187721252,11.11111111111111,6.666666666666667,89.37007874015748,55.55555555555556,73.33333333333333,83.00395256916995,-9.137246353467958,-97.60414084026694
4,0.7980769276618958,0.0,4.761904761904762,90.65934065934066,0.0,52.38095238095238,85.0828729281768,20.81971969972173,678.7940878989605
5,0.9126050472259521,70.96774193548387,42.5531914893617,96.90522243713733,87.09677419354838,78.72340425531915,88.95348837209302,11326.445018861381,-91.88465798915678
6,0.8865866661071777,38.0,42.857142857142854,94.06060606060606,66.0,76.19047619047619,87.62135922330097,236.54030549819072,-96.00669321822147
