,Test_accuracy,correct_buys,correct_sells,correct_holds,correct_low_buys,correct_high_sells,correct_mid_holds,Profit gained,buy_n_hold profit
0,0.5403226017951965,8.620689655172415,5.357142857142857,94.02985074626865,50.0,41.07142857142857,83.45864661654136,-72.51022745405537,82.55793694382942
1,0.6529680490493774,7.5,8.823529411764707,94.48275862068965,40.0,52.94117647058823,88.88888888888889,368.0223760315454,255.73168172693892
2,0.5829787254333496,9.174311926605505,6.756756756756757,90.2439024390244,53.211009174311926,55.4054054054054,82.86713286713287,1248.1258849523904,-35.06524102073202
3,0.6402877569198608,14.0625,9.090909090909092,91.71270718232044,53.125,54.54545454545455,85.55555555555556,-93.79858431303134,-97.60414084026694
4,0.5913461446762085,10.526315789473685,2.5641025641025643,90.07633587786259,44.73684210526316,53.84615384615385,84.61538461538461,410.631543558486,678.7940878989605
5,0.6084033846855164,10.526315789473685,8.13953488372093,90.69148936170212,51.515151515151516,54.651162790697676,83.77659574468085,-49.026967281688115,-91.88465798915678
6,0.59978187084198,9.734513274336283,9.01639344262295,90.86115992970123,51.111111111111114,55.73770491803279,84.88576449912127,3.577004142675435,-96.00669321822147
