,Test_accuracy,correct_buys,correct_sells,correct_holds,correct_low_buys,correct_high_sells,correct_mid_holds,Profit gained,buy_n_hold profit
0,0.16935484111309052,7.874015748031496,2.272727272727273,90.9090909090909,47.24409448818898,46.59090909090909,84.375,-39.78626620179834,82.55793694382942
1,0.19178082048892975,5.042016806722689,10.606060606060606,85.29411764705883,49.152542372881356,51.515151515151516,73.52941176470588,12.239149233287463,255.73168172693892
2,0.1872340440750122,8.097165991902834,8.024691358024691,90.1639344262295,48.987854251012145,54.037267080745345,78.68852459016394,1547.8102347331624,-35.06524102073202
3,0.1942446082830429,7.741935483870968,11.363636363636363,91.42857142857143,45.16129032258065,53.40909090909091,85.29411764705883,-87.23515904242677,-97.60414084026694
4,0.25,9.090909090909092,6.666666666666667,95.1219512195122,49.35064935064935,51.68539325842696,90.2439024390244,291.2086234158686,678.7940878989605
5,0.23361344635486603,9.602649006622517,12.135922330097088,97.70114942528735,52.49169435215947,57.28155339805825,89.65517241379311,133.85243996654094,-91.88465798915678
6,0.2235550731420517,8.47107438016529,11.333333333333334,97.74436090225564,50.31055900621118,51.0,91.72932330827068,-63.12796905099366,-96.00669321822147
