,Test_accuracy,correct_buys,correct_sells,correct_holds,correct_low_buys,correct_high_sells,correct_mid_holds,Profit gained,buy_n_hold profit
0,0.27016130089759827,6.7164179104477615,5.357142857142857,94.82758620689656,43.28358208955224,42.857142857142854,89.47368421052632,-34.56462240926113,82.55793694382942
1,0.27397260069847107,5.6,5.128205128205129,92.72727272727273,48.38709677419355,48.717948717948715,87.27272727272727,183.4059025840656,255.73168172693892
2,0.24255318939685822,6.713780918727915,8.88888888888889,89.69072164948453,43.262411347517734,45.55555555555556,82.47422680412372,7536.495677401901,-35.06524102073202
3,0.21942445635795593,7.8125,14.285714285714286,90.9090909090909,42.40837696335078,50.0,81.81818181818181,-96.86165342246949,-97.60414084026694
4,0.45673078298568726,8.333333333333334,4.651162790697675,93.54838709677419,45.833333333333336,44.18604651162791,89.1304347826087,359.7215274754541,678.7940878989605
5,0.23361344635486603,7.5,6.779661016949152,88.88888888888889,47.63231197771588,55.932203389830505,82.05128205128206,-86.9201609959986,-91.88465798915678
6,0.2279171198606491,6.397306397306397,10.457516339869281,91.17647058823529,44.68802698145025,52.94117647058823,85.88235294117646,-45.5967741155508,-96.00669321822147
