,Test_accuracy,correct_buys,correct_sells,correct_holds,correct_low_buys,correct_high_sells,correct_mid_holds,Profit gained,buy_n_hold profit
0,0.052419353276491165,7.092198581560283,2.803738317757009,0.0,41.843971631205676,47.16981132075472,0.0,62.4317396473113,82.55793694382942
1,0.06392694264650345,4.3478260869565215,9.876543209876543,0.0,49.63503649635037,46.91358024691358,0.0,44.0291426294427,255.73168172693892
2,0.06808510422706604,6.785714285714286,6.842105263157895,0.0,41.785714285714285,48.148148148148145,0.0,641.3490959320045,-35.06524102073202
3,0.06115107983350754,6.593406593406593,5.208333333333333,0.0,39.226519337016576,41.666666666666664,0.0,-96.43376841522648,-97.60414084026694
4,0.0625,6.730769230769231,5.769230769230769,0.0,43.689320388349515,45.19230769230769,0.0,384.79149666043395,678.7940878989605
5,0.07731092721223831,7.60233918128655,7.905138339920948,0.0,46.9208211143695,49.01185770750988,0.0,39.20261450696671,-91.88465798915678
6,0.07524536550045013,7.339449541284404,7.795698924731183,0.0,45.955882352941174,45.69892473118279,0.0,-83.4487690643212,-96.00669321822147
