,Test_accuracy,correct_buys,correct_sells,correct_holds,correct_low_buys,correct_high_sells,correct_mid_holds,Profit gained,buy_n_hold profit
0,0.7661290168762207,25.0,2.9411764705882355,93.43434343434343,50.0,44.11764705882353,84.26395939086295,-69.55177874710543,82.55793694382942
1,0.8082191944122314,7.6923076923076925,10.526315789473685,93.04812834224599,30.76923076923077,52.63157894736842,86.55913978494624,45.96124354261289,255.73168172693892
2,0.7978723645210266,13.953488372093023,13.793103448275861,91.70854271356784,62.7906976744186,62.06896551724138,85.64231738035265,776.1895345716653,-35.06524102073202
3,0.730215847492218,8.823529411764707,11.538461538461538,90.36697247706422,47.05882352941177,42.30769230769231,83.87096774193549,-95.64036864867775,-97.60414084026694
4,0.7788461446762085,9.090909090909092,5.0,90.3954802259887,36.36363636363637,55.0,84.0909090909091,365.75661593715785,678.7940878989605
5,0.7731092572212219,8.695652173913043,10.204081632653061,90.2,55.55555555555556,59.183673469387756,83.4,-12.351256047283115,-91.88465798915678
6,0.7862595319747925,7.954545454545454,13.72549019607843,90.87403598971723,46.59090909090909,66.66666666666667,84.2985842985843,-28.50685524544311,-96.00669321822147
