,Test_accuracy,correct_buys,correct_sells,correct_holds,correct_low_buys,correct_high_sells,correct_mid_holds,Profit gained,buy_n_hold profit
0,0.4959677457809448,7.042253521126761,1.9607843137254901,92.85714285714286,50.70422535211268,45.09803921568628,84.8,-55.92323769681007,82.55793694382942
1,0.5068492889404297,7.352941176470588,13.636363636363637,93.45794392523365,48.529411764705884,54.54545454545455,89.62264150943396,437.5963360362536,255.73168172693892
2,0.4893617033958435,8.843537414965986,4.705882352941177,89.49579831932773,50.34013605442177,56.470588235294116,82.70042194092827,532.8366205276851,-35.06524102073202
3,0.5035971403121948,9.900990099009901,3.125,88.96551724137932,43.56435643564357,53.125,81.94444444444444,-96.91403203564074,-97.60414084026694
4,0.5625,16.216216216216218,3.7735849056603774,92.37288135593221,56.75675675675676,58.490566037735846,85.47008547008546,2081.091410238931,678.7940878989605
5,0.48067227005958557,8.379888268156424,7.317073170731708,89.419795221843,53.93258426966292,52.84552845528455,82.93515358361775,176.6136135490725,-91.88465798915678
6,0.4820065498352051,10.163934426229508,5.882352941176471,90.72398190045249,53.61842105263158,54.11764705882353,83.03167420814479,-81.17161268598794,-96.00669321822147
