,Test_accuracy,correct_buys,correct_sells,correct_holds,correct_low_buys,correct_high_sells,correct_mid_holds,Profit gained,buy_n_hold profit
0,0.7822580933570862,14.285714285714286,3.5714285714285716,92.71844660194175,57.142857142857146,53.57142857142857,82.92682926829268,122.20932330680105,82.55793694382942
1,0.7808219194412231,14.285714285714286,18.75,94.21965317919076,71.42857142857143,54.83870967741935,86.70520231213872,255.95784868921473,255.73168172693892
2,0.7404255270957947,10.416666666666666,8.333333333333334,90.64171122994652,54.166666666666664,66.66666666666667,84.1823056300268,643.9978216317846,-35.06524102073202
3,0.730215847492218,9.090909090909092,4.761904761904762,88.83928571428571,48.484848484848484,71.42857142857143,83.40807174887892,-96.81222289181297,-97.60414084026694
4,0.7259615659713745,0.0,5.405405405405405,90.85365853658537,0.0,51.351351351351354,84.66257668711657,81.25619511033906,678.7940878989605
5,0.8184874057769775,37.096774193548384,27.63157894736842,96.93654266958424,70.96774193548387,68.42105263157895,89.03508771929825,2909.4034059195583,-91.88465798915678
6,0.8113413453102112,23.404255319148938,25.974025974025974,94.10187667560322,63.44086021505376,62.33766233766234,87.66756032171581,322.3693188885443,-96.00669321822147
