,Test_accuracy,correct_buys,correct_sells,correct_holds,correct_low_buys,correct_high_sells,correct_mid_holds,Profit gained,buy_n_hold profit
0,0.5725806355476379,6.0,2.0408163265306123,92.61744966442953,52.0,46.93877551020408,85.13513513513513,-52.71271696981892,82.55793694382942
1,0.5890411138534546,9.433962264150944,10.81081081081081,93.02325581395348,47.16981132075472,59.45945945945946,88.28125,517.2727411234607,255.73168172693892
2,0.5531914830207825,6.1946902654867255,5.194805194805195,88.92857142857143,46.902654867256636,53.246753246753244,82.07885304659499,328.1813225477975,-35.06524102073202
3,0.6438848972320557,14.0625,3.7037037037037037,90.37433155080214,46.875,53.84615384615385,83.42245989304813,-96.11994064752018,-97.60414084026694
4,0.6009615659713745,4.761904761904762,4.0,89.05109489051095,61.904761904761905,56.0,82.3529411764706,1619.8212498913956,678.7940878989605
5,0.5495798587799072,7.299270072992701,7.894736842105263,89.53488372093024,54.01459854014598,57.01754385964912,82.79883381924198,110.64669020436338,-91.88465798915678
6,0.5965103507041931,10.1010101010101,6.040268456375839,90.87719298245614,56.34517766497462,55.033557046979865,84.03508771929825,-79.87572052000114,-96.00669321822147
