,Test_accuracy,correct_buys,correct_sells,correct_holds,correct_low_buys,correct_high_sells,correct_mid_holds,Profit gained,buy_n_hold profit
0,0.6693548560142517,15.151515151515152,6.25,94.61077844311377,48.484848484848484,45.833333333333336,86.144578313253,-67.71437834657115,82.55793694382942
1,0.767123281955719,10.714285714285714,15.0,94.73684210526316,39.285714285714285,55.0,88.23529411764706,1068.6438890797772,255.73168172693892
2,0.6808510422706604,9.30232558139535,10.638297872340425,91.0979228486647,54.651162790697676,53.191489361702125,84.22619047619048,-65.13859326664537,-35.06524102073202
3,0.6582733988761902,9.615384615384615,9.375,90.20618556701031,48.07692307692308,53.125,83.41968911917098,-94.47931159091209,-97.60414084026694
4,0.7163461446762085,12.0,4.166666666666667,91.19496855345912,36.0,58.333333333333336,85.44303797468355,196.83143316987184,678.7940878989605
5,0.680672287940979,9.195402298850574,7.894736842105263,90.50925925925925,54.651162790697676,52.63157894736842,83.79629629629629,-57.2086144479784,-91.88465798915678
6,0.6848418712615967,10.526315789473685,11.235955056179776,91.32420091324201,51.1764705882353,65.1685393258427,84.779299847793,16.56546105773539,-96.00669321822147
