,Test_accuracy,correct_buys,correct_sells,correct_holds,correct_low_buys,correct_high_sells,correct_mid_holds,Profit gained,buy_n_hold profit
0,0.07661290466785431,8.064516129032258,4.958677685950414,100.0,46.774193548387096,49.166666666666664,100.0,-28.182655735222113,82.55793694382942
1,0.07305935770273209,4.918032786885246,9.473684210526315,50.0,51.239669421487605,47.36842105263158,50.0,48.44676831159666,255.73168172693892
2,0.07872340083122253,7.364341085271318,7.655502392344498,66.66666666666667,46.51162790697674,51.44230769230769,66.66666666666667,1047.57271929741,-35.06524102073202
3,0.08633093535900116,8.383233532934131,9.00900900900901,0.0,43.975903614457835,51.351351351351354,0.0,-87.00443295213114,-97.60414084026694
4,0.08653846383094788,10.0,6.349206349206349,100.0,46.25,48.0,100.0,325.00045097033427,678.7940878989605
5,0.0941176488995552,9.49367088607595,8.0,100.0,49.84126984126984,52.36363636363637,100.0,128.20279934891775,-91.88465798915678
6,0.09269356727600098,8.23293172690763,8.980582524271844,100.0,49.496981891348085,48.300970873786405,57.142857142857146,-80.22808385149796,-96.00669321822147
