,Test_accuracy,correct_buys,correct_sells,correct_holds,correct_low_buys,correct_high_sells,correct_mid_holds,Profit gained,buy_n_hold profit
0,0.7983871102333069,21.428571428571427,4.0,92.82296650717703,42.857142857142854,44.0,83.17307692307692,-63.330730604499266,82.55793694382942
1,0.8310502171516418,0.0,15.384615384615385,92.78350515463917,25.0,61.53846153846154,86.52849740932642,28.80135835714063,255.73168172693892
2,0.806382954120636,12.195121951219512,13.043478260869565,91.37931034482759,63.41463414634146,60.869565217391305,85.67901234567901,157.33813874144232,-35.06524102073202
3,0.7661870718002319,7.142857142857143,11.11111111111111,90.08620689655173,46.42857142857143,44.44444444444444,83.98268398268398,-58.49795868268492,-97.60414084026694
4,0.7932692170143127,10.0,0.0,90.10989010989012,40.0,50.0,83.97790055248619,589.2962427509237,678.7940878989605
5,0.7831932902336121,6.818181818181818,7.6923076923076925,89.84375,54.54545454545455,58.97435897435897,83.17025440313111,-35.59062624649678,-91.88465798915678
6,0.7993456721305847,7.407407407407407,14.285714285714286,90.80604534005037,46.91358024691358,66.66666666666667,84.36317780580076,-56.95645892571625,-96.00669321822147
