,Test_accuracy,correct_buys,correct_sells,correct_holds,correct_low_buys,correct_high_sells,correct_mid_holds,Profit gained,buy_n_hold profit
0,0.6169354915618896,7.547169811320755,2.9411764705882355,91.92546583850931,52.83018867924528,52.94117647058823,83.125,227.47853622930464,82.55793694382942
1,0.6666666865348816,8.88888888888889,5.0,91.55844155844156,51.111111111111114,55.0,83.66013071895425,103.85642331350526,255.73168172693892
2,0.6276595592498779,8.49056603773585,9.433962264150944,90.35369774919614,57.54716981132076,63.46153846153846,83.27974276527331,490.6026048829681,-35.06524102073202
3,0.6402877569198608,14.666666666666666,14.814814814814815,92.61363636363636,52.0,53.84615384615385,86.36363636363636,-93.90170434859942,-97.60414084026694
4,0.7019230723381042,9.67741935483871,8.333333333333334,92.15686274509804,61.29032258064516,58.333333333333336,86.1842105263158,503.8914917208225,678.7940878989605
5,0.7243697643280029,18.11023622047244,31.34328358208955,96.50872817955113,63.492063492063494,65.67164179104478,88.7780548628429,2937.7664270258388,-91.88465798915678
6,0.6957470178604126,15.736040609137056,20.388349514563107,94.97568881685575,60.204081632653065,55.33980582524272,87.68233387358185,79.37506907826821,-96.00669321822147
