,Test_accuracy,correct_buys,correct_sells,correct_holds,correct_low_buys,correct_high_sells,correct_mid_holds,Profit gained,buy_n_hold profit
0,0.7177419066429138,22.727272727272727,4.444444444444445,94.47513812154696,54.54545454545455,40.0,84.44444444444444,-62.29175475438088,82.55793694382942
1,0.7899543642997742,5.555555555555555,11.11111111111111,92.89617486338798,33.333333333333336,55.55555555555556,86.26373626373626,305.31061188576246,255.73168172693892
2,0.7531914710998535,12.5,10.256410256410257,91.46666666666667,62.5,56.41025641025641,85.29411764705883,289.1726968857104,-35.06524102073202
3,0.7230215668678284,12.820512820512821,8.0,90.65420560747664,53.84615384615385,40.0,84.50704225352112,-94.47572535817739,-97.60414084026694
4,0.754807710647583,8.333333333333334,0.0,90.17341040462428,41.666666666666664,47.82608695652174,84.30232558139535,174.38547153434496,678.7940878989605
5,0.7579832077026367,9.090909090909092,11.11111111111111,90.53497942386831,53.7037037037037,55.55555555555556,83.7448559670782,-17.13490818966052,-91.88465798915678
6,0.7568157315254211,7.619047619047619,11.11111111111111,90.65420560747664,47.61904761904762,66.66666666666667,84.0909090909091,146.81089383115642,-96.00669321822147
