,Test_accuracy,correct_buys,correct_sells,correct_holds,correct_low_buys,correct_high_sells,correct_mid_holds,Profit gained,buy_n_hold profit
0,0.052419353276491165,5.164319248826291,5.714285714285714,0.0,40.094339622641506,45.714285714285715,0.0,-20.91563329597834,82.55793694382942
1,0.04109589010477066,3.5714285714285716,8.695652173913043,0.0,46.666666666666664,52.17391304347826,0.0,190.77056210003224,255.73168172693892
2,0.057446807622909546,5.623471882640587,6.557377049180328,0.0,39.608801955990224,45.0,0.0,14693.947657063178,-35.06524102073202
3,0.0683453232049942,6.374501992031872,11.11111111111111,0.0,38.4,51.851851851851855,0.0,-97.77795633951092,-97.60414084026694
4,0.05288461595773697,5.0,7.142857142857143,0.0,40.22346368715084,50.0,0.0,666.9167856154596,678.7940878989605
5,0.06890756636857986,6.25,10.843373493975903,0.0,42.6614481409002,50.602409638554214,0.0,-88.50511396612183,-91.88465798915678
6,0.06652126461267471,5.806451612903226,11.267605633802816,0.0,42.50645994832041,51.40845070422535,0.0,-94.46127973615039,-96.00669321822147
