,Test_accuracy,correct_buys,correct_sells,correct_holds,correct_low_buys,correct_high_sells,correct_mid_holds,Profit gained,buy_n_hold profit
0,0.6088709831237793,6.0,5.0,92.40506329113924,42.0,45.0,85.98726114649682,-9.899282789990096,82.55793694382942
1,0.6484017968177795,2.1739130434782608,9.523809523809524,91.44736842105263,42.22222222222222,57.142857142857146,86.84210526315789,205.5104341765085,255.73168172693892
2,0.6106383204460144,7.339449541284404,8.620689655172415,90.42904290429043,47.706422018348626,38.59649122807018,83.4983498349835,16.62816657706803,-35.06524102073202
3,0.5215827226638794,7.142857142857143,12.121212121212121,91.15646258503402,44.329896907216494,57.57575757575758,83.6734693877551,-93.59933722948807,-97.60414084026694
4,0.7307692170143127,12.5,2.9411764705882355,90.36144578313252,37.5,50.0,84.24242424242425,104.92341683064478,678.7940878989605
5,0.5428571701049805,10.05586592178771,10.526315789473685,91.90031152647975,49.720670391061454,53.68421052631579,84.6875,70.88381224118115,-91.88465798915678
6,0.5583423972129822,6.4393939393939394,11.71875,91.42857142857143,45.45454545454545,53.125,84.16030534351145,384.02691173873535,-96.00669321822147
