,Test_accuracy,correct_buys,correct_sells,correct_holds,correct_low_buys,correct_high_sells,correct_mid_holds,Profit gained,buy_n_hold profit
0,0.7419354915618896,6.666666666666667,0.0,92.85714285714286,56.666666666666664,50.0,83.58974358974359,0.3745189244089886,82.55793694382942
1,0.7853881120681763,11.11111111111111,25.0,93.75,55.55555555555556,50.0,87.42857142857143,466.16632331305743,255.73168172693892
2,0.6978723406791687,8.219178082191782,4.651162790697675,90.3954802259887,45.205479452054796,60.46511627906977,84.41926345609065,-3.974674962181382,-35.06524102073202
3,0.8021582961082458,16.666666666666668,12.5,90.41666666666667,50.0,62.5,84.10041841004184,-94.65664653139228,-97.60414084026694
4,0.75,0.0,0.0,89.14285714285714,81.81818181818181,54.54545454545455,83.9080459770115,187.66112155446723,678.7940878989605
5,0.7243697643280029,8.219178082191782,8.928571428571429,90.12875536480686,57.534246575342465,62.5,82.79569892473118,159.31815086072334,-91.88465798915678
6,0.7579061985015869,13.72549019607843,5.555555555555555,91.1170928667564,59.40594059405941,61.111111111111114,84.65679676985195,-77.82241307392941,-96.00669321822147
