,Test_accuracy,correct_buys,correct_sells,correct_holds,correct_low_buys,correct_high_sells,correct_mid_holds,Profit gained,buy_n_hold profit
0,0.4677419364452362,10.126582278481013,3.6363636363636362,92.98245614035088,51.89873417721519,47.27272727272727,84.95575221238938,-11.346324873182837,82.55793694382942
1,0.4885844886302948,5.555555555555555,5.882352941176471,89.38053097345133,50.0,52.94117647058823,81.25,67.02621097622855,255.73168172693892
2,0.457446813583374,7.643312101910828,7.526881720430108,89.0909090909091,54.77707006369427,60.869565217391305,80.9090909090909,1884.224655261752,-35.06524102073202
3,0.43884891271591187,9.90990990990991,8.51063829787234,89.16666666666667,45.945945945945944,54.34782608695652,84.16666666666667,-95.20635428109344,-97.60414084026694
4,0.557692289352417,8.695652173913043,6.976744186046512,91.59663865546219,54.34782608695652,48.83720930232558,86.44067796610169,586.7146050656975,678.7940878989605
5,0.5680672526359558,13.186813186813186,20.0,96.36963696369637,59.668508287292816,56.36363636363637,88.77887788778878,408.39165914170457,-91.88465798915678
6,0.5496183037757874,11.913357400722022,15.116279069767442,95.08547008547009,57.608695652173914,52.906976744186046,88.24786324786325,-36.28013618779909,-96.00669321822147
