,Test_accuracy,correct_buys,correct_sells,correct_holds,correct_low_buys,correct_high_sells,correct_mid_holds,Profit gained,buy_n_hold profit
0,0.42741936445236206,10.714285714285714,4.615384615384615,94.94949494949495,52.38095238095238,44.61538461538461,84.6938775510204,-67.13844364336951,82.55793694382942
1,0.4794520437717438,8.620689655172415,10.9375,95.87628865979381,50.0,50.0,86.45833333333333,1226.0236860575083,255.73168172693892
2,0.41914892196655273,9.271523178807946,5.833333333333333,88.44221105527639,52.980132450331126,51.260504201680675,81.90954773869346,698.443662755315,-35.06524102073202
3,0.5251798629760742,13.186813186813186,12.0,93.43065693430657,56.043956043956044,48.0,86.76470588235294,-94.6867945316827,-97.60414084026694
4,0.3990384638309479,12.5,5.063291139240507,90.12345679012346,50.0,49.36708860759494,86.25,474.8908475036746,678.7940878989605
5,0.4773109257221222,9.473684210526315,10.606060606060606,92.3076923076923,51.851851851851855,56.06060606060606,84.61538461538461,-67.5573829072761,-91.88465798915678
6,0.41548529267311096,7.647058823529412,7.614213197969543,89.47368421052632,50.147492625368734,51.776649746192895,83.94736842105263,-52.559545307275535,-96.00669321822147
