,Test_accuracy,correct_buys,correct_sells,correct_holds,correct_low_buys,correct_high_sells,correct_mid_holds,Profit gained,buy_n_hold profit
0,0.052419353276491165,6.504065040650406,3.225806451612903,100.0,43.08943089430894,46.34146341463415,100.0,-24.50610871125977,82.55793694382942
1,0.07305935770273209,5.217391304347826,8.737864077669903,100.0,52.63157894736842,49.51456310679612,100.0,468.9461984945865,255.73168172693892
2,0.07446808367967606,6.854838709677419,7.2727272727272725,100.0,43.95161290322581,46.118721461187214,100.0,1925.4534677549693,-35.06524102073202
3,0.08273380994796753,7.6923076923076925,7.4766355140186915,100.0,41.07142857142857,43.925233644859816,100.0,-96.02531593071346,-97.60414084026694
4,0.07692307978868484,8.823529411764707,5.109489051094891,100.0,48.529411764705884,48.529411764705884,100.0,1825.8909288386665,678.7940878989605
5,0.07394958287477493,7.2368421052631575,6.920415224913495,100.0,47.524752475247524,46.36678200692042,100.0,-70.80299355018519,-91.88465798915678
6,0.07742638885974884,7.584830339321357,6.829268292682927,83.33333333333333,46.6,43.65853658536585,83.33333333333333,-63.14478964507288,-96.00669321822147
