,Test_accuracy,correct_buys,correct_sells,correct_holds,correct_low_buys,correct_high_sells,correct_mid_holds,Profit gained,buy_n_hold profit
0,0.7903226017951965,7.142857142857143,0.0,93.26923076923077,57.142857142857146,33.333333333333336,84.05797101449275,-12.654043571755293,82.55793694382942
1,0.8401826620101929,14.285714285714286,33.333333333333336,93.22916666666667,52.38095238095238,66.66666666666667,86.91099476439791,205.9863891903276,255.73168172693892
2,0.7936170101165771,8.51063829787234,10.526315789473685,90.84158415841584,48.93617021276596,68.42105263157895,85.11166253101737,201.98156044903274,-35.06524102073202
3,0.8345323801040649,6.25,0.0,89.1891891891892,43.75,33.333333333333336,82.94573643410853,-96.60561468708426,-97.60414084026694
4,0.817307710647583,0.0,0.0,89.94708994708995,85.71428571428571,33.333333333333336,84.57446808510639,26.268080592968403,678.7940878989605
5,0.7983193397521973,6.25,8.333333333333334,89.8661567877629,52.083333333333336,66.66666666666667,82.95019157088123,181.31013933592328,-91.88465798915678
6,0.8058887720108032,13.333333333333334,6.976744186046512,90.86357947434293,58.108108108108105,72.09302325581395,84.73091364205257,-75.27640189213699,-96.00669321822147
