,Test_accuracy,correct_buys,correct_sells,correct_holds,correct_low_buys,correct_high_sells,correct_mid_holds,Profit gained,buy_n_hold profit
0,0.7298387289047241,21.73913043478261,2.5641025641025643,94.08602150537635,60.869565217391305,46.15384615384615,83.78378378378379,727.6594796787015,82.55793694382942
1,0.7260273694992065,11.764705882352942,14.634146341463415,93.7888198757764,58.8235294117647,55.0,85.71428571428571,147.12202915506697,255.73168172693892
2,0.6829787492752075,11.290322580645162,7.462686567164179,90.6158357771261,50.0,59.701492537313435,84.41176470588235,91.09036434537092,-35.06524102073202
3,0.6762589812278748,9.523809523809524,9.090909090909092,89.16256157635468,50.0,66.66666666666667,83.16831683168317,-96.98890227659963,-97.60414084026694
4,0.6682692170143127,0.0,4.3478260869565215,90.13157894736842,40.0,50.0,84.76821192052981,88.38733461841758,678.7940878989605
5,0.7462185025215149,30.263157894736842,20.0,96.61835748792271,64.47368421052632,58.095238095238095,87.65133171912834,1398.8525783899813,-91.88465798915678
6,0.7611777782440186,20.338983050847457,20.37037037037037,94.35600578871201,58.97435897435897,60.18518518518518,87.4095513748191,115.45832608813944,-96.00669321822147
