,Test_accuracy,correct_buys,correct_sells,correct_holds,correct_low_buys,correct_high_sells,correct_mid_holds,Profit gained,buy_n_hold profit
0,0.6935483813285828,17.24137931034483,6.521739130434782,94.79768786127168,51.724137931034484,41.30434782608695,85.46511627906976,-62.397962539945816,82.55793694382942
1,0.7716894745826721,8.0,11.764705882352942,93.22033898305085,40.0,52.94117647058823,86.93181818181819,573.8004575108052,255.73168172693892
2,0.7234042286872864,10.95890410958904,12.5,91.59663865546219,57.534246575342465,52.5,85.11235955056179,-20.47856179708411,-35.06524102073202
3,0.6834532618522644,10.638297872340425,10.0,90.54726368159204,51.06382978723404,46.666666666666664,85.0,-94.62322791948978,-97.60414084026694
4,0.7259615659713745,9.523809523809524,0.0,89.75903614457832,42.857142857142854,57.142857142857146,84.24242424242425,176.14286316469133,678.7940878989605
5,0.7126050591468811,9.333333333333334,10.144927536231885,90.9090909090909,48.648648648648646,52.17391304347826,84.03547671840354,-76.71192404777997,-91.88465798915678
6,0.7197383046150208,7.407407407407407,12.0,90.66478076379066,48.148148148148145,66.66666666666667,83.9943342776204,146.35975323683937,-96.00669321822147
