,Test_accuracy,correct_buys,correct_sells,correct_holds,correct_low_buys,correct_high_sells,correct_mid_holds,Profit gained,buy_n_hold profit
0,0.7459677457809448,5.555555555555555,0.0,92.89340101522842,52.77777777777778,33.333333333333336,84.6938775510204,-26.35632086397084,82.55793694382942
1,0.8127853870391846,12.0,30.0,93.47826086956522,56.0,50.0,86.88524590163935,340.49354088831296,255.73168172693892
2,0.7382978796958923,7.462686567164179,4.0,90.21164021164022,46.26865671641791,64.0,84.61538461538461,80.21842226964415,-35.06524102073202
3,0.8129496574401855,19.35483870967742,16.666666666666668,90.87136929460581,48.38709677419355,66.66666666666667,85.0,-96.66491441598491,-97.60414084026694
4,0.7836538553237915,0.0,0.0,89.56043956043956,70.0,50.0,83.97790055248619,160.84509548406686,678.7940878989605
5,0.7579832077026367,6.944444444444445,6.896551724137931,89.87854251012146,52.77777777777778,65.51724137931035,82.75862068965517,-10.207286012933025,-91.88465798915678
6,0.7797164916992188,13.461538461538462,4.444444444444445,91.015625,60.19417475728155,64.44444444444444,84.89583333333333,-88.50704458767738,-96.00669321822147
