,Test_accuracy,correct_buys,correct_sells,correct_holds,correct_low_buys,correct_high_sells,correct_mid_holds,Profit gained,buy_n_hold profit
0,0.7903226017951965,17.647058823529413,0.0,92.78846153846153,58.8235294117647,47.82608695652174,83.09178743961353,-0.6912264500479495,82.55793694382942
1,0.853881299495697,25.0,25.0,94.24083769633508,62.5,65.0,87.36842105263158,577.7835663268223,255.73168172693892
2,0.7680851221084595,11.11111111111111,6.976744186046512,90.53708439897699,58.333333333333336,65.11627906976744,84.1025641025641,674.5064601919397,-35.06524102073202
3,0.769784152507782,5.0,5.2631578947368425,88.7029288702929,55.0,68.42105263157895,82.77310924369748,-85.94588100341457,-97.60414084026694
4,0.7307692170143127,0.0,5.714285714285714,90.9090909090909,0.0,48.57142857142857,84.7560975609756,81.25619511033906,678.7940878989605
5,0.853781521320343,45.09803921568628,31.818181818181817,97.07112970711297,74.50980392156863,69.6969696969697,89.30817610062893,4781.963336197878,-91.88465798915678
6,0.8429661989212036,26.666666666666668,31.746031746031747,94.09499358151476,63.513513513513516,73.01587301587301,87.8048780487805,316.93270592505075,-96.00669321822147
