,Test_accuracy,correct_buys,correct_sells,correct_holds,correct_low_buys,correct_high_sells,correct_mid_holds,Profit gained,buy_n_hold profit
0,0.8346773982048035,0.0,0.0,92.0,50.0,58.8235294117647,82.58928571428571,20.99769509331668,82.55793694382942
1,0.8767123222351074,33.333333333333336,10.0,92.23300970873787,66.66666666666667,50.0,85.36585365853658,62.325204536638815,255.73168172693892
2,0.8361701965332031,16.666666666666668,8.0,90.86651053864169,66.66666666666667,76.0,85.21126760563381,16741.94967003925,-35.06524102073202
3,0.8057553768157959,8.333333333333334,5.882352941176471,89.1566265060241,58.333333333333336,70.58823529411765,83.06451612903226,-23.515584090245767,-97.60414084026694
4,0.7884615659713745,0.0,4.3478260869565215,90.55555555555556,20.0,52.17391304347826,84.91620111731844,24.148682701078116,678.7940878989605
5,0.9109243750572205,61.76470588235294,46.51162790697674,96.71814671814671,85.29411764705883,79.06976744186046,88.78143133462282,12139.71591718534,-91.88465798915678
6,0.8865866661071777,38.0,42.5,93.9540507859734,68.0,77.5,87.53026634382567,324.88052374559413,-96.00669321822147
