,Test_accuracy,correct_buys,correct_sells,correct_holds,correct_low_buys,correct_high_sells,correct_mid_holds,Profit gained,buy_n_hold profit
0,0.8266128897666931,9.090909090909092,0.0,92.3076923076923,63.63636363636363,50.0,82.72727272727273,-4.764837603739977,82.55793694382942
1,0.8675799369812012,0.0,23.076923076923077,92.57425742574257,50.0,61.53846153846154,86.06965174129353,53.15721391760917,255.73168172693892
2,0.8021276593208313,11.11111111111111,6.0606060606060606,90.73170731707317,59.25925925925926,66.66666666666667,84.59657701711491,601.2352444330236,-35.06524102073202
3,0.8057553768157959,6.666666666666667,7.142857142857143,89.1566265060241,60.0,71.42857142857143,82.66129032258064,-96.22632462342641,-97.60414084026694
4,0.7788461446762085,0.0,4.166666666666667,90.4494382022472,0.0,50.0,84.7457627118644,39.673854891835276,678.7940878989605
5,0.8924369812011719,57.5,38.46153846153846,97.01789264413519,82.5,76.92307692307692,88.84462151394422,14843.952247241607,-91.88465798915678
6,0.8735005259513855,32.758620689655174,38.63636363636363,93.86503067484662,65.51724137931035,75.0,87.59213759213759,382.05953574685185,-96.00669321822147
