,Test_accuracy,correct_buys,correct_sells,correct_holds,correct_low_buys,correct_high_sells,correct_mid_holds,Profit gained,buy_n_hold profit
0,0.2620967626571655,7.777777777777778,3.0303030303030303,93.22033898305085,47.77777777777778,52.525252525252526,84.48275862068965,-45.74552868577184,82.55793694382942
1,0.31963470578193665,8.045977011494253,9.58904109589041,94.91525423728814,54.02298850574713,53.42465753424658,93.10344827586206,17289.733213801766,255.73168172693892
2,0.2808510661125183,10.362694300518134,7.142857142857143,91.74311926605505,49.740932642487046,54.49101796407186,87.1559633027523,4194.7276616348945,-35.06524102073202
3,0.26618704199790955,9.285714285714286,10.0,91.37931034482759,42.142857142857146,55.0,82.45614035087719,-93.88187175954005,-97.60414084026694
4,0.3125,10.638297872340425,5.882352941176471,91.52542372881356,59.57446808510638,49.504950495049506,84.7457627118644,589.3768556085024,678.7940878989605
5,0.26386556029319763,8.298755186721992,6.944444444444445,88.40579710144928,51.666666666666664,53.24074074074074,80.43478260869566,85.56849987540807,-91.88465798915678
6,0.2628135085105896,8.9058524173028,9.00900900900901,92.14659685863874,50.765306122448976,52.552552552552555,85.86387434554973,-60.24184373120908,-96.00669321822147
