,Test_accuracy,correct_buys,correct_sells,correct_holds,correct_low_buys,correct_high_sells,correct_mid_holds,Profit gained,buy_n_hold profit
0,0.3266128897666931,10.81081081081081,3.9215686274509802,95.83333333333333,51.351351351351354,49.01960784313726,88.73239436619718,-34.636296894903126,82.55793694382942
1,0.3652968108654022,8.333333333333334,10.38961038961039,94.28571428571429,51.388888888888886,51.94805194805195,91.30434782608695,13785.005855518722,255.73168172693892
2,0.3021276593208313,9.036144578313253,7.344632768361582,89.76377952755905,50.0,55.68181818181818,82.67716535433071,619.0843101402256,-35.06524102073202
3,0.3776978552341461,9.821428571428571,10.95890410958904,92.47311827956989,44.642857142857146,54.166666666666664,84.94623655913979,-95.4336549624409,-97.60414084026694
4,0.3413461446762085,13.88888888888889,4.761904761904762,91.04477611940298,58.333333333333336,46.15384615384615,82.08955223880596,1429.7612514173516,678.7940878989605
5,0.3042016923427582,7.729468599033816,6.912442396313364,87.71929824561404,52.9126213592233,51.61290322580645,80.70175438596492,70.60133325064365,-91.88465798915678
6,0.32279172539711,8.588957055214724,8.562691131498472,90.9090909090909,51.38461538461539,52.293577981651374,81.81818181818181,-62.65073686001712,-96.00669321822147
