,Test_accuracy,correct_buys,correct_sells,correct_holds,correct_low_buys,correct_high_sells,correct_mid_holds,Profit gained,buy_n_hold profit
0,0.3104838728904724,9.090909090909092,2.898550724637681,94.20289855072464,51.81818181818182,47.82608695652174,88.23529411764706,3.4731521745062532,82.55793694382942
1,0.3378995358943939,6.25,7.8431372549019605,88.88888888888889,50.0,49.01960784313726,78.87323943661971,32.710581412170285,255.73168172693892
2,0.2957446873188019,8.597285067873303,7.751937984496124,91.66666666666667,50.678733031674206,58.59375,82.5,1097.1362652955004,-35.06524102073202
3,0.28776979446411133,8.51063829787234,11.267605633802816,90.9090909090909,44.680851063829785,57.142857142857146,87.87878787878788,-59.90343829629633,-97.60414084026694
4,0.4134615361690521,9.090909090909092,9.375,94.87179487179488,50.0,50.0,90.9090909090909,554.8670289363872,678.7940878989605
5,0.38991597294807434,11.155378486055778,15.0,97.82608695652173,55.6,56.25,91.30434782608695,451.14156332024595,-91.88465798915678
6,0.3707742691040039,9.653465346534654,13.559322033898304,97.11191335740072,52.10918114143921,54.23728813559322,90.97472924187726,4.831739818266328,-96.00669321822147
