,Test_accuracy,correct_buys,correct_sells,correct_holds,correct_low_buys,correct_high_sells,correct_mid_holds,Profit gained,buy_n_hold profit
0,0.1088709682226181,8.0,3.669724770642202,92.85714285714286,48.0,49.074074074074076,78.57142857142857,-28.015915759534877,82.55793694382942
1,0.11872146278619766,5.084745762711864,10.112359550561798,91.66666666666667,50.427350427350426,48.31460674157304,91.66666666666667,43.53617580684465,255.73168172693892
2,0.11063829809427261,7.968127490039841,7.035175879396985,90.0,47.41035856573705,54.04040404040404,75.0,1026.3820884106808,-35.06524102073202
3,0.11510791629552841,8.125,9.345794392523365,81.81818181818181,44.0251572327044,51.401869158878505,81.81818181818181,-87.5953739605838,-97.60414084026694
4,0.13942307233810425,9.859154929577464,5.785123966942149,93.75,52.11267605633803,46.666666666666664,93.75,302.9403684060509,678.7940878989605
5,0.15126051008701324,9.764309764309765,9.266409266409266,94.87179487179488,51.689189189189186,53.66795366795367,89.74358974358974,146.1616645875809,-91.88465798915678
6,0.11886586993932724,8.333333333333334,9.183673469387756,96.96969696969697,49.287169042769854,49.744897959183675,90.9090909090909,-57.24691295125975,-96.00669321822147
