,Test_accuracy,correct_buys,correct_sells,correct_holds,correct_low_buys,correct_high_sells,correct_mid_holds,Profit gained,buy_n_hold profit
0,0.7922705411911011,27.272727272727273%,27.272727272727273%,85.4054054054054%,71.42857142857143%,47.36842105263158%,86.7816091954023%,35.87250678344724%,55.56771999603271%
1,0.8125,11.11111111111111%,10.0%,88.35978835978835%,100.0%,50.0%,85.24590163934427%,42.237442109069775%,67.54069125000002%
2,0.782608687877655,18.181818181818183%,30.0%,84.40860215053763%,60.0%,53.333333333333336%,79.53216374269006%,38.859174240198136%,24.380335833320625%
3,0.7259615659713745,14.285714285714286%,25.0%,76.6839378238342%,57.142857142857146%,59.25925925925926%,84.90566037735849%,45.92190177527426%,64.87407351390837%
4,0.853210985660553,0.0%,37.5%,90.5940594059406%,66.66666666666667%,68.75%,85.64102564102564%,8.205703047351799%,23.7578138288879%
5,0.8082191944122314,0.0%,9.090909090909092%,87.56218905472637%,62.5%,36.8421052631579%,85.86387434554973%,3.0825029943657136%,25.65490331684112%
6,0.7981651425361633,30.0%,0.0%,86.36363636363636%,57.89473684210526%,45.45454545454545%,82.88770053475936%,35.798032515678315%,1.1819906801032993%
7,0.7945205569267273,30.0%,0.0%,85.92964824120602%,73.33333333333333%,56.25%,82.3529411764706%,-39.746083890786224%,-26.14299892369747%
