,Test_accuracy,correct_buys,correct_sells,correct_holds,correct_low_buys,correct_high_sells,correct_mid_holds,Profit gained,buy_n_hold profit
0,0.7808219194412231,0.0,5.882352941176471,92.3913043478261,33.333333333333336,47.05882352941177,83.60655737704919,602.2608292180439,3138.165410975435
1,0.8219178318977356,0.0,12.5,91.28205128205128,62.5,43.75,86.08247422680412,30.088773807493624,2086.7819938452512
2,0.7945205569267273,11.11111111111111,8.333333333333334,91.93548387096774,100.0,45.833333333333336,85.94594594594595,1198.0159922565401,5802.379195330377
