,Test_accuracy,correct_buys,correct_sells,correct_holds,correct_low_buys,correct_high_sells,correct_mid_holds,Profit gained,buy_n_hold profit
0,0.767123281955719,6.25,4.3478260869565215,92.22222222222223,25.0,47.82608695652174,83.24022346368714,-53.07933402177439,3138.165410975435
1,0.8310502171516418,15.384615384615385,8.333333333333334,92.26804123711341,66.66666666666667,16.666666666666668,87.11340206185567,48.14616737686731,2086.7819938452512
2,0.77625572681427,6.666666666666667,4.761904761904762,91.80327868852459,60.0,47.61904761904762,85.16483516483517,26.562526417481198,5802.379195330377
