,Test_accuracy,correct_buys,correct_sells,correct_holds,correct_low_buys,correct_high_sells,correct_mid_holds,Profit gained,buy_n_hold profit
0,0.7305936217308044,10.0,8.333333333333334,93.93939393939394,56.666666666666664,39.130434782608695,85.45454545454545,354.64563000881293,3138.165410975435
1,0.7397260069847107,0.0,3.7037037037037037,89.94413407821229,61.53846153846154,37.03703703703704,84.8314606741573,295.93192547747526,2086.7819938452512
2,0.7351598143577576,0.0,0.0,89.94413407821229,46.666666666666664,40.0,83.70786516853933,129.87168824209468,5802.379195330377
