,Test_accuracy,correct_buys,correct_sells,correct_holds,correct_low_buys,correct_high_sells,correct_mid_holds,Profit gained,buy_n_hold profit
0,0.621004581451416,6.666666666666667,6.382978723404255,92.25352112676056,56.666666666666664,48.93617021276596,79.43262411347517,11.205108709837504,3138.165410975435
1,0.5662100315093994,10.256410256410257,9.090909090909092,92.0,63.1578947368421,49.09090909090909,86.4,1527.5032740760978,2086.7819938452512
2,0.6392694115638733,6.896551724137931,10.204081632653061,94.32624113475177,44.827586206896555,54.166666666666664,87.94326241134752,299.134834119729,5802.379195330377
