,Test_accuracy,correct_buys,correct_sells,correct_holds,correct_low_buys,correct_high_sells,correct_mid_holds,Profit gained,buy_n_hold profit
0,0.11872146278619766,5.084745762711864,4.316546762589928,80.95238095238095,50.847457627118644,47.10144927536232,71.42857142857143,257.1615919511829,3138.165410975435
1,0.11415524780750275,6.172839506172839,6.451612903225806,85.71428571428571,45.67901234567901,41.12903225806452,61.53846153846154,103.73024903873693,2086.7819938452512
2,0.13698630034923553,6.666666666666667,5.072463768115942,90.47619047619048,46.666666666666664,41.605839416058394,85.71428571428571,314.79495256268876,5802.379195330377
