,Test_accuracy,correct_buys,correct_sells,correct_holds,correct_low_buys,correct_high_sells,correct_mid_holds,Profit gained,buy_n_hold profit
0,0.29680365324020386,6.25,7.407407407407407,93.10344827586206,50.63291139240506,45.67901234567901,75.86206896551724,27.117812621701358,3138.165410975435
1,0.30136987566947937,7.0588235294117645,8.0,91.52542372881356,51.19047619047619,50.666666666666664,83.05084745762711,1304.3030800933802,2086.7819938452512
2,0.35159817337989807,7.142857142857143,9.63855421686747,96.96969696969697,48.57142857142857,51.21951219512195,95.45454545454545,472.0118285010984,5802.379195330377
