,Test_accuracy,correct_buys,correct_sells,correct_holds,correct_low_buys,correct_high_sells,correct_mid_holds,Profit gained,buy_n_hold profit
0,0.6164383292198181,3.125,4.761904761904762,91.03448275862068,56.25,48.78048780487805,80.0,144.47418234390878,3138.165410975435
1,0.5799086689949036,4.878048780487805,4.878048780487805,89.78102189781022,46.34146341463415,48.78048780487805,85.29411764705883,90.70110650214468,2086.7819938452512
2,0.6164383292198181,6.25,10.0,93.43065693430657,34.375,54.0,83.82352941176471,199.11825211439373,5802.379195330377
