,Test_accuracy,correct_buys,correct_sells,correct_holds,correct_low_buys,correct_high_sells,correct_mid_holds,Profit gained,buy_n_hold profit
0,0.5936073064804077,10.256410256410257,5.882352941176471,95.34883720930233,50.0,41.1764705882353,84.49612403100775,-17.292717216265643,3138.165410975435
1,0.7214611768722534,21.73913043478261,5.714285714285714,93.7888198757764,69.56521739130434,54.285714285714285,87.5,290.06431500063394,2086.7819938452512
2,0.5616438388824463,9.090909090909092,5.172413793103448,91.40625,51.515151515151516,36.8421052631579,85.9375,76.6509974040298,5802.379195330377
