,Test_accuracy,correct_buys,correct_sells,correct_holds,correct_low_buys,correct_high_sells,correct_mid_holds,Profit gained,buy_n_hold profit
0,0.08675798773765564,6.185567010309279,6.837606837606837,100.0,51.54639175257732,48.275862068965516,100.0,236.6570765633627,3138.165410975435
1,0.07305935770273209,4.8076923076923075,6.306306306306307,100.0,46.601941747572816,43.24324324324324,100.0,418.7767724541628,2086.7819938452512
2,0.1004566177725792,6.122448979591836,6.25,100.0,49.48453608247423,48.214285714285715,77.77777777777777,262.53524727059363,5802.379195330377
