,Test_accuracy,correct_buys,correct_sells,correct_holds,correct_low_buys,correct_high_sells,correct_mid_holds,Profit gained,buy_n_hold profit
0,0.534246563911438,4.0,6.25,92.56198347107438,40.0,33.333333333333336,84.16666666666667,235.74842351002795,3138.165410975435
1,0.6073059439659119,5.882352941176471,10.638297872340425,91.30434782608695,41.1764705882353,53.191489361702125,85.4014598540146,1.8846099789391815,2086.7819938452512
2,0.5662100315093994,8.571428571428571,11.11111111111111,94.21487603305785,54.285714285714285,55.55555555555556,86.66666666666667,365.1258386819607,5802.379195330377
