,Test_accuracy,correct_buys,correct_sells,correct_holds,correct_low_buys,correct_high_sells,correct_mid_holds,Profit gained,buy_n_hold profit
0,0.29223743081092834,7.017543859649122,3.9603960396039604,91.80327868852459,54.3859649122807,50.0,85.24590163934427,202.7003433965681,3138.165410975435
1,0.2511415481567383,6.4935064935064934,5.434782608695652,90.0,49.35064935064935,41.30434782608695,89.79591836734694,301.86050889864043,2086.7819938452512
2,0.32420089840888977,7.6923076923076925,5.882352941176471,93.84615384615384,46.15384615384615,42.15686274509804,82.8125,615.2921708379307,5802.379195330377
