,Test_accuracy,correct_buys,correct_sells,correct_holds,correct_low_buys,correct_high_sells,correct_mid_holds,Profit gained,buy_n_hold profit
0,0.05936073139309883,4.545454545454546,8.045977011494253,0.0,48.85496183206107,48.275862068965516,0.0,151.40306975297776,3138.165410975435
1,0.06849315017461777,5.072463768115942,9.876543209876543,0.0,44.52554744525548,46.91358024691358,0.0,1231.3876346538266,2086.7819938452512
2,0.06392694264650345,5.343511450381679,7.954545454545454,0.0,45.80152671755725,51.724137931034484,0.0,909.7885126260351,5802.379195330377
