,Test_accuracy,correct_buys,correct_sells,correct_holds,correct_low_buys,correct_high_sells,correct_mid_holds,Profit gained,buy_n_hold profit
0,0.6575342416763306,7.317073170731708,3.7037037037037037,92.71523178807946,53.65853658536585,46.15384615384615,84.76821192052981,422.3049343552739,3138.165410975435
1,0.7031963467597961,5.0,6.0606060606060606,90.96385542168674,55.0,36.36363636363637,84.84848484848484,337.20207273025443,2086.7819938452512
2,0.6392694115638733,0.0,2.6315789473684212,89.6774193548387,46.15384615384615,44.73684210526316,84.41558441558442,259.85343207816453,5802.379195330377
