,Test_accuracy,correct_buys,correct_sells,correct_holds,correct_low_buys,correct_high_sells,correct_mid_holds,Profit gained,buy_n_hold profit
0,0.7853881120681763,0.0,5.555555555555555,91.93548387096774,13.333333333333334,50.0,83.78378378378379,118.93543843345657,3138.165410975435
1,0.835616409778595,16.666666666666668,8.333333333333334,92.3076923076923,72.72727272727273,25.0,87.17948717948718,77.62576204739838,2086.7819938452512
2,0.7899543642997742,6.25,0.0,91.48936170212765,62.5,33.333333333333336,84.49197860962566,215.33905847646483,5802.379195330377
