,Test_accuracy,correct_buys,correct_sells,correct_holds,correct_low_buys,correct_high_sells,correct_mid_holds,Profit gained,buy_n_hold profit
0,0.7214611768722534,0.0,8.0,92.3076923076923,28.0,48.0,83.33333333333333,384.4889284123834,3138.165410975435
1,0.8036529421806335,15.384615384615385,10.526315789473685,91.97860962566845,61.53846153846154,42.10526315789474,86.55913978494624,9.082245429294915,2086.7819938452512
2,0.7625570893287659,13.333333333333334,12.903225806451612,93.0635838150289,66.66666666666667,58.064516129032256,86.62790697674419,289.26377923408785,5802.379195330377
