,Test_accuracy,correct_buys,correct_sells,correct_holds,correct_low_buys,correct_high_sells,correct_mid_holds,Profit gained,buy_n_hold profit
0,0.3607305884361267,7.407407407407407,4.761904761904762,93.33333333333333,49.382716049382715,46.03174603174603,83.78378378378379,43.852094560722605,3138.165410975435
1,0.4885844886302948,8.19672131147541,10.909090909090908,93.20388349514563,48.333333333333336,47.27272727272727,87.37864077669903,523.441611371991,2086.7819938452512
2,0.4383561611175537,4.761904761904762,9.67741935483871,92.55319148936171,44.44444444444444,53.225806451612904,83.87096774193549,428.8261024467886,5802.379195330377
