,Test_accuracy,correct_buys,correct_sells,correct_holds,correct_low_buys,correct_high_sells,correct_mid_holds,Profit gained,buy_n_hold profit
0,0.7260273694992065,13.636363636363637,6.25,93.33333333333333,40.90909090909091,50.0,84.14634146341463,3.6033735946967056,3138.165410975435
1,0.7899543642997742,11.764705882352942,5.882352941176471,91.89189189189189,62.5,17.647058823529413,86.48648648648648,-3.886348180809577,2086.7819938452512
2,0.7260273694992065,5.882352941176471,6.25,91.76470588235294,47.05882352941177,37.5,84.02366863905326,28.980286962340184,5802.379195330377
