,Test_accuracy,correct_buys,correct_sells,correct_holds,correct_low_buys,correct_high_sells,correct_mid_holds,Profit gained,buy_n_hold profit
0,0.6438356041908264,5.882352941176471,7.894736842105263,92.51700680272108,35.294117647058826,47.36842105263158,82.87671232876713,-28.250845433362542,3138.165410975435
1,0.7442922592163086,9.523809523809524,4.3478260869565215,91.42857142857143,60.0,26.08695652173913,86.28571428571429,24.747724844057842,2086.7819938452512
2,0.6940639019012451,4.761904761904762,5.714285714285714,91.41104294478528,52.38095238095238,42.857142857142854,83.95061728395062,30.11799789686415,5802.379195330377
