,Test_accuracy,correct_buys,correct_sells,correct_holds,correct_low_buys,correct_high_sells,correct_mid_holds,Profit gained,buy_n_hold profit
0,0.7625570893287659,13.636363636363637,4.545454545454546,93.14285714285714,36.36363636363637,50.0,83.9080459770115,557.7711969692624,3138.165410975435
1,0.8219178318977356,14.285714285714286,7.6923076923076925,92.1875,53.84615384615385,23.076923076923077,86.97916666666667,17.117001450878348,2086.7819938452512
2,0.7625570893287659,6.666666666666667,4.166666666666667,91.66666666666667,53.333333333333336,37.5,84.35754189944134,-6.424235430636912,5802.379195330377
