,Test_accuracy,correct_buys,correct_sells,correct_holds,correct_low_buys,correct_high_sells,correct_mid_holds,Profit gained,buy_n_hold profit
0,0.06392694264650345,5.0,8.080808080808081,0.0,47.89915966386555,44.44444444444444,0.0,226.8261980763254,3138.165410975435
1,0.06849315017461777,4.878048780487805,9.375,0.0,48.36065573770492,42.708333333333336,0.0,306.7177563718497,2086.7819938452512
2,0.05936073139309883,5.357142857142857,6.542056074766355,0.0,46.42857142857143,48.113207547169814,0.0,319.02649820377223,5802.379195330377
