,Test_accuracy,correct_buys,correct_sells,correct_holds,correct_low_buys,correct_high_sells,correct_mid_holds,Profit gained,buy_n_hold profit
0,0.28985506296157837,100.0%,72.72727272727273%,22.16216216216216%,57.8125%,44.44444444444444%,90.69767441860465%,37.80488932220449%,53.5836826651001%
1,0.25,88.88888888888889%,70.0%,19.576719576719576%,57.89473684210526%,50.450450450450454%,76.92307692307692%,40.50631421936023%,66.41259749999998%
2,0.32367148995399475,72.72727272727273%,90.0%,26.881720430107528%,60.0%,54.651162790697676%,78.0%,42.84152087543482%,24.380335833320625%
3,0.21153846383094788,71.42857142857143%,62.5%,17.616580310880828%,57.142857142857146%,53.46534653465346%,88.88888888888889%,30.994514705810346%,64.87407351390837%
4,0.2568807303905487,62.5%,50.0%,23.26732673267327%,52.23880597014925%,40.816326530612244%,84.61538461538461%,14.586573060893935%,23.7578138288879%
5,0.24200913310050964,42.857142857142854%,81.81818181818181%,20.398009950248756%,55.0%,42.391304347826086%,78.26086956521739%,13.827258223132976%,25.65490331684112%
6,0.3669724762439728,70.0%,40.0%,34.84848484848485%,47.69230769230769%,50.0%,82.89473684210526%,-15.727953657555627%,1.1819906801032993%
7,0.26484018564224243,80.0%,80.0%,21.105527638190956%,54.54545454545455%,50.0%,86.66666666666667%,27.58375239170516%,-26.14299892369747%
