,Test_accuracy,correct_buys,correct_sells,correct_holds,correct_low_buys,correct_high_sells,correct_mid_holds,Profit gained,buy_n_hold profit
0,0.33816424012184143,81.81818181818181%,72.72727272727273%,28.64864864864865%,57.6271186440678%,45.55555555555556%,87.71929824561404%,36.447594644775286%,53.5836826651001%
1,0.3125,66.66666666666667%,70.0%,27.513227513227513%,59.25925925925926%,54.08163265306123%,81.81818181818181%,13.419547432555992%,66.41259749999998%
2,0.3140096664428711,72.72727272727273%,70.0%,26.881720430107528%,55.4054054054054%,55.69620253164557%,71.69811320754717%,52.65309319520939%,24.380335833320625%
3,0.24519230425357819,71.42857142857143%,62.5%,21.243523316062177%,56.25%,53.0%,90.69767441860465%,21.32803999513617%,64.87407351390837%
4,0.3302752375602722,62.5%,62.5%,30.693069306930692%,50.0%,42.52873563218391%,87.87878787878788%,15.09261611511227%,23.7578138288879%
5,0.31963470578193665,57.142857142857146%,63.63636363636363%,29.35323383084577%,55.84415584415584%,46.753246753246756%,85.9375%,19.445086481532908%,25.65490331684112%
6,0.3807339370250702,70.0%,60.0%,35.35353535353536%,50.847457627118644%,45.78313253012048%,88.0%,8.565616100582865%,1.1819906801032993%
7,0.32420089840888977,50.0%,80.0%,29.14572864321608%,53.73134328358209%,57.47126436781609%,76.5625%,-9.292812310781592%,-26.14299892369747%
