,Test_accuracy,correct_buys,correct_sells,correct_holds,correct_low_buys,correct_high_sells,correct_mid_holds,Profit gained,buy_n_hold profit
0,0.28502416610717773,72.72727272727273%,63.63636363636363%,23.783783783783782%,62.857142857142854%,55.172413793103445%,82.0%,30.17995727615349%,55.56771999603271%
1,0.29326921701431274,66.66666666666667%,70.0%,25.396825396825395%,68.75%,57.407407407407405%,88.46153846153847%,14.675392364196703%,67.54069125000002%
2,0.30434781312942505,45.45454545454545%,50.0%,28.49462365591398%,50.81967213114754%,57.83132530120482%,77.41935483870968%,27.68495947273255%,24.380335833320625%
3,0.25,71.42857142857143%,75.0%,21.243523316062177%,60.37735849056604%,52.72727272727273%,88.63636363636364%,16.382181556053055%,64.87407351390837%
4,0.2110091745853424,37.5%,100.0%,17.326732673267326%,48.38709677419355%,46.21848739495798%,91.66666666666667%,16.962358873805897%,23.7578138288879%
5,0.27397260069847107,57.142857142857146%,72.72727272727273%,23.880597014925375%,50.90909090909091%,42.72727272727273%,79.24528301886792%,-1.2801950878144452%,25.65490331684112%
6,0.2293577939271927,60.0%,80.0%,18.181818181818183%,53.94736842105263%,44.11764705882353%,76.92307692307692%,6.4189513166092365%,1.1819906801032993%
7,0.24200913310050964,60.0%,60.0%,20.603015075376884%,56.52173913043478%,47.05882352941177%,82.97872340425532%,-31.058409067659543%,-26.14299892369747%
