,Test_accuracy,correct_buys,correct_sells,correct_holds,correct_low_buys,correct_high_sells,correct_mid_holds,Profit gained,buy_n_hold profit
0,0.35159817337989807,6.0606060606060606,11.11111111111111,88.0,52.04081632653061,60.0,77.33333333333333,67.57168480774976,-8.209536376169453
1,0.36986300349235535,5.1020408163265305,5.882352941176471,85.05747126436782,50.51546391752577,50.0,79.3103448275862,-17.674050346439856,-42.761652058241246
2,0.39726027846336365,7.920792079207921,13.157894736842104,92.5,44.554455445544555,54.054054054054056,88.75,792.5089953389661,-31.90034799175503
