,Test_accuracy,correct_buys,correct_sells,correct_holds,correct_low_buys,correct_high_sells,correct_mid_holds,Profit gained,buy_n_hold profit
0,0.7625570893287659,8.0,15.384615384615385,90.05524861878453,56.0,76.92307692307692,83.33333333333333,-52.2470726254747,-8.209536376169453
1,0.7305936217308044,11.428571428571429,8.333333333333334,90.11627906976744,51.42857142857143,41.666666666666664,83.04093567251462,-25.21507386125074,-42.761652058241246
2,0.6255707740783691,6.25,4.761904761904762,88.66666666666667,50.0,57.142857142857146,80.53691275167785,-50.89509079331598,-31.90034799175503
