,Test_accuracy,correct_buys,correct_sells,correct_holds,correct_low_buys,correct_high_sells,correct_mid_holds,Profit gained,buy_n_hold profit
0,0.5662100315093994,11.363636363636363,10.204081632653061,90.47619047619048,52.27272727272727,61.224489795918366,84.8,-41.18793283485477,-8.209536376169453
1,0.4794520437717438,7.6923076923076925,12.0,90.38461538461539,59.375,58.0,86.53846153846153,6.973366955974939,-42.761652058241246
2,0.4383561611175537,5.555555555555555,13.72549019607843,88.54166666666667,48.611111111111114,56.86274509803921,78.94736842105263,-75.51567839573784,-31.90034799175503
