,Test_accuracy,correct_buys,correct_sells,correct_holds,correct_low_buys,correct_high_sells,correct_mid_holds,Profit gained,buy_n_hold profit
0,0.1780821979045868,7.619047619047619,8.13953488372093,85.71428571428571,50.476190476190474,52.94117647058823,78.57142857142857,961.8952923419416,-8.209536376169453
1,0.155251145362854,5.504587155963303,9.30232558139535,83.33333333333333,47.22222222222222,52.325581395348834,79.16666666666667,-3.6241873814323924,-42.761652058241246
2,0.18721461296081543,7.407407407407407,10.714285714285714,88.88888888888889,42.99065420560748,48.80952380952381,81.48148148148148,113.0659909293564,-31.90034799175503
