,Test_accuracy,correct_buys,correct_sells,correct_holds,correct_low_buys,correct_high_sells,correct_mid_holds,Profit gained,buy_n_hold profit
0,0.37899544835090637,7.894736842105263,9.375,89.87341772151899,44.73684210526316,60.9375,83.33333333333333,-34.39432206062152,-8.209536376169453
1,0.3607305884361267,6.329113924050633,10.606060606060606,90.54054054054055,50.0,53.03030303030303,86.48648648648648,4.72868380207548,-42.761652058241246
2,0.4155251085758209,10.169491525423728,8.108108108108109,91.86046511627907,45.76271186440678,58.108108108108105,82.3529411764706,35.182643509799504,-31.90034799175503
