,Test_accuracy,correct_buys,correct_sells,correct_holds,correct_low_buys,correct_high_sells,correct_mid_holds,Profit gained,buy_n_hold profit
0,0.07305935770273209,6.593406593406593,10.81081081081081,0.0,48.06629834254144,59.45945945945946,0.0,14.765561654006163,-8.209536376169453
1,0.06392694264650345,4.848484848484849,11.11111111111111,0.0,43.90243902439025,51.851851851851855,0.0,-39.97761371749132,-42.761652058241246
2,0.077625572681427,5.9523809523809526,13.72549019607843,0.0,42.51497005988024,49.01960784313726,0.0,33.31015017406972,-31.90034799175503
