,Test_accuracy,correct_buys,correct_sells,correct_holds,correct_low_buys,correct_high_sells,correct_mid_holds,Profit gained,buy_n_hold profit
0,0.8082191944122314,6.25,20.0,90.15544041450777,50.0,80.0,83.85416666666667,-65.94653269941632,-8.209536376169453
1,0.7579908967018127,12.5,11.11111111111111,90.4494382022472,50.0,33.333333333333336,83.05084745762711,-29.102279023539413,-42.761652058241246
2,0.6666666865348816,2.5641025641025643,5.882352941176471,88.34355828220859,53.84615384615385,52.94117647058823,80.24691358024691,-45.49071233994833,-31.90034799175503
