,Test_accuracy,correct_buys,correct_sells,correct_holds,correct_low_buys,correct_high_sells,correct_mid_holds,Profit gained,buy_n_hold profit
0,0.7260273694992065,3.4482758620689653,12.5,89.65517241379311,48.275862068965516,56.25,83.81502890173411,44.70655711900292,-8.209536376169453
1,0.767123281955719,4.3478260869565215,21.428571428571427,90.10989010989012,43.47826086956522,78.57142857142857,82.87292817679558,-5.301778642205534,-42.761652058241246
2,0.7808219194412231,14.814814814814815,18.181818181818183,91.16022099447514,51.851851851851855,54.54545454545455,83.33333333333333,227.70627859528165,-31.90034799175503
