,Test_accuracy,correct_buys,correct_sells,correct_holds,correct_low_buys,correct_high_sells,correct_mid_holds,Profit gained,buy_n_hold profit
0,0.4383561611175537,7.766990291262136,14.285714285714286,89.47368421052632,48.54368932038835,66.66666666666667,84.04255319148936,151.17128827327957,-8.209536376169453
1,0.42465752363204956,6.122448979591836,13.333333333333334,91.20879120879121,45.36082474226804,66.66666666666667,85.71428571428571,-41.62315418192622,-42.761652058241246
2,0.4292237460613251,7.766990291262136,15.384615384615385,91.11111111111111,49.01960784313726,61.53846153846154,84.44444444444444,32.44809262584289,-31.90034799175503
