,Test_accuracy,correct_buys,correct_sells,correct_holds,correct_low_buys,correct_high_sells,correct_mid_holds,Profit gained,buy_n_hold profit
0,0.5890411138534546,8.695652173913043,10.526315789473685,89.62962962962963,54.34782608695652,57.89473684210526,82.83582089552239,-1.8025298599005308,-8.209536376169453
1,0.5525113940238953,8.064516129032258,16.216216216216218,91.66666666666667,54.09836065573771,59.45945945945946,85.0,-21.501996310333908,-42.761652058241246
2,0.4931506812572479,4.285714285714286,16.216216216216218,88.39285714285714,47.82608695652174,59.45945945945946,77.67857142857143,-88.90420568182103,-31.90034799175503
