,Test_accuracy,correct_buys,correct_sells,correct_holds,correct_low_buys,correct_high_sells,correct_mid_holds,Profit gained,buy_n_hold profit
0,0.08675798773765564,7.947019867549669,10.294117647058824,0.0,52.0,57.35294117647059,0.0,1325.443195373446,-8.209536376169453
1,0.06849315017461777,6.206896551724138,8.108108108108109,0.0,45.833333333333336,50.0,0.0,-1.413745110487696,-42.761652058241246
2,0.08675798773765564,6.8493150684931505,12.32876712328767,0.0,42.758620689655174,46.57534246575342,0.0,265.44562335433534,-31.90034799175503
