,Test_accuracy,correct_buys,correct_sells,correct_holds,correct_low_buys,correct_high_sells,correct_mid_holds,Profit gained,buy_n_hold profit
0,0.3652968108654022,8.771929824561404,8.13953488372093,89.47368421052632,56.14035087719298,48.83720930232558,84.0,449.3543008537544,-8.209536376169453
1,0.35159817337989807,7.017543859649122,7.777777777777778,91.66666666666667,42.10526315789474,50.0,81.69014084507042,-61.282123167911394,-42.761652058241246
2,0.3835616409778595,10.0,9.89010989010989,89.74358974358974,42.0,50.54945054945055,83.11688311688312,1787.9234010616312,-31.90034799175503
