,Test_accuracy,correct_buys,correct_sells,correct_holds,correct_low_buys,correct_high_sells,correct_mid_holds,Profit gained,buy_n_hold profit
0,0.26940637826919556,6.730769230769231,11.11111111111111,86.53846153846153,51.45631067961165,55.55555555555556,78.84615384615384,196.3375802154946,-8.209536376169453
1,0.30136987566947937,6.930693069306931,9.090909090909092,85.71428571428571,50.0,49.09090909090909,77.77777777777777,129.43911891572537,-42.761652058241246
2,0.30136987566947937,7.407407407407407,10.909090909090908,92.85714285714286,40.74074074074074,48.148148148148145,89.28571428571429,1836.661305728367,-31.90034799175503
