,Test_accuracy,correct_buys,correct_sells,correct_holds,correct_low_buys,correct_high_sells,correct_mid_holds,Profit gained,buy_n_hold profit
0,0.7351598143577576,14.285714285714286,9.523809523809524,91.17647058823529,57.142857142857146,61.904761904761905,85.20710059171597,-26.802925466141986,-8.209536376169453
1,0.7031963467597961,11.538461538461538,4.0,89.28571428571429,34.61538461538461,56.0,81.437125748503,-5.374838136563525,-42.761652058241246
2,0.7214611768722534,5.555555555555555,10.344827586206897,89.53488372093024,33.333333333333336,55.172413793103445,81.87134502923976,-13.913288379214947,-31.90034799175503
