,Test_accuracy,correct_buys,correct_sells,correct_holds,correct_low_buys,correct_high_sells,correct_mid_holds,Profit gained,buy_n_hold profit
0,0.611872136592865,6.25,11.11111111111111,88.88888888888889,56.25,66.66666666666667,81.81818181818181,-56.61193651357416,-8.209536376169453
1,0.5114155411720276,6.666666666666667,11.627906976744185,88.79310344827586,44.067796610169495,62.7906976744186,82.75862068965517,-8.306200244754763,-42.761652058241246
2,0.4885844886302948,9.63855421686747,11.764705882352942,93.13725490196079,48.78048780487805,61.76470588235294,85.29411764705883,13.936975124637044,-31.90034799175503
