,Test_accuracy,correct_buys,correct_sells,correct_holds,correct_low_buys,correct_high_sells,correct_mid_holds,Profit gained,buy_n_hold profit
0,0.054794520139694214,5.47945205479452,0.0,0.0,43.57798165137615,0.0,0.0,-8.209536376169453,-8.209536376169453
1,0.0502283088862896,5.0228310502283104,0.0,0.0,41.28440366972477,0.0,0.0,-42.761652058241246,-42.761652058241246
2,0.04566210135817528,4.566210045662101,0.0,0.0,40.825688073394495,0.0,0.0,-31.90034799175503,-31.90034799175503
