,Test_accuracy,correct_buys,correct_sells,correct_holds,correct_low_buys,correct_high_sells,correct_mid_holds,Profit gained,buy_n_hold profit
0,0.5205479264259338,10.204081632653061,11.666666666666666,92.72727272727273,53.06122448979592,53.333333333333336,87.1559633027523,399.40136161363455,-8.209536376169453
1,0.45205479860305786,7.2727272727272725,5.084745762711864,87.61904761904762,41.81818181818182,50.847457627118644,79.8076923076923,-53.825098874557284,-42.761652058241246
2,0.49771690368652344,8.88888888888889,9.523809523809524,89.1891891891892,42.22222222222222,57.142857142857146,81.81818181818181,4647.6029685004405,-31.90034799175503
