,Test_accuracy,correct_buys,correct_sells,correct_holds,correct_low_buys,correct_high_sells,correct_mid_holds,Profit gained,buy_n_hold profit
0,0.4155251085758209,9.333333333333334,7.142857142857143,90.9090909090909,48.0,58.18181818181818,85.22727272727273,26.54053976418759,-8.209536376169453
1,0.4292237460613251,6.756756756756757,13.559322033898304,94.18604651162791,43.83561643835616,54.23728813559322,89.53488372093024,20.097633109446818,-42.761652058241246
2,0.4109589159488678,8.571428571428571,6.557377049180328,90.9090909090909,45.714285714285715,47.540983606557376,82.75862068965517,35.06559067990855,-31.90034799175503
