,Test_accuracy,correct_buys,correct_sells,correct_holds,correct_low_buys,correct_high_sells,correct_mid_holds,Profit gained,buy_n_hold profit
0,0.7853881120681763,12.5,6.666666666666667,89.8936170212766,43.75,60.0,83.9572192513369,-26.868558357179566,-8.209536376169453
1,0.7534246444702148,0.0,12.5,89.56043956043956,35.0,62.5,83.51648351648352,15.364084629215682,-42.761652058241246
2,0.77625572681427,5.882352941176471,0.0,88.94736842105263,58.8235294117647,41.666666666666664,80.42328042328042,275.37250294948467,-31.90034799175503
