,Test_accuracy,correct_buys,correct_sells,correct_holds,correct_low_buys,correct_high_sells,correct_mid_holds,Profit gained,buy_n_hold profit
0,0.5616438388824463,15.384615384615385,8.771929824561404,91.0569105691057,53.84615384615385,61.40350877192982,82.78688524590164,96.31537304651425,-8.209536376169453
1,0.543379008769989,0.0,11.11111111111111,88.97637795275591,37.83783783783784,55.55555555555556,85.8267716535433,55.07330466678507,-42.761652058241246
2,0.5753424763679504,8.571428571428571,7.8431372549019605,89.47368421052632,54.285714285714285,45.09803921568628,81.81818181818181,-35.99217446644184,-31.90034799175503
