,Test_accuracy,correct_buys,correct_sells,correct_holds,correct_low_buys,correct_high_sells,correct_mid_holds,Profit gained,buy_n_hold profit
0,0.5753424763679504,6.122448979591836,8.571428571428571,88.88888888888889,53.06122448979592,58.8235294117647,82.22222222222223,57.55650704395856,-8.209536376169453
1,0.6438356041908264,5.405405405405405,12.5,90.0,48.648648648648646,62.5,83.22147651006712,32.00581630064627,-42.761652058241246
2,0.6484017968177795,9.090909090909092,12.0,90.0,43.18181818181818,52.0,81.87919463087249,-5.267852158338513,-31.90034799175503
