,Test_accuracy,correct_buys,correct_sells,correct_holds,correct_low_buys,correct_high_sells,correct_mid_holds,Profit gained,buy_n_hold profit
0,0.7214611768722534,3.8461538461538463,5.882352941176471,88.63636363636364,65.38461538461539,64.70588235294117,82.85714285714286,-61.85143328231996,-8.209536376169453
1,0.7168949842453003,9.090909090909092,10.714285714285714,89.94082840236686,36.36363636363637,60.714285714285715,83.33333333333333,-28.023318543221603,-42.761652058241246
2,0.6255707740783691,7.142857142857143,15.789473684210526,90.27777777777777,49.09090909090909,63.1578947368421,82.63888888888889,6.968909984078721,-31.90034799175503
