,Test_accuracy,correct_buys,correct_sells,correct_holds,correct_low_buys,correct_high_sells,correct_mid_holds,Profit gained,buy_n_hold profit
0,0.7064220309257507,37.5%,8.333333333333334%,75.75757575757575%,58.333333333333336%,38.888888888888886%,84.04907975460122%,-7.9699645185661945%,-2.814695788350109%
1,0.6575342416763306,33.333333333333336%,20.0%,70.05076142131979%,55.88235294117647%,58.064516129032256%,81.69934640522875%,66.74822916412347%,-5.2300128916788164%
2,0.7018348574638367,22.22222222222222%,16.666666666666668%,75.63451776649747%,44.827586206896555%,43.47826086956522%,82.42424242424242%,2.451488249988488%,13.82204687950136%
3,0.698630154132843,9.090909090909092%,18.181818181818183%,76.14213197969544%,50.0%,43.75%,84.93975903614458%,32.64756475651738%,-25.86481315893174%
4,0.7064220309257507,36.36363636363637%,50.0%,73.13432835820896%,56.666666666666664%,48.38709677419355%,86.53846153846153%,9.028934154319703%,35.77290673755644%
5,0.7123287916183472,20.0%,25.0%,76.6497461928934%,53.333333333333336%,50.0%,84.33734939759036%,10.309014449577242%,-14.13141708526613%
