,Test_accuracy,correct_buys,correct_sells,correct_holds,correct_low_buys,correct_high_sells,correct_mid_holds,Profit gained,buy_n_hold profit
0,0.7935779690742493,12.5%,37.5%,83.66336633663366%,40.0%,72.22222222222223%,75.97765363128492%,-45.100847180232236%,-84.61262633816898%
1,0.7945205569267273,0.0%,12.5%,85.22167487684729%,33.333333333333336%,57.142857142857146%,82.97872340425532%,14.989070436002566%,578.6101671144571%
2,0.7844036817550659,40.0%,11.11111111111111%,83.41708542713567%,56.52173913043478%,66.66666666666667%,80.44692737430168%,-42.60413743934573%,-43.48984646355153%
3,0.7488584518432617,0.0%,18.181818181818183%,81.0%,22.22222222222222%,45.16129032258065%,85.95505617977528%,-24.592527718792052%,204.7555150256389%
4,0.7844036817550659,0.0%,37.5%,83.58208955223881%,38.888888888888886%,65.0%,84.91620111731844%,-53.058253498289666%,-90.78847131402492%
5,0.7579908967018127,12.5%,50.0%,79.60199004975124%,42.857142857142854%,58.8235294117647%,85.88235294117646%,24.911616389360404%,1621.9386064761043%
