,Test_accuracy,correct_buys,correct_sells,correct_holds,correct_low_buys,correct_high_sells,correct_mid_holds,Profit gained,buy_n_hold profit
0,0.7018348574638367,12.5%,25.0%,75.25252525252525%,47.36842105263158%,40.0%,84.04907975460122%,13.138037908852073%,-2.814695788350109%
1,0.7808219194412231,0.0%,10.0%,86.29441624365482%,58.333333333333336%,62.5%,82.63157894736842%,-15.837047190920131%,-5.2300128916788164%
2,0.7064220309257507,0.0%,8.333333333333334%,77.66497461928934%,60.0%,36.666666666666664%,83.13953488372093%,11.82677564947122%,13.82204687950136%
3,0.7716894745826721,9.090909090909092%,27.272727272727273%,83.75634517766497%,18.181818181818183%,68.0%,82.41758241758242%,-29.697253240814252%,-25.86481315893174%
4,0.752293586730957,9.090909090909092%,0.0%,81.09452736318408%,40.0%,51.724137931034484%,87.07865168539325%,10.406767126998876%,35.77290673755644%
5,0.689497709274292,20.0%,8.333333333333334%,75.1269035532995%,44.11764705882353%,47.36842105263158%,81.21212121212122%,-13.965097427616294%,-14.13141708526613%
