,Test_accuracy,correct_buys,correct_sells,correct_holds,correct_low_buys,correct_high_sells,correct_mid_holds,Profit gained,buy_n_hold profit
0,0.7568807601928711,20.0%,9.090909090909092%,82.23350253807106%,50.0%,45.833333333333336%,80.44692737430168%,3.8845406629848727%,-1.0644042947387424%
1,0.8401826620101929,20.0%,20.0%,90.45226130653266%,45.45454545454545%,58.333333333333336%,84.61538461538461%,-21.402960741651103%,-36.4661538820076%
2,0.6926605701446533,50.0%,12.5%,72.5%,50.0%,68.18181818181819%,84.07643312101911%,-13.364091668214842%,2.337497981901142%
3,0.7808219194412231,0.0%,16.666666666666668%,85.78680203045685%,46.15384615384615%,66.66666666666667%,85.56149732620321%,39.55800810809855%,-30.40350316658022%
4,0.7385321259498596,25.0%,14.285714285714286%,77.83251231527093%,53.125%,41.1764705882353%,86.9047619047619%,-8.436382098970515%,-23.847933616180423%
5,0.7716894745826721,33.333333333333336%,8.333333333333334%,83.33333333333333%,56.52173913043478%,42.857142857142854%,82.32044198895028%,-57.98318347952134%,-44.94792449868202%
