,Test_accuracy,correct_buys,correct_sells,correct_holds,correct_low_buys,correct_high_sells,correct_mid_holds,Profit gained,buy_n_hold profit
0,0.7782257795333862,27.272727272727273%,0.0%,82.96943231441048%,50.0%,58.8235294117647%,83.82352941176471%,13.297235845641971%,8.344334352684001%
1,0.7853881120681763,28.571428571428573%,18.181818181818183%,83.58208955223881%,47.61904761904762%,47.05882352941177%,85.55555555555556%,6.736945751342718%,25.65490331684112%
2,0.7595744729042053,25.0%,10.0%,81.92488262910798%,54.09836065573771%,69.56521739130434%,85.45454545454545%,13.58519941863995%,-5.155468653640746%
3,0.7446042895317078,12.5%,7.6923076923076925%,81.92771084337349%,41.666666666666664%,76.92307692307692%,83.33333333333333%,-60.21816738380441%,-74.30636298537254%
4,0.7788461446762085,33.333333333333336%,20.0%,83.06878306878306%,61.904761904761905%,50.0%,85.29411764705883%,26.55804674102776%,66.41259749999998%
5,0.7361344695091248,18.75%,14.814814814814815%,79.85074626865672%,44.73684210526316%,63.63636363636363%,83.54430379746836%,-45.53988862345718%,-43.967790105748165%
6,0.7513631582260132,17.391304347826086%,10.0%,81.46811070998797%,51.785714285714285%,58.92857142857143%,84.22459893048128%,-53.61508639556194%,-45.40318676573037%
