,Test_accuracy,correct_buys,correct_sells,correct_holds,correct_low_buys,correct_high_sells,correct_mid_holds,Profit gained,buy_n_hold profit
0,0.8467742204666138,18.181818181818183%,0.0%,90.82969432314411%,61.53846153846154%,45.45454545454545%,83.40807174887892%,6.009050879573806%,8.344334352684001%
1,0.8630136847496033,42.857142857142854%,18.181818181818183%,91.54228855721394%,76.47058823529412%,100.0%,87.6923076923077%,10.62411804473877%,25.65490331684112%
2,0.8617021441459656,20.833333333333332%,5.0%,93.66197183098592%,54.166666666666664%,66.66666666666667%,85.09174311926606%,9.062091072463954%,-5.155468653640746%
3,0.8237410187721252,0.0%,0.0%,91.96787148594377%,30.76923076923077%,50.0%,82.8125%,-42.55094299436573%,-74.30636298537254%
4,0.8557692170143127,11.11111111111111%,10.0%,93.12169312169313%,57.142857142857146%,50.0%,84.89583333333333%,11.579650859985323%,66.41259749999998%
5,0.8336134552955627,15.625%,14.814814814814815%,90.85820895522389%,62.16216216216216%,80.95238095238095%,83.58208955223881%,-5.167508673458396%,-43.967790105748165%
6,0.8287895321846008,6.521739130434782%,0.0%,91.0950661853189%,53.84615384615385%,44.73684210526316%,83.67103694874851%,-1.0140525988402078%,-45.40318676573037%
