,Test_accuracy,correct_buys,correct_sells,correct_holds,correct_low_buys,correct_high_sells,correct_mid_holds,Profit gained,buy_n_hold profit
0,0.8119266033172607,10.0%,10.0%,88.38383838383838%,80.0%,41.1764705882353%,86.38743455497382%,13.093821278943887%,26.470607641010265%
1,0.8264840245246887,12.5%,36.36363636363637%,88.0%,85.71428571428571%,63.63636363636363%,84.73684210526316%,31.517885728459333%,-13.262458691596985%
2,0.8440366983413696,10.0%,10.0%,91.91919191919192%,28.571428571428573%,20.0%,83.5%,11.810006779909092%,26.873727015776605%
3,0.8401826620101929,0.0%,18.181818181818183%,91.0%,37.5%,41.666666666666664%,84.34343434343434%,-16.70812264377837%,-14.559847748279573%
