,Test_accuracy,correct_buys,correct_sells,correct_holds,correct_low_buys,correct_high_sells,correct_mid_holds,Profit gained,buy_n_hold profit
0,0.5507246255874634,0.0%,60.0%,56.8421052631579%,35.0%,46.0%,80.17241379310344%,-9.2201515119935%,47.06870342285152%
1,0.5913461446762085,25.0%,62.5%,60.416666666666664%,56.0%,53.44827586206897%,84.6774193548387%,10.407599558048187%,66.69995791614528%
2,0.5603864789009094,25.0%,20.0%,59.25925925925926%,54.285714285714285%,57.4468085106383%,81.45161290322581%,-29.938199252166882%,84.4058513034439%
3,0.5336538553237915,30.0%,62.5%,54.21052631578947%,64.0%,45.833333333333336%,87.27272727272727%,33.324593671359885%,122.28271841011048%
4,0.5314009785652161,63.63636363636363%,63.63636363636363%,51.891891891891895%,58.53658536585366%,44.44444444444444%,89.2156862745098%,19.58964242889393%,53.5836826651001%
5,0.567307710647583,22.22222222222222%,40.0%,59.25925925925926%,60.0%,55.932203389830505%,83.73983739837398%,31.749095307617097%,66.41259749999998%
