,Test_accuracy,correct_buys,correct_sells,correct_holds,correct_low_buys,correct_high_sells,correct_mid_holds,Profit gained,buy_n_hold profit
0,0.8211008906364441,12.5%,25.0%,88.38383838383838%,64.28571428571429%,61.53846153846154%,84.21052631578948%,3.79884971366635%,-2.814695788350109%
1,0.7534246444702148,0.0%,0.0%,83.75634517766497%,47.36842105263158%,50.0%,82.16216216216216%,16.87425591252322%,-5.2300128916788164%
2,0.7568807601928711,11.11111111111111%,16.666666666666668%,82.23350253807106%,50.0%,45.0%,83.24022346368714%,1.7087633251953047%,13.82204687950136%
3,0.7945205569267273,0.0%,27.272727272727273%,86.80203045685279%,46.15384615384615%,81.25%,83.06878306878306%,-49.342036544313494%,-25.86481315893174%
4,0.7568807601928711,9.090909090909092%,16.666666666666668%,81.09452736318408%,53.333333333333336%,52.0%,84.18079096045197%,13.294048614616404%,35.77290673755644%
5,0.8173515796661377,20.0%,16.666666666666668%,88.83248730964468%,56.25%,50.0%,82.29166666666667%,-14.777794651565564%,-14.13141708526613%
