,Test_accuracy,correct_buys,correct_sells,correct_holds,correct_low_buys,correct_high_sells,correct_mid_holds,Profit gained,buy_n_hold profit
0,0.8027523159980774,25.0%,0.0%,85.64356435643565%,47.82608695652174%,50.0%,72.04301075268818%,-53.56483269875169%,-84.61262633816898%
1,0.6621004343032837,50.0%,25.0%,68.47290640394088%,62.5%,47.82608695652174%,84.45945945945945%,245.10439797980808%,578.6101671144571%
2,0.7339449524879456,20.0%,11.11111111111111%,78.89447236180905%,57.69230769230769%,57.89473684210526%,81.3953488372093%,33.21194294168048%,-43.48984646355153%
3,0.7579908967018127,25.0%,9.090909090909092%,81.5%,45.0%,54.54545454545455%,86.93181818181819%,54.219083857532766%,204.7555150256389%
4,0.7155963182449341,22.22222222222222%,12.5%,76.11940298507463%,57.5%,45.45454545454545%,83.13253012048193%,-69.61067578913811%,-90.78847131402492%
5,0.6484017968177795,25.0%,0.0%,69.65174129353234%,39.39393939393939%,51.61290322580645%,83.76623376623377%,268.1076755093776%,1621.9386064761043%
