,Test_accuracy,correct_buys,correct_sells,correct_holds,correct_low_buys,correct_high_sells,correct_mid_holds,Profit gained,buy_n_hold profit
0,0.8302752375602722,37.5%,25.0%,88.38383838383838%,64.28571428571429%,43.75%,85.02673796791444%,8.076267078115944%,-2.814695788350109%
1,0.8127853870391846,0.0%,0.0%,90.35532994923858%,50.0%,57.142857142857146%,82.41206030150754%,-27.89864992581128%,-5.2300128916788164%
2,0.7844036817550659,0.0%,8.333333333333334%,86.29441624365482%,66.66666666666667%,42.10526315789474%,82.53968253968254%,1.7091714798736395%,13.82204687950136%
3,0.844748854637146,0.0%,9.090909090909092%,93.4010152284264%,41.666666666666664%,33.333333333333336%,83.74384236453201%,20.378036325559588%,-25.86481315893174%
4,0.8027523159980774,9.090909090909092%,33.333333333333336%,85.57213930348259%,46.15384615384615%,63.1578947368421%,85.94594594594595%,5.548567229042001%,35.77290673755644%
5,0.7488584518432617,20.0%,8.333333333333334%,81.7258883248731%,66.66666666666667%,44.44444444444444%,81.00558659217877%,-25.659406104526532%,-14.13141708526613%
