,Test_accuracy,correct_buys,correct_sells,correct_holds,correct_low_buys,correct_high_sells,correct_mid_holds,Profit gained,buy_n_hold profit
0,0.29326921701431274,8.771929824561404,6.185567010309279,92.5925925925926,48.214285714285715,45.36082474226804,77.77777777777777,-51.60433109083124,400.9406907154986
1,0.25,10.869565217391305,5.128205128205129,91.11111111111111,56.52173913043478,46.55172413793103,86.66666666666667,41.75024569599313,604.110752699704
2,0.29326921701431274,11.363636363636363,7.207207207207207,90.56603773584905,61.36363636363637,49.549549549549546,84.61538461538461,198.88162507502676,678.7940878989605
