,Test_accuracy,correct_buys,correct_sells,correct_holds,correct_low_buys,correct_high_sells,correct_mid_holds,Profit gained,buy_n_hold profit
0,0.13942307233810425,20.0,4.571428571428571,100.0,60.0,43.10344827586207,94.44444444444444,-35.23366750381912,400.9406907154986
1,0.09134615212678909,5.2631578947368425,4.545454545454546,76.92307692307692,68.42105263157895,44.57142857142857,76.92307692307692,29.17979566742548,604.110752699704
2,0.09615384787321091,4.3478260869565215,5.232558139534884,76.92307692307692,47.82608695652174,43.27485380116959,61.53846153846154,729.9842282532414,678.7940878989605
