,Test_accuracy,correct_buys,correct_sells,correct_holds,correct_low_buys,correct_high_sells,correct_mid_holds,Profit gained,buy_n_hold profit
0,0.5288461446762085,8.823529411764707,4.838709677419355,92.85714285714286,52.94117647058823,49.18032786885246,87.5,28.982223427996328,400.9406907154986
1,0.42788460850715637,20.0,3.1578947368421053,92.04545454545455,76.0,44.680851063829785,87.5,101.9910622618507,604.110752699704
2,0.38942307233810425,3.8461538461538463,7.070707070707071,87.95180722891567,53.84615384615385,51.02040816326531,84.33734939759036,250.57420159404685,678.7940878989605
