,Test_accuracy,correct_buys,correct_sells,correct_holds,correct_low_buys,correct_high_sells,correct_mid_holds,Profit gained,buy_n_hold profit
0,0.20192307233810425,7.594936708860759,8.0,96.55172413793103,46.835443037974684,47.474747474747474,89.65517241379311,-51.934852342109785,400.9406907154986
1,0.17788460850715637,10.95890410958904,3.7383177570093458,89.28571428571429,54.166666666666664,48.598130841121495,89.28571428571429,63.39812588950474,604.110752699704
2,0.19711539149284363,10.0,7.339449541284404,89.65517241379311,48.57142857142857,52.77777777777778,82.75862068965517,91.76447084499162,678.7940878989605
