,Test_accuracy,correct_buys,correct_sells,correct_holds,correct_low_buys,correct_high_sells,correct_mid_holds,Profit gained,buy_n_hold profit
0,0.6586538553237915,3.7037037037037037,5.882352941176471,91.15646258503402,48.148148148148145,44.11764705882353,84.93150684931507,-10.503809893200867,400.9406907154986
1,0.5721153616905212,18.75,2.9411764705882355,91.93548387096774,87.5,46.26865671641791,87.90322580645162,81.53635104687547,604.110752699704
2,0.5432692170143127,4.761904761904762,9.859154929577464,90.51724137931035,52.38095238095238,49.29577464788732,84.34782608695652,2201.9748358158736,678.7940878989605
