,Test_accuracy,correct_buys,correct_sells,correct_holds,correct_low_buys,correct_high_sells,correct_mid_holds,Profit gained,buy_n_hold profit
0,0.6442307829856873,15.625,8.88888888888889,95.41984732824427,65.625,46.666666666666664,90.76923076923077,-62.280230926262426,400.9406907154986
1,0.6682692170143127,14.814814814814815,2.9411764705882355,91.15646258503402,66.66666666666667,38.23529411764706,86.98630136986301,38.54773764116433,604.110752699704
2,0.629807710647583,13.333333333333334,6.976744186046512,91.85185185185185,63.333333333333336,44.18604651162791,85.82089552238806,40.61101384876716,678.7940878989605
