,Test_accuracy,correct_buys,correct_sells,correct_holds,correct_low_buys,correct_high_sells,correct_mid_holds,Profit gained,buy_n_hold profit
0,0.620192289352417,8.0,0.0,90.0709219858156,52.0,47.61904761904762,82.85714285714286,155.38664149448317,400.9406907154986
1,0.620192289352417,9.523809523809524,7.6923076923076925,91.11111111111111,57.142857142857146,45.09803921568628,87.4074074074074,1810.077803238798,604.110752699704
2,0.6153846383094788,10.526315789473685,5.769230769230769,89.78102189781022,63.1578947368421,53.84615384615385,83.08823529411765,1532.7447001273074,678.7940878989605
