,Test_accuracy,correct_buys,correct_sells,correct_holds,correct_low_buys,correct_high_sells,correct_mid_holds,Profit gained,buy_n_hold profit
0,0.4711538553237915,8.571428571428571,7.792207792207792,92.70833333333333,51.42857142857143,49.35064935064935,84.21052631578948,-25.416676397991694,400.9406907154986
1,0.3990384638309479,9.67741935483871,3.2967032967032965,89.53488372093024,61.29032258064516,44.44444444444444,83.72093023255815,30.99698477815088,604.110752699704
2,0.44711539149284363,10.526315789473685,8.433734939759036,94.25287356321839,57.89473684210526,54.21686746987952,89.53488372093024,412.1512978342139,678.7940878989605
