,Test_accuracy,correct_buys,correct_sells,correct_holds,correct_low_buys,correct_high_sells,correct_mid_holds,Profit gained,buy_n_hold profit
0,0.7932692170143127,9.090909090909092,9.090909090909092,92.57142857142857,54.54545454545455,81.81818181818181,87.35632183908046,-28.853099300157954,400.9406907154986
1,0.7788461446762085,20.0,3.5714285714285716,91.42857142857143,60.0,64.28571428571429,86.7816091954023,15.773396079391915,604.110752699704
2,0.7980769276618958,33.333333333333336,4.0,91.11111111111111,100.0,48.0,86.59217877094972,1189.1396476031045,678.7940878989605
