,Test_accuracy,correct_buys,correct_sells,correct_holds,correct_low_buys,correct_high_sells,correct_mid_holds,Profit gained,buy_n_hold profit
0,0.36057692766189575,8.955223880597014,5.633802816901408,92.85714285714286,47.76119402985075,54.285714285714285,87.14285714285714,48.34880729575707,400.9406907154986
1,0.3509615361690521,13.043478260869565,5.319148936170213,91.17647058823529,56.52173913043478,49.46236559139785,83.82352941176471,387.86961680940766,604.110752699704
2,0.45192307233810425,10.256410256410257,7.792207792207792,91.30434782608695,56.41025641025641,50.64935064935065,85.71428571428571,262.63962085016567,678.7940878989605
