,Test_accuracy,correct_buys,correct_sells,correct_holds,correct_low_buys,correct_high_sells,correct_mid_holds,Profit gained,buy_n_hold profit
0,0.6009615659713745,11.11111111111111,5.405405405405405,93.65079365079364,53.333333333333336,47.22222222222222,87.3015873015873,109.32886945396598,400.9406907154986
1,0.5625,13.157894736842104,4.0,91.66666666666667,63.1578947368421,48.0,88.23529411764706,137.06733276589833,604.110752699704
2,0.6105769276618958,12.820512820512821,9.30232558139535,93.65079365079364,56.41025641025641,62.7906976744186,90.4,196.22128865457216,678.7940878989605
