,Test_accuracy,correct_buys,correct_sells,correct_holds,correct_low_buys,correct_high_sells,correct_mid_holds,Profit gained,buy_n_hold profit
0,0.7644230723381042,4.545454545454546,11.764705882352942,92.3076923076923,54.54545454545455,52.94117647058823,86.30952380952381,2.63202352050088,400.9406907154986
1,0.7692307829856873,33.333333333333336,6.0606060606060606,91.27906976744185,100.0,54.54545454545455,85.96491228070175,31.127371602123933,604.110752699704
2,0.6971153616905212,0.0,6.818181818181818,90.44585987261146,71.42857142857143,40.90909090909091,85.25641025641026,67.24860675464194,678.7940878989605
