,Test_accuracy,correct_buys,correct_sells,correct_holds,correct_low_buys,correct_high_sells,correct_mid_holds,Profit gained,buy_n_hold profit
0,0.13461539149284363,9.210526315789474,5.932203389830509,100.0,44.73684210526316,43.220338983050844,84.61538461538461,-80.04442188205165,400.9406907154986
1,0.13942307233810425,11.864406779661017,5.2631578947368425,93.75,50.847457627118644,46.21212121212121,87.5,-26.895319937662236,604.110752699704
2,0.14903846383094788,9.67741935483871,6.976744186046512,94.11764705882354,56.45161290322581,49.6124031007752,87.5,63.08928617320198,678.7940878989605
