,Test_accuracy,correct_buys,correct_sells,correct_holds,correct_low_buys,correct_high_sells,correct_mid_holds,Profit gained,buy_n_hold profit
0,0.754807710647583,9.523809523809524,0.0,92.26190476190476,61.904761904761905,31.57894736842105,86.82634730538922,5.180364936365876,400.9406907154986
1,0.7788461446762085,14.285714285714286,9.090909090909092,91.86046511627907,71.42857142857143,63.63636363636363,87.71929824561404,421.66112078044443,604.110752699704
2,0.75,11.538461538461538,10.526315789473685,92.63803680981596,61.53846153846154,63.1578947368421,86.41975308641975,331.19044774913186,678.7940878989605
