,Test_accuracy,correct_buys,correct_sells,correct_holds,correct_low_buys,correct_high_sells,correct_mid_holds,Profit gained,buy_n_hold profit
0,0.7259615659713745,4.545454545454546,8.0,91.92546583850931,54.54545454545455,48.0,86.25,-0.2080847254350573,400.9406907154986
1,0.682692289352417,16.666666666666668,4.166666666666667,90.25974025974025,100.0,47.916666666666664,84.9673202614379,71.17385766542267,604.110752699704
2,0.629807710647583,8.333333333333334,7.142857142857143,90.0,75.0,48.214285714285715,84.89208633093526,60.601054671683094,678.7940878989605
