,Test_accuracy,correct_buys,correct_sells,correct_holds,correct_low_buys,correct_high_sells,correct_mid_holds,Profit gained,buy_n_hold profit
0,0.48557692766189575,6.666666666666667,11.11111111111111,93.0,43.333333333333336,44.44444444444444,86.86868686868686,178.82618289717288,400.9406907154986
1,0.5096153616905212,9.63855421686747,11.11111111111111,96.93877551020408,48.19277108433735,50.0,91.83673469387755,489.3481368162944,604.110752699704
2,0.48557692766189575,9.195402298850574,0.0,93.93939393939394,43.02325581395349,54.54545454545455,86.86868686868686,255.46876237477153,678.7940878989605
