,Test_accuracy,correct_buys,correct_sells,correct_holds,correct_low_buys,correct_high_sells,correct_mid_holds,Profit gained,buy_n_hold profit
0,0.5625,3.3333333333333335,3.7735849056603774,91.2,50.0,46.15384615384615,86.4,15.940704679535415,400.9406907154986
1,0.5,14.285714285714286,3.75,91.58878504672897,80.95238095238095,44.30379746835443,87.85046728971963,70.22213842548072,604.110752699704
2,0.48076921701431274,9.090909090909092,8.235294117647058,90.0990099009901,54.54545454545455,48.23529411764706,84.0,2200.4450005625295,678.7940878989605
