,Test_accuracy,correct_buys,correct_sells,correct_holds,correct_low_buys,correct_high_sells,correct_mid_holds,Profit gained,buy_n_hold profit
0,0.7692307829856873,8.0,7.6923076923076925,92.3529411764706,52.0,69.23076923076923,86.98224852071006,170.4797051996901,400.9406907154986
1,0.7403846383094788,22.22222222222222,2.9411764705882355,91.51515151515152,77.77777777777777,57.57575757575758,87.27272727272727,68.43322658344346,604.110752699704
2,0.7788461446762085,0.0,6.666666666666667,90.9090909090909,100.0,56.666666666666664,86.28571428571429,191.27231340578618,678.7940878989605
