,Test_accuracy,correct_buys,correct_sells,correct_holds,correct_low_buys,correct_high_sells,correct_mid_holds,Profit gained,buy_n_hold profit
0,0.5961538553237915,4.25531914893617,3.7037037037037037,90.29850746268657,44.680851063829785,59.25925925925926,83.45864661654136,85.94678296127293,400.9406907154986
1,0.5288461446762085,12.121212121212121,4.761904761904762,91.96428571428571,60.60606060606061,56.45161290322581,86.60714285714286,231.87799394522136,604.110752699704
2,0.5288461446762085,12.121212121212121,7.575757575757576,92.66055045871559,69.6969696969697,46.15384615384615,88.07339449541284,285.2476205215162,678.7940878989605
