,Test_accuracy,correct_buys,correct_sells,correct_holds,correct_low_buys,correct_high_sells,correct_mid_holds,Profit gained,buy_n_hold profit
0,0.10576923191547394,6.976744186046512,6.25,90.0,44.18604651162791,42.34234234234234,80.0,-67.712193855736,400.9406907154986
1,0.125,11.428571428571429,4.032258064516129,92.85714285714286,53.6231884057971,46.774193548387096,92.85714285714286,26.37458820046909,604.110752699704
2,0.10576923191547394,7.142857142857143,6.299212598425197,81.81818181818181,42.857142857142854,50.79365079365079,63.63636363636363,130.0565119162998,678.7940878989605
