,Test_accuracy,correct_buys,correct_sells,correct_holds,correct_low_buys,correct_high_sells,correct_mid_holds,Profit gained,buy_n_hold profit
0,0.6682692170143127,8.695652173913043,2.7777777777777777,91.2751677852349,52.17391304347826,52.77777777777778,84.45945945945945,10.274683073729136,400.9406907154986
1,0.6394230723381042,11.538461538461538,6.666666666666667,92.7007299270073,65.38461538461539,47.72727272727273,86.13138686131387,73.52903468803487,604.110752699704
2,0.6778846383094788,12.5,10.256410256410257,92.41379310344827,62.5,66.66666666666667,84.72222222222223,436.8881328232615,678.7940878989605
