,Test_accuracy,correct_buys,correct_sells,correct_holds,correct_low_buys,correct_high_sells,correct_mid_holds,Profit gained,buy_n_hold profit
0,0.2836538553237915,9.090909090909092,6.862745098039215,92.15686274509804,50.90909090909091,49.504950495049506,88.23529411764706,-42.209335625708995,400.9406907154986
1,0.21153846383094788,8.88888888888889,4.098360655737705,85.36585365853658,55.55555555555556,46.28099173553719,80.48780487804878,31.480229742666037,604.110752699704
2,0.26923078298568726,11.11111111111111,6.481481481481482,93.47826086956522,53.7037037037037,49.532710280373834,84.78260869565217,453.224251108123,678.7940878989605
