,Test_accuracy,correct_buys,correct_sells,correct_holds,correct_low_buys,correct_high_sells,correct_mid_holds,Profit gained,buy_n_hold profit
0,0.7540322542190552,27.272727272727273%,12.5%,79.91266375545851%,40.0%,38.70967741935484%,83.6734693877551%,5.735071439189869%,8.344334352684001%
1,0.77625572681427,28.571428571428573%,0.0%,83.58208955223881%,56.25%,52.63157894736842%,84.69945355191257%,3.3937108602713493%,25.65490331684112%
2,0.7340425252914429,16.666666666666668%,15.0%,79.34272300469483%,42.5%,51.851851851851855%,84.8%,-16.694473838653646%,-5.155468653640746%
3,0.7050359845161438,6.25%,15.384615384615385%,77.51004016064257%,26.470588235294116%,44.0%,81.19266055045871%,-75.11665452333455%,-74.30636298537254%
4,0.7403846383094788,0.0%,20.0%,80.42328042328042%,66.66666666666667%,43.333333333333336%,85.11904761904762%,21.09440599761956%,66.41259749999998%
5,0.7546218633651733,6.25%,14.814814814814815%,82.64925373134328%,55.81395348837209%,51.724137931034484%,83.16430020283975%,-35.178913637485586%,-43.967790105748165%
6,0.7742639183998108,17.391304347826086%,22.5%,83.39350180505416%,57.142857142857146%,57.95454545454545%,84.96042216358839%,-10.887123834843969%,-45.40318676573037%
