,Test_accuracy,correct_buys,correct_sells,correct_holds,correct_low_buys,correct_high_sells,correct_mid_holds,Profit gained,buy_n_hold profit
0,0.6975806355476379,54.54545454545455%,25.0%,72.0524017467249%,62.22222222222222%,57.142857142857146%,84.0%,-3.0857921006394644%,8.301816779556265%
1,0.7625570893287659,71.42857142857143%,18.181818181818183%,79.60199004975124%,72.22222222222223%,66.66666666666667%,84.7953216374269%,29.22722753728862%,25.784259382705677%
2,0.6297872066497803,45.833333333333336%,15.0%,66.19718309859155%,54.621848739495796%,60.97560975609756%,85.11326860841424%,-30.598266624755876%,-5.155468653640746%
3,0.6223021745681763,31.25%,23.076923076923077%,66.26506024096386%,44.776119402985074%,51.851851851851855%,82.51366120218579%,-66.69922333364488%,-74.30636298537254%
4,0.620192289352417,11.11111111111111%,10.0%,67.19576719576719%,37.5%,50.0%,82.26950354609929%,53.394503562316864%,66.41259749999998%
5,0.653781533241272,40.625%,14.814814814814815%,69.40298507462687%,52.89855072463768%,57.77777777777778%,84.18491484184915%,-55.74314736444958%,-43.967790105748165%
6,0.6205016374588013,41.30434782608695%,15.0%,65.4632972322503%,45.9915611814346%,60.75949367088607%,84.16666666666667%,-43.50429114460495%,-45.40318676573037%
