,Test_accuracy,correct_buys,correct_sells,correct_holds,correct_low_buys,correct_high_sells,correct_mid_holds,Profit gained,buy_n_hold profit
0,0.7580645084381104,0.0%,0.0%,82.09606986899563%,66.66666666666667%,55.172413793103445%,83.09178743961353%,-1.5897232872772837%,8.301816779556265%
1,0.8219178318977356,0.0%,45.45454545454545%,87.06467661691542%,75.0%,66.66666666666667%,85.1063829787234%,3.98505820690154%,25.784259382705677%
2,0.7553191781044006,16.666666666666668%,15.0%,81.69014084507042%,48.275862068965516%,63.1578947368421%,84.33420365535248%,-5.24135915538789%,-5.155468653640746%
3,0.769784152507782,12.5%,15.384615384615385%,84.33734939759036%,40.0%,65.21739130434783%,82.05128205128206%,-18.662988731880294%,-74.30636298537254%
4,0.6971153616905212,0.0%,20.0%,75.66137566137566%,25.0%,50.0%,85.98726114649682%,6.351124882812437%,66.41259749999998%
5,0.8420168161392212,62.5%,77.77777777777777%,85.82089552238806%,73.80952380952381%,68.42105263157895%,88.65546218487395%,39.172132452730914%,-43.967790105748165%
6,0.8462377190589905,41.30434782608695%,47.5%,88.8086642599278%,57.8125%,61.76470588235294%,87.62755102040816%,47.7450266856489%,-45.40318676573037%
