,Test_accuracy,correct_buys,correct_sells,correct_holds,correct_low_buys,correct_high_sells,correct_mid_holds,Profit gained,buy_n_hold profit
0,0.5114155411720276,8.88888888888889,6.153846153846154,95.41284403669725,43.18181818181818,44.61538461538461,85.3211009174312,54.99475517706045,3138.165410975435
1,0.6073059439659119,12.820512820512821,6.382978723404255,93.98496240601504,51.282051282051285,51.06382978723404,87.87878787878788,164.35294074991344,2086.7819938452512
2,0.4383561611175537,5.128205128205129,5.0,90.0,48.717948717948715,40.50632911392405,83.0,165.5597744823839,5802.379195330377
