,Test_accuracy,correct_buys,correct_sells,correct_holds,correct_low_buys,correct_high_sells,correct_mid_holds,Profit gained,buy_n_hold profit
0,0.388127863407135,6.0606060606060606,6.8493150684931505,95.0,45.45454545454545,40.27777777777778,85.0,422.5923505374267,3138.165410975435
1,0.39726027846336365,4.761904761904762,9.859154929577464,90.58823529411765,41.935483870967744,53.521126760563384,85.88235294117646,250.76773744570517,2086.7819938452512
2,0.4337899684906006,11.320754716981131,8.641975308641975,96.47058823529412,54.716981132075475,54.32098765432099,89.28571428571429,964.402487157472,5802.379195330377
