,Test_accuracy,correct_buys,correct_sells,correct_holds,correct_low_buys,correct_high_sells,correct_mid_holds,Profit gained,buy_n_hold profit
0,0.5707762837409973,8.0,4.761904761904762,93.7007874015748,54.0,43.90243902439025,88.18897637795276,1106.7203986964794,3138.165410975435
1,0.5844748616218567,5.555555555555555,4.444444444444445,89.85507246376811,52.77777777777778,35.55555555555556,84.67153284671532,139.6770977556395,2086.7819938452512
2,0.5159817337989807,3.5714285714285716,4.285714285714286,90.08264462809917,57.142857142857146,44.285714285714285,85.0,30.668147466002267,5802.379195330377
