,Test_accuracy,correct_buys,correct_sells,correct_holds,correct_low_buys,correct_high_sells,correct_mid_holds,Profit gained,buy_n_hold profit
0,0.5388127565383911,9.30232558139535,6.557377049180328,95.65217391304348,45.23809523809524,40.98360655737705,84.34782608695652,-54.82433681280385,3138.165410975435
1,0.6712328791618347,18.51851851851852,4.761904761904762,93.33333333333333,62.96296296296296,52.38095238095238,87.24832214765101,584.8396589534894,2086.7819938452512
2,0.47488585114479065,7.5,5.47945205479452,91.50943396226415,47.5,40.27777777777778,86.79245283018868,68.01424789789033,5802.379195330377
