,Test_accuracy,correct_buys,correct_sells,correct_holds,correct_low_buys,correct_high_sells,correct_mid_holds,Profit gained,buy_n_hold profit
0,0.7397260069847107,5.0,4.0,91.95402298850574,50.0,44.0,81.5028901734104,-37.830016283210895,3138.165410975435
1,0.7214611768722534,5.0,10.0,91.12426035502959,63.1578947368421,50.0,85.79881656804734,-3.6471898432541816,2086.7819938452512
2,0.7305936217308044,5.0,6.896551724137931,92.3529411764706,45.0,57.142857142857146,85.88235294117646,187.20186038271402,5802.379195330377
