,Test_accuracy,correct_buys,correct_sells,correct_holds,correct_low_buys,correct_high_sells,correct_mid_holds,Profit gained,buy_n_hold profit
0,0.5479452013969421,7.8431372549019605,4.545454545454546,91.93548387096774,43.13725490196079,43.18181818181818,82.11382113821138,48.28183089044404,3138.165410975435
1,0.6301369667053223,13.043478260869565,6.0606060606060606,92.85714285714286,52.17391304347826,30.303030303030305,88.48920863309353,91.50883589821618,2086.7819938452512
2,0.5890411138534546,5.2631578947368425,6.818181818181818,90.51094890510949,57.89473684210526,50.0,83.08823529411765,356.81046829965965,5802.379195330377
