,Test_accuracy,correct_buys,correct_sells,correct_holds,correct_low_buys,correct_high_sells,correct_mid_holds,Profit gained,buy_n_hold profit
0,0.698630154132843,14.285714285714286,2.9411764705882355,94.26751592356688,59.25925925925926,38.23529411764706,84.07643312101911,89.80954226803988,3138.165410975435
1,0.7716894745826721,16.666666666666668,3.7037037037037037,92.22222222222223,58.333333333333336,51.851851851851855,86.59217877094972,13.563055041025452,2086.7819938452512
2,0.698630154132843,8.333333333333334,0.0,90.96385542168674,45.833333333333336,44.827586206896555,85.45454545454545,558.3168777651663,5802.379195330377
