,Test_accuracy,correct_buys,correct_sells,correct_holds,correct_low_buys,correct_high_sells,correct_mid_holds,Profit gained,buy_n_hold profit
0,0.18721461296081543,6.818181818181818,6.796116504854369,100.0,44.827586206896555,41.74757281553398,100.0,1302.0755540605126,3138.165410975435
1,0.21917808055877686,3.7974683544303796,8.910891089108912,92.3076923076923,43.58974358974359,42.57425742574257,87.17948717948718,301.5439183228987,2086.7819938452512
2,0.1780821979045868,7.246376811594203,6.451612903225806,100.0,53.6231884057971,46.34146341463415,92.3076923076923,189.56650673842535,5802.379195330377
