,Test_accuracy,correct_buys,correct_sells,correct_holds,correct_low_buys,correct_high_sells,correct_mid_holds,Profit gained,buy_n_hold profit
0,0.6666666865348816,0.0,8.0,91.71974522292993,32.432432432432435,44.0,82.6923076923077,407.9340879688769,3138.165410975435
1,0.7442922592163086,8.0,13.636363636363637,91.86046511627907,44.0,50.0,86.54970760233918,35.59246162187418,2086.7819938452512
2,0.7077625393867493,7.142857142857143,13.333333333333334,92.54658385093168,53.57142857142857,60.0,85.625,3711.2376053399894,5802.379195330377
