,Test_accuracy,correct_buys,correct_sells,correct_holds,correct_low_buys,correct_high_sells,correct_mid_holds,Profit gained,buy_n_hold profit
0,0.21004566550254822,5.194805194805195,6.666666666666667,94.5945945945946,45.45454545454545,46.15384615384615,86.48648648648648,1036.6950863269028,3138.165410975435
1,0.19178082048892975,5.0,7.619047619047619,88.23529411764706,46.835443037974684,41.904761904761905,88.23529411764706,208.33574883237583,2086.7819938452512
2,0.23744292557239532,10.76923076923077,6.086956521739131,97.43589743589743,56.92307692307692,46.95652173913044,84.21052631578948,1397.861682197594,5802.379195330377
