,Test_accuracy,correct_buys,correct_sells,correct_holds,correct_low_buys,correct_high_sells,correct_mid_holds,Profit gained,buy_n_hold profit
0,0.05936073139309883,5.185185185185185,7.142857142857143,0.0,47.014925373134325,45.23809523809524,0.0,223.8952582980259,3138.165410975435
1,0.06849315017461777,4.724409448818897,9.782608695652174,0.0,47.61904761904762,43.47826086956522,0.0,418.58413658499353,2086.7819938452512
2,0.05936073139309883,4.37956204379562,8.536585365853659,0.0,47.05882352941177,52.4390243902439,0.0,1402.348645620394,5802.379195330377
