,Test_accuracy,correct_buys,correct_sells,correct_holds,correct_low_buys,correct_high_sells,correct_mid_holds,Profit gained,buy_n_hold profit
0,0.2054794579744339,5.128205128205129,6.60377358490566,97.14285714285714,46.15384615384615,44.76190476190476,85.71428571428571,640.8577925238017,3138.165410975435
1,0.16438356041908264,4.819277108433735,7.407407407407407,85.71428571428571,46.34146341463415,43.51851851851852,85.71428571428571,129.76708499651727,2086.7819938452512
2,0.22374428808689117,7.6923076923076925,6.140350877192983,92.5,52.30769230769231,45.6140350877193,82.05128205128206,222.83542163825044,5802.379195330377
