,Test_accuracy,correct_buys,correct_sells,correct_holds,correct_low_buys,correct_high_sells,correct_mid_holds,Profit gained,buy_n_hold profit
0,0.6849315166473389,7.894736842105263,4.166666666666667,92.99363057324841,52.63157894736842,39.130434782608695,84.71337579617834,393.06983637299857,3138.165410975435
1,0.7214611768722534,0.0,3.3333333333333335,89.71428571428571,57.142857142857146,36.666666666666664,83.9080459770115,303.08339877165446,2086.7819938452512
2,0.698630154132843,0.0,0.0,89.47368421052632,42.10526315789474,34.48275862068966,84.11764705882354,126.55106373475067,5802.379195330377
