,Test_accuracy,correct_buys,correct_sells,correct_holds,correct_low_buys,correct_high_sells,correct_mid_holds,Profit gained,buy_n_hold profit
0,0.2557077705860138,7.228915662650603,8.602150537634408,97.67441860465117,50.0,49.46236559139785,74.4186046511628,5.821443519318933,3138.165410975435
1,0.2511415481567383,7.368421052631579,10.714285714285714,97.5,48.93617021276596,51.19047619047619,95.0,1495.0179619858525,2086.7819938452512
2,0.2876712381839752,7.5,8.98876404494382,98.0,50.0,48.86363636363637,96.0,1566.3571179427927,5802.379195330377
