,Test_accuracy,correct_buys,correct_sells,correct_holds,correct_low_buys,correct_high_sells,correct_mid_holds,Profit gained,buy_n_hold profit
0,0.7260273694992065,9.523809523809524,3.225806451612903,93.41317365269461,55.0,41.935483870967744,83.23353293413173,278.6672742210003,3138.165410975435
1,0.77625572681427,15.384615384615385,3.8461538461538463,92.77777777777777,53.84615384615385,46.15384615384615,87.15083798882682,-17.829205163819665,2086.7819938452512
2,0.7305936217308044,9.523809523809524,0.0,91.32947976878613,47.61904761904762,36.0,85.46511627906976,326.44485758822736,5802.379195330377
