,Test_accuracy,correct_buys,correct_sells,correct_holds,correct_low_buys,correct_high_sells,correct_mid_holds,Profit gained,buy_n_hold profit
0,0.5981734991073608,10.256410256410257,4.166666666666667,94.6969696969697,50.0,39.583333333333336,84.0909090909091,-19.99728428725976,3138.165410975435
1,0.7260273694992065,15.0,6.25,92.21556886227545,60.0,56.25,86.74698795180723,8.161839896377742,2086.7819938452512
2,0.6255707740783691,8.823529411764707,6.818181818181818,92.90780141843972,44.11764705882353,43.18181818181818,86.42857142857143,132.98602302477428,5802.379195330377
