,Test_accuracy,correct_buys,correct_sells,correct_holds,correct_low_buys,correct_high_sells,correct_mid_holds,Profit gained,buy_n_hold profit
0,0.44748857617378235,6.349206349206349,3.508771929824561,92.92929292929293,52.38095238095238,41.07142857142857,83.83838383838383,-56.87919852523537,3138.165410975435
1,0.3607305884361267,6.172839506172839,3.5714285714285716,87.8048780487805,46.91358024691358,48.214285714285715,83.95061728395062,1208.3646958243476,2086.7819938452512
2,0.4931506812572479,7.407407407407407,8.333333333333334,94.28571428571429,48.148148148148145,50.0,84.61538461538461,138.08343071231334,5802.379195330377
