,Test_accuracy,correct_buys,correct_sells,correct_holds,correct_low_buys,correct_high_sells,correct_mid_holds,Profit gained,buy_n_hold profit
0,0.47488585114479065,7.8125,5.660377358490566,94.11764705882354,50.0,41.509433962264154,87.12871287128714,182.02871949504697,3138.165410975435
1,0.47488585114479065,5.769230769230769,8.19672131147541,90.56603773584905,57.69230769230769,42.622950819672134,85.71428571428571,442.4367095588505,2086.7819938452512
2,0.4018264710903168,2.9411764705882355,5.376344086021505,89.1304347826087,50.0,46.236559139784944,83.51648351648352,12.266841922972858,5802.379195330377
