,Test_accuracy,correct_buys,correct_sells,correct_holds,correct_low_buys,correct_high_sells,correct_mid_holds,Profit gained,buy_n_hold profit
0,0.7808219194412231,5.0,11.11111111111111,92.81767955801105,60.0,47.05882352941177,84.5303867403315,1362.7871068766444,3138.165410975435
1,0.7853881120681763,0.0,4.761904761904762,90.47619047619048,66.66666666666667,38.095238095238095,85.63829787234043,203.30831370693377,2086.7819938452512
2,0.7397260069847107,0.0,0.0,90.0,50.0,40.0,83.79888268156425,157.21747184047734,5802.379195330377
