,Test_accuracy,correct_buys,correct_sells,correct_holds,correct_low_buys,correct_high_sells,correct_mid_holds,Profit gained,buy_n_hold profit
0,0.456620991230011,6.818181818181818,5.2631578947368425,93.93939393939394,46.51162790697674,44.73684210526316,86.86868686868686,147.57264134042376,3138.165410975435
1,0.5068492889404297,10.204081632653061,9.375,94.33962264150944,53.06122448979592,50.0,89.52380952380952,172.56543097576275,2086.7819938452512
2,0.3561643958091736,5.128205128205129,5.05050505050505,87.65432098765432,53.84615384615385,40.816326530612244,81.48148148148148,5.443470537385011,5802.379195330377
