,Test_accuracy,correct_buys,correct_sells,correct_holds,correct_low_buys,correct_high_sells,correct_mid_holds,Profit gained,buy_n_hold profit
0,0.7305936217308044,0.0,4.545454545454546,91.37931034482759,47.82608695652174,52.38095238095238,81.60919540229885,70.45407596285284,3138.165410975435
1,0.6849315166473389,6.25,4.166666666666667,90.1840490797546,40.625,58.333333333333336,85.80246913580247,258.57499720081506,2086.7819938452512
2,0.7214611768722534,7.407407407407407,16.666666666666668,93.20987654320987,37.03703703703704,63.333333333333336,85.09316770186335,560.1198547554279,5802.379195330377
