,Test_accuracy,correct_buys,correct_sells,correct_holds,correct_low_buys,correct_high_sells,correct_mid_holds,Profit gained,buy_n_hold profit
0,0.3835616409778595,4.838709677419355,6.666666666666667,92.6829268292683,51.61290322580645,48.0,83.95061728395062,172.65455433341123,3138.165410975435
1,0.42009133100509644,3.5714285714285716,10.81081081081081,92.13483146067416,50.0,54.054054054054056,82.95454545454545,154.4409054263905,2086.7819938452512
2,0.4931506812572479,7.407407407407407,8.13953488372093,93.39622641509433,62.96296296296296,47.05882352941177,86.79245283018868,100.2987402193219,5802.379195330377
