,Test_accuracy,correct_buys,correct_sells,correct_holds,correct_low_buys,correct_high_sells,correct_mid_holds,Profit gained,buy_n_hold profit
0,0.7808219194412231,7.142857142857143,4.545454545454546,92.34972677595628,35.714285714285715,54.54545454545455,84.06593406593407,-42.36909301260524,3138.165410975435
1,0.8264840245246887,15.384615384615385,7.6923076923076925,92.2279792746114,66.66666666666667,30.76923076923077,87.04663212435233,82.19342341479987,2086.7819938452512
2,0.77625572681427,6.25,5.0,91.80327868852459,62.5,45.0,85.16483516483517,215.33905847646483,5802.379195330377
