,Test_accuracy,correct_buys,correct_sells,correct_holds,correct_low_buys,correct_high_sells,correct_mid_holds,Profit gained,buy_n_hold profit
0,0.06392694264650345,6.741573033707865,6.153846153846154,0.0,50.561797752808985,45.736434108527135,0.0,52.75311163669571,3138.165410975435
1,0.06392694264650345,5.1020408163265305,7.43801652892562,0.0,46.391752577319586,41.32231404958678,0.0,58.77003820325458,2086.7819938452512
2,0.054794520139694214,6.25,5.0359712230215825,0.0,46.25,42.7536231884058,0.0,134.5589151732051,5802.379195330377
