,Test_accuracy,correct_buys,correct_sells,correct_holds,correct_low_buys,correct_high_sells,correct_mid_holds,Profit gained,buy_n_hold profit
0,0.6301369667053223,7.142857142857143,3.225806451612903,91.78082191780823,56.09756097560975,45.16129032258065,79.45205479452055,-25.097073282387967,3138.165410975435
1,0.5936073064804077,8.16326530612245,10.526315789473685,92.42424242424242,58.333333333333336,52.63157894736842,87.12121212121212,1076.7591083469863,2086.7819938452512
2,0.6347032189369202,5.2631578947368425,8.108108108108109,93.05555555555556,42.10526315789474,58.333333333333336,86.80555555555556,209.84898671287823,5802.379195330377
