,Test_accuracy,correct_buys,correct_sells,correct_holds,correct_low_buys,correct_high_sells,correct_mid_holds,Profit gained,buy_n_hold profit
0,0.456620991230011,6.666666666666667,4.761904761904762,91.17647058823529,51.351351351351354,47.61904761904762,78.43137254901961,79.68630367615705,3138.165410975435
1,0.4840182662010193,8.450704225352112,9.090909090909092,92.3076923076923,57.142857142857146,50.0,85.57692307692308,744.8159281985411,2086.7819938452512
2,0.5205479264259338,6.0606060606060606,11.904761904761905,94.5945945945946,43.93939393939394,53.65853658536585,90.09009009009009,693.6357551643608,5802.379195330377
