,Test_accuracy,correct_buys,correct_sells,correct_holds,correct_low_buys,correct_high_sells,correct_mid_holds,Profit gained,buy_n_hold profit
0,0.06849315017461777,5.511811023622047,8.695652173913043,0.0,50.0,50.0,0.0,38.5583548664097,3138.165410975435
1,0.07305935770273209,5.109489051094891,10.975609756097562,0.0,47.794117647058826,48.78048780487805,0.0,2641.822621461888,2086.7819938452512
2,0.06849315017461777,5.555555555555555,8.602150537634408,0.0,43.65079365079365,47.82608695652174,0.0,1400.6891299262718,5802.379195330377
