,Test_accuracy,correct_buys,correct_sells,correct_holds,correct_low_buys,correct_high_sells,correct_mid_holds,Profit gained,buy_n_hold profit
0,0.6073059439659119,7.6923076923076925,4.878048780487805,92.0863309352518,38.46153846153846,41.46341463414634,83.33333333333333,-10.598055898608777,3138.165410975435
1,0.6575342416763306,6.25,3.225806451612903,90.38461538461539,51.61290322580645,29.032258064516128,85.25641025641026,148.33320234203887,2086.7819938452512
2,0.6484017968177795,7.142857142857143,5.128205128205129,90.78947368421052,53.57142857142857,51.282051282051285,82.78145695364239,274.8913081773578,5802.379195330377
