,Test_accuracy,correct_buys,correct_sells,correct_holds,correct_low_buys,correct_high_sells,correct_mid_holds,Profit gained,buy_n_hold profit
0,0.7397260069847107,6.896551724137931,13.043478260869565,94.0119760479042,51.724137931034484,45.45454545454545,85.62874251497006,4049.871508571507,3138.165410975435
1,0.7625570893287659,0.0,4.0,90.21739130434783,70.0,40.0,85.24590163934427,238.99011158027758,2086.7819938452512
2,0.7351598143577576,0.0,0.0,89.94413407821229,50.0,41.666666666666664,83.70786516853933,129.87168824209468,5802.379195330377
