,Test_accuracy,correct_buys,correct_sells,correct_holds,correct_low_buys,correct_high_sells,correct_mid_holds,Profit gained,buy_n_hold profit
0,0.465753436088562,8.333333333333334,4.285714285714286,94.05940594059406,46.808510638297875,48.57142857142857,86.13861386138613,83.91491489123851,3138.165410975435
1,0.543379008769989,11.904761904761905,9.523809523809524,94.73684210526316,52.38095238095238,53.96825396825397,87.61061946902655,268.9168630562444,2086.7819938452512
2,0.39726027846336365,7.5,4.444444444444445,89.88764044943821,47.5,39.325842696629216,82.02247191011236,70.96433210773225,5802.379195330377
