,Test_accuracy,correct_buys,correct_sells,correct_holds,correct_low_buys,correct_high_sells,correct_mid_holds,Profit gained,buy_n_hold profit
0,0.7305936217308044,11.764705882352942,3.0303030303030303,92.89940828402366,68.75,42.42424242424242,82.84023668639053,240.14568111468213,3138.165410975435
1,0.7853881120681763,9.090909090909092,4.545454545454546,91.39784946236558,54.54545454545455,45.45454545454545,85.4054054054054,57.83987155755245,2086.7819938452512
2,0.7488584518432617,9.523809523809524,0.0,91.52542372881356,33.333333333333336,42.857142857142854,85.22727272727273,534.2832081699935,5802.379195330377
