,Test_accuracy,correct_buys,correct_sells,correct_holds,correct_low_buys,correct_high_sells,correct_mid_holds,Profit gained,buy_n_hold profit
0,0.767123281955719,8.0,11.11111111111111,93.18181818181819,58.333333333333336,50.0,85.22727272727273,3911.1312499944825,3138.165410975435
1,0.7990867495536804,0.0,5.555555555555555,90.625,66.66666666666667,44.44444444444444,85.86387434554973,526.8679779041286,2086.7819938452512
2,0.7442922592163086,0.0,0.0,90.05524861878453,50.0,41.666666666666664,83.88888888888889,138.64891819274976,5802.379195330377
