,Test_accuracy,correct_buys,correct_sells,correct_holds,correct_low_buys,correct_high_sells,correct_mid_holds,Profit gained,buy_n_hold profit
0,0.5296803712844849,5.555555555555555,7.0588235294117645,93.96551724137932,33.333333333333336,44.705882352941174,82.6086956521739,582.6423107542553,3138.165410975435
1,0.5570776462554932,6.666666666666667,9.876543209876543,91.869918699187,60.0,46.91358024691358,85.24590163934427,8.42448844399054,2086.7819938452512
2,0.5525113940238953,0.0,8.333333333333334,92.6829268292683,33.333333333333336,51.19047619047619,82.78688524590164,110.9942208116229,5802.379195330377
