,Test_accuracy,correct_buys,correct_sells,correct_holds,correct_low_buys,correct_high_sells,correct_mid_holds,Profit gained,buy_n_hold profit
0,0.7260273694992065,0.0,3.5714285714285716,91.32947976878613,50.0,44.44444444444444,82.08092485549133,89.04008938718209,3138.165410975435
1,0.6757990717887878,4.545454545454546,5.555555555555555,90.06211180124224,31.818181818181817,58.333333333333336,85.625,0.30772970771566577,2086.7819938452512
2,0.7123287916183472,10.526315789473685,12.195121951219512,93.71069182389937,36.8421052631579,63.41463414634146,85.44303797468355,506.3204825145532,5802.379195330377
