,Test_accuracy,correct_buys,correct_sells,correct_holds,correct_low_buys,correct_high_sells,correct_mid_holds,Profit gained,buy_n_hold profit
0,0.5525113940238953,4.0,7.894736842105263,88.54961832061069,44.89795918367347,57.89473684210526,83.20610687022901,34.315436644300775,-51.27594162120651
1,0.6164383292198181,7.317073170731708,10.81081081081081,90.78014184397163,42.5,48.648648648648646,85.81560283687944,80.74130578589612,-44.844083323709235
2,0.543379008769989,6.0,4.878048780487805,89.0625,36.734693877551024,51.21951219512195,80.46875,49.14971125451697,-63.196503478800416
