,Test_accuracy,correct_buys,correct_sells,correct_holds,correct_low_buys,correct_high_sells,correct_mid_holds,Profit gained,buy_n_hold profit
0,0.621004581451416,3.3333333333333335,8.88888888888889,90.97222222222223,50.0,57.77777777777778,83.91608391608392,-40.43463359799166,-51.27594162120651
1,0.6347032189369202,10.344827586206897,9.30232558139535,89.79591836734694,51.724137931034484,62.7906976744186,85.61643835616438,62.76610817791794,-44.844083323709235
2,0.5799086689949036,10.0,10.169491525423728,90.76923076923077,63.333333333333336,61.016949152542374,82.94573643410853,793.4103817134893,-63.196503478800416
