,Test_accuracy,correct_buys,correct_sells,correct_holds,correct_low_buys,correct_high_sells,correct_mid_holds,Profit gained,buy_n_hold profit
0,0.5753424763679504,8.0,13.953488372093023,92.06349206349206,48.97959183673469,46.51162790697674,81.74603174603175,-72.428262743144,-51.27594162120651
1,0.543379008769989,14.814814814814815,11.538461538461538,92.92035398230088,50.943396226415096,59.61538461538461,87.61061946902655,1716.4503932943617,-44.844083323709235
2,0.5525113940238953,12.698412698412698,15.217391304347826,96.36363636363636,51.61290322580645,63.04347826086956,84.54545454545455,7024.573662196394,-63.196503478800416
