,Test_accuracy,correct_buys,correct_sells,correct_holds,correct_low_buys,correct_high_sells,correct_mid_holds,Profit gained,buy_n_hold profit
0,0.6438356041908264,10.256410256410257,13.513513513513514,92.3076923076923,50.0,48.648648648648646,83.21678321678321,-27.767890698789344,-51.27594162120651
1,0.5981734991073608,13.636363636363637,13.043478260869565,92.24806201550388,53.48837209302326,54.34782608695652,87.59689922480621,306.213804463086,-44.844083323709235
2,0.6073059439659119,14.0,15.555555555555555,95.96774193548387,51.02040816326531,62.22222222222222,85.48387096774194,11003.636186258542,-63.196503478800416
