,Test_accuracy,correct_buys,correct_sells,correct_holds,correct_low_buys,correct_high_sells,correct_mid_holds,Profit gained,buy_n_hold profit
0,0.47488585114479065,8.19672131147541,5.769230769230769,90.56603773584905,40.98360655737705,44.23076923076923,82.85714285714286,-91.11112499780457,-51.27594162120651
1,0.4429223835468292,11.11111111111111,10.81081081081081,91.20879120879121,50.0,60.810810810810814,84.44444444444444,-27.333827409864796,-44.844083323709235
2,0.5022830963134766,8.51063829787234,7.017543859649122,88.69565217391305,51.06382978723404,54.3859649122807,78.0701754385965,805.4187510607896,-63.196503478800416
