,Test_accuracy,correct_buys,correct_sells,correct_holds,correct_low_buys,correct_high_sells,correct_mid_holds,Profit gained,buy_n_hold profit
0,0.2602739632129669,7.792207792207792,7.526881720430108,89.79591836734694,46.05263157894737,49.46236559139785,81.63265306122449,2099.6532514332885,-51.27594162120651
1,0.2831050157546997,6.557377049180328,7.070707070707071,86.44067796610169,46.666666666666664,49.494949494949495,83.05084745762711,-37.76806276616967,-44.844083323709235
2,0.2831050157546997,8.571428571428571,8.24742268041237,92.3076923076923,47.82608695652174,54.63917525773196,86.53846153846153,4146.033594743034,-63.196503478800416
