,Test_accuracy,correct_buys,correct_sells,correct_holds,correct_low_buys,correct_high_sells,correct_mid_holds,Profit gained,buy_n_hold profit
0,0.8264840245246887,0.0,13.333333333333334,90.86294416243655,14.285714285714286,60.0,84.6938775510204,-39.66336914066339,-51.27594162120651
1,0.8219178318977356,0.0,0.0,89.10891089108911,57.142857142857146,50.0,83.58208955223881,-80.27614119109205,-44.844083323709235
2,0.8036529421806335,9.090909090909092,6.666666666666667,90.15544041450777,54.54545454545455,66.66666666666667,81.25,-95.19576640855944,-63.196503478800416
