,Test_accuracy,correct_buys,correct_sells,correct_holds,correct_low_buys,correct_high_sells,correct_mid_holds,Profit gained,buy_n_hold profit
0,0.7534246444702148,10.714285714285714,16.666666666666668,91.90751445086705,39.285714285714285,55.55555555555556,83.72093023255815,-74.22670956044068,-51.27594162120651
1,0.7123287916183472,7.142857142857143,12.5,90.41916167664671,53.57142857142857,54.166666666666664,84.93975903614458,-21.694670981442002,-44.844083323709235
2,0.6529680490493774,13.636363636363637,7.142857142857143,91.83673469387755,59.09090909090909,46.42857142857143,82.87671232876713,-79.1497101755927,-63.196503478800416
