,Test_accuracy,correct_buys,correct_sells,correct_holds,correct_low_buys,correct_high_sells,correct_mid_holds,Profit gained,buy_n_hold profit
0,0.8219178318977356,7.6923076923076925,21.428571428571427,91.66666666666667,23.076923076923077,57.142857142857146,84.29319371727749,-70.30209611987779,-51.27594162120651
1,0.77625572681427,0.0,16.666666666666668,89.78494623655914,66.66666666666667,66.66666666666667,84.86486486486487,62.27285478506667,-44.844083323709235
2,0.767123281955719,17.391304347826086,10.526315789473685,91.52542372881356,60.869565217391305,42.10526315789474,82.38636363636364,-77.35038084841257,-63.196503478800416
