,Test_accuracy,correct_buys,correct_sells,correct_holds,correct_low_buys,correct_high_sells,correct_mid_holds,Profit gained,buy_n_hold profit
0,0.8036529421806335,11.11111111111111,20.0,91.93548387096774,27.77777777777778,60.0,84.32432432432432,-70.30209611987779,-51.27594162120651
1,0.7488584518432617,0.0,10.0,89.01098901098901,58.8235294117647,75.0,83.97790055248619,9.064024450744611,-44.844083323709235
2,0.7488584518432617,15.384615384615385,10.0,91.32947976878613,65.38461538461539,40.0,82.55813953488372,-88.80916118974834,-63.196503478800416
