,Test_accuracy,correct_buys,correct_sells,correct_holds,correct_low_buys,correct_high_sells,correct_mid_holds,Profit gained,buy_n_hold profit
0,0.6347032189369202,12.5,9.090909090909092,91.60839160839161,43.75,43.18181818181818,83.80281690140845,15.362104884047213,-51.27594162120651
1,0.5525113940238953,12.5,9.23076923076923,90.98360655737704,56.25,58.46153846153846,85.12396694214875,-54.27716870268839,-44.844083323709235
2,0.5844748616218567,11.764705882352942,9.25925925925926,90.83969465648855,55.88235294117647,55.55555555555556,81.53846153846153,1691.3952707615435,-63.196503478800416
