,Test_accuracy,correct_buys,correct_sells,correct_holds,correct_low_buys,correct_high_sells,correct_mid_holds,Profit gained,buy_n_hold profit
0,0.7534246444702148,6.25,11.11111111111111,91.47727272727273,25.0,44.44444444444444,84.0,-78.90890409048893,-51.27594162120651
1,0.7716894745826721,0.0,8.0,89.3048128342246,57.142857142857146,48.0,84.40860215053763,43.530935697556515,-44.844083323709235
2,0.7168949842453003,6.25,6.451612903225806,89.53488372093024,43.75,54.83870967741935,80.11695906432749,1849.5313091758633,-63.196503478800416
