,Test_accuracy,correct_buys,correct_sells,correct_holds,correct_low_buys,correct_high_sells,correct_mid_holds,Profit gained,buy_n_hold profit
0,0.8675799369812012,16.666666666666668,27.272727272727273,92.07920792079207,33.333333333333336,72.72727272727273,85.07462686567165,-59.49184702159984,-51.27594162120651
1,0.8082191944122314,0.0,23.529411764705884,90.57591623036649,63.63636363636363,64.70588235294117,85.26315789473684,-9.749250008741171,-44.844083323709235
2,0.8173515796661377,23.529411764705884,8.333333333333334,91.57894736842105,58.8235294117647,50.0,82.01058201058201,-60.12682617491322,-63.196503478800416
