,Test_accuracy,correct_buys,correct_sells,correct_holds,correct_low_buys,correct_high_sells,correct_mid_holds,Profit gained,buy_n_hold profit
0,0.09589041024446487,3.883495145631068,7.6923076923076925,75.0,42.15686274509804,47.11538461538461,66.66666666666667,2946.6901863860003,-51.27594162120651
1,0.1278538852930069,7.608695652173913,6.25,93.33333333333333,47.82608695652174,45.535714285714285,85.71428571428571,200.67767742555048,-44.844083323709235
2,0.15068493783473969,6.741573033707865,7.2727272727272725,95.0,47.72727272727273,46.36363636363637,85.0,857.8794024986826,-63.196503478800416
