,Test_accuracy,correct_buys,correct_sells,correct_holds,correct_low_buys,correct_high_sells,correct_mid_holds,Profit gained,buy_n_hold profit
0,0.8036529421806335,6.666666666666667,0.0,90.20618556701031,40.0,50.0,83.93782383419689,-90.21750933744377,-51.27594162120651
1,0.7990867495536804,6.25,0.0,89.23076923076923,26.666666666666668,50.0,84.61538461538461,-16.001050483224248,-44.844083323709235
2,0.7990867495536804,7.6923076923076925,0.0,90.625,38.46153846153846,57.142857142857146,82.19895287958116,-54.31346900541685,-63.196503478800416
