,Test_accuracy,correct_buys,correct_sells,correct_holds,correct_low_buys,correct_high_sells,correct_mid_holds,Profit gained,buy_n_hold profit
0,0.37442922592163086,6.837606837606837,15.384615384615385,92.10526315789474,40.17094017094017,61.53846153846154,82.66666666666667,27.831628873388013,-51.27594162120651
1,0.42465752363204956,6.862745098039215,10.714285714285714,93.25842696629213,47.05882352941177,64.28571428571429,85.22727272727273,22.84920889316723,-44.844083323709235
2,0.42009133100509644,5.714285714285714,11.11111111111111,95.40229885057471,42.30769230769231,62.96296296296296,85.05747126436782,-92.06874806388227,-63.196503478800416
