,Test_accuracy,correct_buys,correct_sells,correct_holds,correct_low_buys,correct_high_sells,correct_mid_holds,Profit gained,buy_n_hold profit
0,0.7716894745826721,7.6923076923076925,4.545454545454546,90.76086956521739,30.76923076923077,45.45454545454545,84.15300546448087,-90.63883428546946,-51.27594162120651
1,0.7945205569267273,0.0,9.090909090909092,89.58333333333333,60.0,54.54545454545455,84.81675392670157,329.95019642158246,-44.844083323709235
2,0.7579908967018127,9.090909090909092,4.0,89.61748633879782,54.54545454545455,60.0,80.76923076923077,1499.1217971434605,-63.196503478800416
