,Test_accuracy,correct_buys,correct_sells,correct_holds,correct_low_buys,correct_high_sells,correct_mid_holds,Profit gained,buy_n_hold profit
0,0.8493150472640991,16.666666666666668,20.0,91.91919191919192,33.333333333333336,66.66666666666667,84.77157360406092,-61.71213713805119,-51.27594162120651
1,0.8036529421806335,0.0,21.05263157894737,90.52631578947368,60.0,68.42105263157895,85.71428571428571,30.85546572106551,-44.844083323709235
2,0.7990867495536804,21.428571428571427,10.0,91.89189189189189,64.28571428571429,40.0,83.15217391304348,-74.78829961183602,-63.196503478800416
