,Test_accuracy,correct_buys,correct_sells,correct_holds,correct_low_buys,correct_high_sells,correct_mid_holds,Profit gained,buy_n_hold profit
0,0.2557077705860138,6.1946902654867255,10.0,93.47826086956522,42.857142857142854,53.333333333333336,84.78260869565217,196.5249328559197,-51.27594162120651
1,0.2511415481567383,6.796116504854369,6.0606060606060606,88.0,48.03921568627451,53.03030303030303,80.0,158.27626862274292,-44.844083323709235
2,0.21461187303066254,6.25,7.246376811594203,92.10526315789474,45.945945945945944,47.82608695652174,89.47368421052632,-43.25827388711251,-63.196503478800416
