,Test_accuracy,correct_buys,correct_sells,correct_holds,correct_low_buys,correct_high_sells,correct_mid_holds,Profit gained,buy_n_hold profit
0,0.2054794579744339,6.666666666666667,9.23076923076923,91.17647058823529,44.53781512605042,56.92307692307692,88.23529411764706,0.5361346034463281,-51.27594162120651
1,0.18721461296081543,7.079646017699115,8.860759493670885,96.29629629629629,46.42857142857143,55.69620253164557,88.88888888888889,-24.29280054265783,-44.844083323709235
2,0.16894976794719696,5.785123966942149,9.859154929577464,85.18518518518519,48.333333333333336,59.15492957746479,70.37037037037037,1478.5516535721777,-63.196503478800416
