,Test_accuracy,correct_buys,correct_sells,correct_holds,correct_low_buys,correct_high_sells,correct_mid_holds,Profit gained,buy_n_hold profit
0,0.77625572681427,13.333333333333334,12.0,92.17877094972067,33.333333333333336,36.0,84.26966292134831,-98.86763655334387,-51.27594162120651
1,0.7488584518432617,0.0,9.375,89.44444444444444,57.142857142857146,46.875,84.35754189944134,15.686653715430838,-44.844083323709235
2,0.7168949842453003,5.882352941176471,6.666666666666667,89.53488372093024,52.94117647058823,56.666666666666664,80.11695906432749,1259.9013939899667,-63.196503478800416
