,Test_accuracy,correct_buys,correct_sells,correct_holds,correct_low_buys,correct_high_sells,correct_mid_holds,Profit gained,buy_n_hold profit
0,0.77625572681427,5.555555555555555,11.764705882352942,90.76086956521739,38.888888888888886,52.94117647058823,83.60655737704919,-64.44491766183336,-51.27594162120651
1,0.77625572681427,11.11111111111111,8.333333333333334,89.78494623655914,44.44444444444444,41.666666666666664,84.32432432432432,-21.07813665194169,-44.844083323709235
2,0.7853881120681763,21.05263157894737,16.666666666666668,93.18181818181819,63.1578947368421,66.66666666666667,84.57142857142857,17105.56000283451,-63.196503478800416
