,Test_accuracy,correct_buys,correct_sells,correct_holds,correct_low_buys,correct_high_sells,correct_mid_holds,Profit gained,buy_n_hold profit
0,0.8310502171516418,0.0,14.285714285714286,90.9090909090909,14.285714285714286,57.142857142857146,84.77157360406092,-47.33156958078526,-51.27594162120651
1,0.844748854637146,0.0,0.0,89.3719806763285,80.0,42.857142857142854,83.98058252427184,3.1878147849762826,-44.844083323709235
2,0.8401826620101929,12.5,10.0,90.54726368159204,75.0,60.0,82.0,-76.77085933577627,-63.196503478800416
