,Test_accuracy,correct_buys,correct_sells,correct_holds,correct_low_buys,correct_high_sells,correct_mid_holds,Profit gained,buy_n_hold profit
0,0.077625572681427,6.622516556291391,10.294117647058824,0.0,46.0,54.411764705882355,0.0,70.92529046671694,-51.27594162120651
1,0.077625572681427,7.352941176470588,8.433734939759036,0.0,50.370370370370374,55.42168674698795,0.0,35.653477973816194,-44.844083323709235
2,0.06849315017461777,5.2631578947368425,9.30232558139535,0.0,46.21212121212121,48.83720930232558,0.0,148.84509353531965,-63.196503478800416
