,Test_accuracy,correct_buys,correct_sells,correct_holds,correct_low_buys,correct_high_sells,correct_mid_holds,Profit gained,buy_n_hold profit
0,0.7077625393867493,7.6923076923076925,7.6923076923076925,90.41916167664671,46.15384615384615,61.53846153846154,83.73493975903614,-72.74772521344988,-51.27594162120651
1,0.7351598143577576,5.0,5.0,88.8268156424581,42.10526315789474,50.0,84.35754189944134,-53.361848001920166,-44.844083323709235
2,0.7031963467597961,7.407407407407407,7.6923076923076925,90.36144578313252,46.15384615384615,53.84615384615385,82.53012048192771,62.72425887546652,-63.196503478800416
