,Test_accuracy,correct_buys,correct_sells,correct_holds,correct_low_buys,correct_high_sells,correct_mid_holds,Profit gained,buy_n_hold profit
0,0.5022830963134766,9.23076923076923,10.638297872340425,92.5233644859813,42.1875,46.808510638297875,84.11214953271028,-62.314764462137305,-51.27594162120651
1,0.49771690368652344,10.76923076923077,9.803921568627452,94.1747572815534,42.1875,60.78431372549019,86.40776699029126,-15.817332274431765,-44.844083323709235
2,0.5022830963134766,9.090909090909092,9.090909090909092,91.74311926605505,49.23076923076923,61.36363636363637,79.81651376146789,-20.97592851818628,-63.196503478800416
