,Test_accuracy,correct_buys,correct_sells,correct_holds,correct_low_buys,correct_high_sells,correct_mid_holds,Profit gained,buy_n_hold profit
0,0.31506848335266113,9.523809523809524,8.24742268041237,93.22033898305085,52.38095238095238,47.422680412371136,82.75862068965517,738.0188122374545,-51.27594162120651
1,0.31506848335266113,9.25925925925926,6.930693069306931,89.0625,50.943396226415096,52.475247524752476,82.8125,83.15845914306811,-44.844083323709235
2,0.29680365324020386,7.462686567164179,9.278350515463918,92.72727272727273,54.54545454545455,54.63917525773196,83.63636363636364,5941.857218313963,-63.196503478800416
