,Test_accuracy,correct_buys,correct_sells,correct_holds,correct_low_buys,correct_high_sells,correct_mid_holds,Profit gained,buy_n_hold profit
0,0.22477063536643982,7.954545454545454,7.6923076923076925,89.74358974358974,44.31818181818182,43.956043956043956,86.84210526315789,-13.024569262195968,-64.15459983292143
1,0.16055046021938324,7.777777777777778,7.4766355140186915,95.23809523809524,58.888888888888886,53.77358490566038,95.23809523809524,-44.30541899101662,-55.90202865575834
2,0.15639810264110565,5.9405940594059405,6.818181818181818,95.45454545454545,59.40594059405941,58.62068965517241,90.9090909090909,194.46864941917562,-54.68960086691082
3,0.1376146823167801,7.575757575757576,3.875968992248062,86.95652173913044,48.484848484848484,46.875,82.6086956521739,5988.85800052324,1576.1791664809543
4,0.197247713804245,5.319148936170213,7.6923076923076925,93.93939393939394,43.61702127659574,53.333333333333336,84.84848484848484,31.41591779736811,-40.19620025164952
