,Test_accuracy,correct_buys,correct_sells,correct_holds,correct_low_buys,correct_high_sells,correct_mid_holds,Profit gained,buy_n_hold profit
0,0.23188406229019165,13.333333333333334,9.0,90.625,56.75675675675676,47.0,90.625,916.1212761635703,1666.8922807869963
1,0.23188406229019165,8.433734939759036,7.228915662650603,85.36585365853658,56.626506024096386,56.09756097560975,78.04878048780488,8516.52245371609,1245.2754815401652
2,0.1834862381219864,6.172839506172839,7.407407407407407,93.10344827586206,55.55555555555556,49.074074074074076,85.71428571428571,247.55180709146688,9380.979094228014
3,0.22477063536643982,10.0,8.602150537634408,91.42857142857143,52.22222222222222,49.46236559139785,76.47058823529412,845.7913615012876,5.320148704751816
