,Test_accuracy,correct_buys,correct_sells,correct_holds,correct_low_buys,correct_high_sells,correct_mid_holds,Profit gained,buy_n_hold profit
0,0.2110091745853424,8.333333333333334,7.954545454545454,91.17647058823529,50.0,45.45454545454545,90.9090909090909,46.73203369512311,-64.15459983292143
1,0.1651376187801361,7.777777777777778,7.547169811320755,95.45454545454545,57.77777777777778,52.38095238095238,95.45454545454545,9.637687583893324,-55.90202865575834
2,0.14691942930221558,5.714285714285714,6.976744186046512,95.0,56.19047619047619,57.64705882352941,95.0,213.05588267291677,-54.68960086691082
3,0.11467889696359634,8.108108108108109,3.90625,87.5,50.0,46.45669291338583,81.25,3978.0274925808376,1576.1791664809543
4,0.18807339668273926,5.208333333333333,7.608695652173913,96.66666666666667,45.833333333333336,53.26086956521739,89.65517241379311,-56.4955644025454,-40.19620025164952
