,Test_accuracy,correct_buys,correct_sells,correct_holds,correct_low_buys,correct_high_sells,correct_mid_holds,Profit gained,buy_n_hold profit
0,0.260869562625885,11.11111111111111,8.602150537634408,90.47619047619048,53.521126760563384,47.31182795698925,90.47619047619048,2149.4764329599816,1666.8922807869963
1,0.2946859896183014,10.0,7.142857142857143,90.56603773584905,61.42857142857143,61.44578313253012,84.90566037735849,12820.938983577698,1245.2754815401652
2,0.17431192100048065,9.58904109589041,6.557377049180328,100.0,50.0,49.18032786885246,95.65217391304348,71.90480482498822,9380.979094228014
3,0.20642201602458954,9.45945945945946,6.422018348623853,88.57142857142857,55.4054054054054,45.87155963302752,73.52941176470588,336.07556254309264,5.320148704751816
