,Test_accuracy,correct_buys,correct_sells,correct_holds,correct_low_buys,correct_high_sells,correct_mid_holds,Profit gained,buy_n_hold profit
0,0.30434781312942505,12.5,9.67741935483871,92.0,53.96825396825397,48.38709677419355,90.0,451.6323717340836,1666.8922807869963
1,0.2946859896183014,9.333333333333334,6.4935064935064934,89.0909090909091,58.666666666666664,59.21052631578947,81.81818181818181,68025.96309617416,1245.2754815401652
2,0.18807339668273926,5.633802816901408,6.1946902654867255,88.23529411764706,55.714285714285715,48.67256637168141,88.23529411764706,144.8318820727039,9380.979094228014
3,0.19266055524349213,10.0,7.070707070707071,89.65517241379311,53.333333333333336,48.97959183673469,79.3103448275862,484.1713612262259,5.320148704751816
