,Test_accuracy,correct_buys,correct_sells,correct_holds,correct_low_buys,correct_high_sells,correct_mid_holds,Profit gained,buy_n_hold profit
0,0.30434781312942505,13.513513513513514,9.411764705882353,93.75,56.16438356164384,49.411764705882355,91.66666666666667,1865.6525918341422,1666.8922807869963
1,0.28985506296157837,10.344827586206897,9.58904109589041,93.61702127659575,56.32183908045977,58.9041095890411,78.26086956521739,74000.5680185594,1245.2754815401652
2,0.21559633314609528,5.882352941176471,5.434782608695652,90.2439024390244,50.588235294117645,45.05494505494506,82.92682926829268,437.3192792287565,9380.979094228014
3,0.26146790385246277,9.63855421686747,8.791208791208792,93.18181818181819,45.78313253012048,46.15384615384615,86.04651162790698,102.18645738772267,5.320148704751816
