,Test_accuracy,correct_buys,correct_sells,correct_holds,correct_low_buys,correct_high_sells,correct_mid_holds,Profit gained,buy_n_hold profit
0,0.23188406229019165,11.11111111111111,10.526315789473685,93.54838709677419,53.75,49.473684210526315,93.54838709677419,2109.2329200898153,1666.8922807869963
1,0.2801932394504547,10.95890410958904,8.045977011494253,91.48936170212765,58.9041095890411,56.97674418604651,78.72340425531915,41859.257926456914,1245.2754815401652
2,0.22018349170684814,6.578947368421052,6.0,88.0952380952381,51.31578947368421,54.0,85.36585365853658,495.1824898055326,9380.979094228014
3,0.29816514253616333,8.641975308641975,10.714285714285714,92.45283018867924,53.08641975308642,50.602409638554214,81.13207547169812,160.32199142511917,5.320148704751816
