,Test_accuracy,correct_buys,correct_sells,correct_holds,correct_low_buys,correct_high_sells,correct_mid_holds,Profit gained,buy_n_hold profit
0,0.06880734115839005,7.619047619047619,6.1946902654867255,0.0,51.42857142857143,44.642857142857146,0.0,-82.75907996551463,-64.15459983292143
1,0.06880734115839005,6.60377358490566,7.142857142857143,0.0,51.886792452830186,51.351351351351354,0.0,-97.91681669299126,-55.90202865575834
2,0.04265403002500534,3.389830508474576,5.376344086021505,0.0,47.45762711864407,51.08695652173913,0.0,48.04758558741466,-54.68960086691082
3,0.06880734115839005,10.75268817204301,4.0,0.0,46.236559139784944,45.96774193548387,0.0,1733.3520024020283,1576.1791664809543
4,0.055045872926712036,4.464285714285714,6.60377358490566,0.0,42.857142857142854,47.61904761904762,0.0,-84.87913444457432,-40.19620025164952
