,Test_accuracy,correct_buys,correct_sells,correct_holds,correct_low_buys,correct_high_sells,correct_mid_holds,Profit gained,buy_n_hold profit
0,0.20183485746383667,7.608695652173913,7.608695652173913,88.23529411764706,46.73913043478261,45.65217391304348,84.84848484848484,42.21868455753912,-64.15459983292143
1,0.17431192100048065,7.777777777777778,7.6923076923076925,95.83333333333333,58.888888888888886,53.398058252427184,95.83333333333333,75.77910051442282,-55.90202865575834
2,0.1516587734222412,5.882352941176471,6.818181818181818,95.23809523809524,57.84313725490196,57.47126436781609,90.47619047619048,250.80114381146413,-54.68960086691082
3,0.11467889696359634,7.246376811594203,3.816793893129771,83.33333333333333,50.72463768115942,46.15384615384615,77.77777777777777,4541.316954353702,1576.1791664809543
4,0.20183485746383667,4.3478260869565215,7.6923076923076925,94.28571428571429,44.56521739130435,51.64835164835165,85.29411764705883,-64.60816005644983,-40.19620025164952
