,Test_accuracy,correct_buys,correct_sells,correct_holds,correct_low_buys,correct_high_sells,correct_mid_holds,Profit gained,buy_n_hold profit
0,0.21256038546562195,10.975609756097562,8.51063829787234,87.09677419354838,53.08641975308642,46.808510638297875,87.09677419354838,1969.570741999507,1666.8922807869963
1,0.21256038546562195,10.0,8.98876404494382,96.42857142857143,57.77777777777778,56.81818181818182,82.14285714285714,58959.702876870884,1245.2754815401652
2,0.1834862381219864,6.521739130434782,7.216494845360825,93.10344827586206,53.26086956521739,52.577319587628864,85.71428571428571,2407.5956482845136,9380.979094228014
3,0.20642201602458954,9.090909090909092,10.869565217391305,96.29629629629629,47.474747474747474,50.54945054945055,85.18518518518519,37.291492447016026,5.320148704751816
