,Test_accuracy,correct_buys,correct_sells,correct_holds,correct_low_buys,correct_high_sells,correct_mid_holds,Profit gained,buy_n_hold profit
0,0.4220183491706848,6.382978723404255,9.090909090909092,91.20879120879121,47.87234042553192,39.39393939393939,78.88888888888889,-84.63270869838148,-64.15459983292143
1,0.2706421911716461,7.619047619047619,5.084745762711864,88.88888888888889,54.285714285714285,50.847457627118644,84.90566037735849,-77.05370316683926,-55.90202865575834
2,0.29383885860443115,4.854368932038835,9.615384615384615,92.85714285714286,50.48543689320388,58.8235294117647,87.5,-69.30048458903853,-54.68960086691082
3,0.24770642817020416,8.88888888888889,2.5,91.66666666666667,48.888888888888886,46.835443037974684,85.41666666666667,4767.406398435284,1576.1791664809543
4,0.2844036817550659,5.217391304347826,6.976744186046512,88.33333333333333,46.95652173913044,55.81395348837209,84.7457627118644,-9.04405811003069,-40.19620025164952
