,Test_accuracy,correct_buys,correct_sells,correct_holds,correct_low_buys,correct_high_sells,correct_mid_holds,Profit gained,buy_n_hold profit
0,0.32568806409835815,8.433734939759036,9.45945945945946,93.44262295081967,44.57831325301205,44.5945945945946,83.33333333333333,52.04464675834469,-64.15459983292143
1,0.20642201602458954,8.695652173913043,5.555555555555555,88.88888888888889,59.78260869565217,55.056179775280896,86.11111111111111,-88.28016234984847,-55.90202865575834
2,0.1990521401166916,6.185567010309279,8.235294117647058,100.0,58.76288659793814,64.28571428571429,89.65517241379311,240.49122023015707,-54.68960086691082
3,0.1651376187801361,7.894736842105263,4.385964912280702,89.28571428571429,47.36842105263158,46.017699115044245,82.14285714285714,2085.4052456331515,1576.1791664809543
4,0.24770642817020416,4.123711340206185,10.256410256410257,97.67441860465117,44.329896907216494,52.56410256410256,90.47619047619048,-69.52586715054878,-40.19620025164952
