,Test_accuracy,correct_buys,correct_sells,correct_holds,correct_low_buys,correct_high_sells,correct_mid_holds,Profit gained,buy_n_hold profit
0,0.256038635969162,16.129032258064516,8.256880733944953,94.44444444444444,60.65573770491803,48.62385321100918,88.88888888888889,5080.6288472688475,1666.8922807869963
1,0.2753623127937317,11.764705882352942,9.183673469387756,97.5609756097561,63.23529411764706,53.06122448979592,80.0,91483.8834826532,1245.2754815401652
2,0.20642201602458954,5.970149253731344,6.140350877192983,91.89189189189189,52.23880597014925,45.13274336283186,83.78378378378379,219.64484249473614,9380.979094228014
3,0.25229358673095703,8.955223880597014,6.796116504854369,87.5,47.76119402985075,47.57281553398058,85.1063829787234,115.95979403930407,5.320148704751816
