,Test_accuracy,correct_buys,correct_sells,correct_holds,correct_low_buys,correct_high_sells,correct_mid_holds,Profit gained,buy_n_hold profit
0,0.13526569306850433,14.473684210526315,8.064516129032258,100.0,55.26315789473684,47.15447154471545,100.0,2588.643900731281,1666.8922807869963
1,0.1642512083053589,9.876543209876543,8.333333333333334,94.44444444444444,58.02469135802469,54.205607476635514,72.22222222222223,32107.04588943749,1245.2754815401652
2,0.11467889696359634,5.9523809523809526,6.557377049180328,100.0,51.19047619047619,45.45454545454545,100.0,170.95314855513072,9380.979094228014
3,0.18807339668273926,10.588235294117647,9.00900900900901,100.0,47.05882352941177,47.27272727272727,100.0,411.14205934697014,5.320148704751816
