,Test_accuracy,correct_buys,correct_sells,correct_holds,correct_low_buys,correct_high_sells,correct_mid_holds,Profit gained,buy_n_hold profit
0,0.15458936989307404,10.989010989010989,8.910891089108912,86.66666666666667,54.94505494505494,51.0,80.0,1967.8846617442994,1666.8922807869963
1,0.1497584581375122,9.278350515463918,9.278350515463918,100.0,57.7319587628866,56.25,69.23076923076923,41928.04936860105,1245.2754815401652
2,0.14678898453712463,6.25,5.05050505050505,91.30434782608695,52.083333333333336,42.857142857142854,82.6086956521739,85.58307439030611,9380.979094228014
3,0.16972477734088898,8.791208791208792,8.571428571428571,90.9090909090909,43.956043956043956,42.857142857142854,76.19047619047619,362.9220425115491,5.320148704751816
