,Test_accuracy,correct_buys,correct_sells,correct_holds,correct_low_buys,correct_high_sells,correct_mid_holds,Profit gained,buy_n_hold profit
0,0.17874395847320557,11.842105263157896,7.4766355140186915,83.33333333333333,54.666666666666664,46.728971962616825,83.33333333333333,1959.2034671174215,1666.8922807869963
1,0.27053138613700867,9.859154929577464,8.791208791208792,91.11111111111111,63.38028169014085,56.666666666666664,77.77777777777777,80008.15095312547,1245.2754815401652
2,0.16055046021938324,8.536585365853659,6.896551724137931,100.0,57.31707317073171,48.69565217391305,95.0,839.4249330920492,9380.979094228014
3,0.22018349170684814,10.869565217391305,10.204081632653061,100.0,51.08695652173913,48.45360824742268,82.14285714285714,585.7375534907374,5.320148704751816
