,Test_accuracy,correct_buys,correct_sells,correct_holds,correct_low_buys,correct_high_sells,correct_mid_holds,Profit gained,buy_n_hold profit
0,0.2995169162750244,15.492957746478874,10.638297872340425,97.61904761904762,54.285714285714285,50.0,90.47619047619048,1377.4847118355228,1666.8922807869963
1,0.2801932394504547,11.11111111111111,6.976744186046512,89.79591836734694,59.72222222222222,60.0,75.51020408163265,51493.92384274904,1245.2754815401652
2,0.13302752375602722,7.407407407407407,6.557377049180328,100.0,51.25,45.90163934426229,93.33333333333333,156.88046986537938,9380.979094228014
3,0.21559633314609528,7.0588235294117645,7.446808510638298,87.17948717948718,55.294117647058826,43.01075268817204,76.92307692307692,98.42860635632289,5.320148704751816
