,Test_accuracy,correct_buys,correct_sells,correct_holds,correct_low_buys,correct_high_sells,correct_mid_holds,Profit gained,buy_n_hold profit
0,0.2801932394504547,12.987012987012987,9.195402298850574,93.02325581395348,54.54545454545455,50.0,90.69767441860465,1208.5654816626839,1666.8922807869963
1,0.3333333432674408,10.144927536231885,8.974358974358974,91.66666666666667,57.971014492753625,62.33766233766234,78.33333333333333,18545.214567977408,1245.2754815401652
2,0.17431192100048065,5.333333333333333,6.956521739130435,92.85714285714286,49.333333333333336,46.95652173913044,92.5925925925926,-35.258552653319214,9380.979094228014
3,0.25229358673095703,10.0,8.24742268041237,95.1219512195122,55.0,43.75,80.48780487804878,137.9420900966219,5.320148704751816
