,Test_accuracy,correct_buys,correct_sells,correct_holds,correct_low_buys,correct_high_sells,correct_mid_holds,Profit gained,buy_n_hold profit
0,0.25229358673095703,8.791208791208792,8.333333333333334,93.02325581395348,50.54945054945055,48.80952380952381,88.0952380952381,58.20943232480187,-64.15459983292143
1,0.1651376187801361,8.333333333333334,6.185567010309279,88.0,59.375,53.125,84.0,-87.82816011409372,-55.90202865575834
2,0.22748814523220062,5.376344086021505,8.641975308641975,97.29729729729729,54.83870967741935,62.5,91.89189189189189,654.0183061395016,-54.68960086691082
3,0.17889907956123352,10.294117647058824,3.389830508474576,87.5,47.05882352941177,46.15384615384615,78.125,6909.408391048047,1576.1791664809543
4,0.197247713804245,6.382978723404255,6.666666666666667,91.17647058823529,46.808510638297875,50.0,87.87878787878788,937.6045301272663,-40.19620025164952
