,Test_accuracy,correct_buys,correct_sells,correct_holds,correct_low_buys,correct_high_sells,correct_mid_holds,Profit gained,buy_n_hold profit
0,0.21559633314609528,8.49056603773585,6.329113924050633,100.0,49.523809523809526,41.77215189873418,75.75757575757575,38.857476227095276,-64.15459983292143
1,0.11009174585342407,6.722689075630252,6.896551724137931,83.33333333333333,51.260504201680675,51.16279069767442,83.33333333333333,-86.32459062226411,-55.90202865575834
2,0.1374407559633255,4.132231404958677,4.411764705882353,95.45454545454545,45.45454545454545,52.23880597014925,86.36363636363636,92.00876630384514,-54.68960086691082
3,0.20183485746383667,8.411214953271028,2.6666666666666665,91.66666666666667,40.18691588785047,37.333333333333336,77.14285714285714,13876.981144472322,1576.1791664809543
4,0.17431192100048065,4.032258064516129,7.936507936507937,90.3225806451613,42.74193548387097,51.61290322580645,90.3225806451613,-96.8604942808034,-40.19620025164952
