,Test_accuracy,correct_buys,correct_sells,correct_holds,correct_low_buys,correct_high_sells,correct_mid_holds,Profit gained,buy_n_hold profit
0,0.2752293646335602,7.0,6.349206349206349,89.0909090909091,50.0,44.44444444444444,85.18518518518519,-84.57282305966311,-64.15459983292143
1,0.17431192100048065,7.8431372549019605,5.747126436781609,86.20689655172414,57.84313725490196,55.81395348837209,82.75862068965517,-61.90927633251453,-55.90202865575834
2,0.1753554493188858,5.2631578947368425,9.58904109589041,100.0,52.63157894736842,66.66666666666667,100.0,2020.7578595731857,-54.68960086691082
3,0.17889907956123352,11.11111111111111,3.0303030303030303,89.65517241379311,48.888888888888886,47.95918367346939,82.75862068965517,1020.1862349171428,1576.1791664809543
4,0.2293577939271927,6.862745098039215,6.666666666666667,92.6829268292683,46.07843137254902,50.666666666666664,87.5,88.21524054218398,-40.19620025164952
