,Test_accuracy,correct_buys,correct_sells,correct_holds,correct_low_buys,correct_high_sells,correct_mid_holds,Profit gained,buy_n_hold profit
0,0.23188406229019165,12.0,9.01639344262295,88.57142857142857,54.0,46.28099173553719,85.71428571428571,1658.5236876577658,1666.8922807869963
1,0.2222222238779068,12.121212121212121,8.181818181818182,93.54838709677419,57.57575757575758,56.88073394495413,90.3225806451613,68132.53926182518,1245.2754815401652
2,0.13302752375602722,2.1739130434782608,5.333333333333333,90.9090909090909,54.34782608695652,45.333333333333336,85.71428571428571,36.07441010729306,9380.979094228014
3,0.18807339668273926,10.0,8.064516129032258,100.0,52.857142857142854,47.15447154471545,95.83333333333333,396.1025376640313,5.320148704751816
