,Test_accuracy,correct_buys,correct_sells,correct_holds,correct_low_buys,correct_high_sells,correct_mid_holds,Profit gained,buy_n_hold profit
0,0.2568807303905487,6.930693069306931,6.0606060606060606,88.23529411764706,49.504950495049506,43.93939393939394,82.0,-82.93781967407409,-64.15459983292143
1,0.17889907956123352,7.619047619047619,5.9523809523809526,89.65517241379311,57.142857142857146,55.42168674698795,86.20689655172414,-56.42740015061955,-55.90202865575834
2,0.19431279599666595,5.217391304347826,9.090909090909092,96.66666666666667,53.04347826086956,66.15384615384616,96.66666666666667,2286.027531350639,-54.68960086691082
3,0.15596330165863037,11.11111111111111,2.857142857142857,91.30434782608695,50.0,48.07692307692308,86.95652173913044,732.05776483703,1576.1791664809543
4,0.26605504751205444,6.862745098039215,7.462686567164179,93.87755102040816,47.05882352941177,50.74626865671642,87.5,162.48338784759562,-40.19620025164952
