,Test_accuracy,correct_buys,correct_sells,correct_holds,correct_low_buys,correct_high_sells,correct_mid_holds,Profit gained,buy_n_hold profit
0,0.19806763529777527,10.0,8.661417322834646,83.33333333333333,52.0,45.23809523809524,80.0,1641.3689884779092,1666.8922807869963
1,0.2222222238779068,12.698412698412698,7.207207207207207,90.9090909090909,60.317460317460316,57.27272727272727,84.84848484848484,128405.32373889288,1245.2754815401652
2,0.1055045872926712,2.5,4.9079754601226995,93.33333333333333,53.84615384615385,42.331288343558285,86.66666666666667,-52.546818008491684,9380.979094228014
3,0.14678898453712463,10.294117647058824,7.462686567164179,93.75,52.94117647058823,44.3609022556391,87.5,528.867695051012,5.320148704751816
