,Test_accuracy,correct_buys,correct_sells,correct_holds,correct_low_buys,correct_high_sells,correct_mid_holds,Profit gained,buy_n_hold profit
0,0.3165137469768524,8.13953488372093,9.58904109589041,93.22033898305085,50.588235294117645,46.57534246575342,81.35593220338983,-77.8453044125497,-64.15459983292143
1,0.2110091745853424,8.421052631578947,5.747126436781609,91.66666666666667,57.89473684210526,55.81395348837209,91.66666666666667,-85.99722356353922,-55.90202865575834
2,0.22274881601333618,6.25,6.410256410256411,97.29729729729729,54.166666666666664,59.74025974025974,89.1891891891892,-58.764336914573114,-54.68960086691082
3,0.2110091745853424,10.606060606060606,3.4782608695652173,94.5945945945946,46.96969696969697,43.85964912280702,89.1891891891892,2142.7124727920395,1576.1791664809543
4,0.2431192696094513,4.25531914893617,8.0,87.75510204081633,44.680851063829785,52.0,83.33333333333333,58.54676608804677,-40.19620025164952
