,Test_accuracy,correct_buys,correct_sells,correct_holds,correct_low_buys,correct_high_sells,correct_mid_holds,Profit gained,buy_n_hold profit
0,0.21256038546562195,10.416666666666666,8.73015873015873,84.84848484848484,56.25,45.6,81.81818181818181,3247.8291045216893,1666.8922807869963
1,0.21256038546562195,13.333333333333334,6.896551724137931,90.3225806451613,61.666666666666664,56.52173913043478,83.87096774193549,165149.96213041752,1245.2754815401652
2,0.11009174585342407,2.5,4.968944099378882,88.23529411764706,53.84615384615385,42.2360248447205,82.3529411764706,-21.28564673056208,9380.979094228014
3,0.16055046021938324,10.294117647058824,7.633587786259542,94.73684210526316,52.94117647058823,45.38461538461539,89.47368421052632,617.9109314810443,5.320148704751816
