,Test_accuracy,correct_buys,correct_sells,correct_holds,correct_low_buys,correct_high_sells,correct_mid_holds,Profit gained,buy_n_hold profit
0,0.14678898453712463,9.67741935483871,4.545454545454546,83.33333333333333,53.225806451612904,44.274809160305345,75.0,124.86787812153091,-64.15459983292143
1,0.20642201602458954,3.389830508474576,6.722689075630252,87.5,49.152542372881356,48.30508474576271,82.5,-97.08162895646161,-55.90202865575834
2,0.22274881601333618,3.389830508474576,5.504587155963303,90.69767441860465,52.54237288135593,50.925925925925924,76.74418604651163,23.176967537099642,-54.68960086691082
3,0.12844036519527435,10.0,4.285714285714286,88.88888888888889,51.666666666666664,45.32374100719424,83.33333333333333,2734.455347148641,1576.1791664809543
4,0.21559633314609528,3.076923076923077,6.25,92.6829268292683,41.53846153846154,44.14414414414414,85.36585365853658,-84.24292371675355,-40.19620025164952
