,Test_accuracy,correct_buys,correct_sells,correct_holds,correct_low_buys,correct_high_sells,correct_mid_holds,Profit gained,buy_n_hold profit
0,0.17874395847320557,14.285714285714286,8.333333333333334,100.0,54.285714285714285,47.89915966386555,82.3529411764706,716.0780229194427,1666.8922807869963
1,0.20772947371006012,11.39240506329114,8.737864077669903,100.0,62.0253164556962,51.96078431372549,80.0,99323.10301737435,1245.2754815401652
2,0.1513761430978775,2.6315789473684212,6.140350877192983,85.71428571428571,51.31578947368421,47.36842105263158,85.18518518518519,859.9552388853576,9380.979094228014
3,0.2293577939271927,9.876543209876543,8.910891089108912,91.66666666666667,49.382716049382715,46.53465346534654,82.85714285714286,317.16015220186017,5.320148704751816
