,Test_accuracy,correct_buys,correct_sells,correct_holds,correct_low_buys,correct_high_sells,correct_mid_holds,Profit gained,buy_n_hold profit
0,0.2568807303905487,6.8493150684931505,9.090909090909092,91.30434782608695,46.57534246575342,42.42424242424242,82.22222222222223,-82.06889417252395,-64.15459983292143
1,0.17889907956123352,7.5,6.422018348623853,89.65517241379311,58.75,51.851851851851855,75.86206896551724,-85.50203369207775,-55.90202865575834
2,0.27014216780662537,6.4935064935064934,8.045977011494253,95.74468085106383,49.35064935064935,59.30232558139535,85.1063829787234,631.1796876062938,-54.68960086691082
3,0.17431192100048065,8.928571428571429,3.10077519379845,87.87878787878788,51.785714285714285,46.09375,84.84848484848484,2054.9257607513478,1576.1791664809543
4,0.22018349170684814,4.651162790697675,7.608695652173913,92.5,48.83720930232558,51.08695652173913,82.05128205128206,-75.09993844519212,-40.19620025164952
