,Test_accuracy,correct_buys,correct_sells,correct_holds,correct_low_buys,correct_high_sells,correct_mid_holds,Profit gained,buy_n_hold profit
0,0.25229358673095703,7.526881720430108,10.588235294117647,97.5,53.763440860215056,54.76190476190476,80.0,350.77497907887243,-64.15459983292143
1,0.18807339668273926,8.421052631578947,8.24742268041237,96.15384615384616,58.94736842105263,55.208333333333336,84.61538461538461,-55.567727475552445,-55.90202865575834
2,0.21800947189331055,4.0,5.882352941176471,88.37209302325581,53.0,50.74626865671642,76.74418604651163,72.46640536746565,-54.68960086691082
3,0.20183485746383667,10.714285714285714,3.9215686274509802,96.875,50.602409638554214,48.03921568627451,93.75,828.1713973894887,1576.1791664809543
4,0.20183485746383667,4.123711340206185,8.235294117647058,91.66666666666667,46.391752577319586,55.294117647058826,80.0,-24.479713967988204,-40.19620025164952
