,Test_accuracy,correct_buys,correct_sells,correct_holds,correct_low_buys,correct_high_sells,correct_mid_holds,Profit gained,buy_n_hold profit
0,0.2293577939271927,6.410256410256411,9.0,90.0,50.0,44.0,82.05128205128206,-77.93086977817751,-64.15459983292143
1,0.197247713804245,7.792207792207792,6.481481481481482,90.9090909090909,57.142857142857146,51.401869158878505,78.78787878787878,-81.03455822350442,-55.90202865575834
2,0.274881511926651,6.578947368421052,8.045977011494253,95.83333333333333,51.31578947368421,59.30232558139535,85.41666666666667,-32.56419192814312,-54.68960086691082
3,0.20642201602458954,11.320754716981131,3.937007874015748,89.47368421052632,52.83018867924528,48.41269841269841,86.84210526315789,2743.055353702304,1576.1791664809543
4,0.24770642817020416,6.25,7.446808510638298,95.45454545454545,50.0,52.12765957446808,88.37209302325581,-80.21009834818719,-40.19620025164952
