,Test_accuracy,correct_buys,correct_sells,correct_holds,correct_low_buys,correct_high_sells,correct_mid_holds,Profit gained,buy_n_hold profit
0,0.2028985470533371,13.75,8.653846153846153,95.65217391304348,55.69620253164557,48.07692307692308,95.65217391304348,2531.9511268607193,1666.8922807869963
1,0.2995169162750244,13.75,9.63855421686747,97.72727272727273,58.75,63.41463414634146,79.54545454545455,502490.44730664283,1245.2754815401652
2,0.20642201602458954,6.172839506172839,6.122448979591836,87.17948717948718,53.08641975308642,46.93877551020408,76.3157894736842,233.03432759084203,9380.979094228014
3,0.27981650829315186,11.538461538461538,8.421052631578947,97.77777777777777,49.35064935064935,46.31578947368421,91.11111111111111,88.78652146679647,5.320148704751816
