,Test_accuracy,correct_buys,correct_sells,correct_holds,correct_low_buys,correct_high_sells,correct_mid_holds,Profit gained,buy_n_hold profit
0,0.2110091745853424,9.090909090909092,8.910891089108912,100.0,52.27272727272727,51.0,89.65517241379311,234.8048452097131,-64.15459983292143
1,0.16972477734088898,7.777777777777778,7.619047619047619,95.65217391304348,57.77777777777778,53.84615384615385,86.95652173913044,-96.78766565243696,-55.90202865575834
2,0.1516587734222412,3.8461538461538463,6.172839506172839,88.46153846153847,53.84615384615385,55.0,69.23076923076923,228.88768339982738,-54.68960086691082
3,0.15596330165863037,12.048192771084338,3.508771929824561,95.23809523809524,51.21951219512195,47.36842105263158,90.47619047619048,458.0452750897118,1576.1791664809543
4,0.1513761430978775,4.3478260869565215,6.930693069306931,88.0,45.65217391304348,51.48514851485149,79.16666666666667,-77.27470243324507,-40.19620025164952
