,Test_accuracy,correct_buys,correct_sells,correct_holds,correct_low_buys,correct_high_sells,correct_mid_holds,Profit gained,buy_n_hold profit
0,0.16908212006092072,12.162162162162161,7.964601769911504,85.0,55.4054054054054,48.214285714285715,85.0,1152.6148443359386,1666.8922807869963
1,0.19806763529777527,11.39240506329114,8.653846153846153,95.83333333333333,56.962025316455694,59.22330097087379,70.83333333333333,38335.61102990977,1245.2754815401652
2,0.13302752375602722,5.9523809523809526,6.086956521739131,89.47368421052632,52.38095238095238,45.6140350877193,78.94736842105263,241.06895091924093,9380.979094228014
3,0.16972477734088898,10.714285714285714,7.142857142857143,90.9090909090909,47.61904761904762,46.42857142857143,90.47619047619048,551.3879014500438,5.320148704751816
