,Test_accuracy,correct_buys,correct_sells,correct_holds,correct_low_buys,correct_high_sells,correct_mid_holds,Profit gained,buy_n_hold profit
0,0.23671497404575348,13.513513513513514,8.16326530612245,88.57142857142857,58.108108108108105,49.48453608247423,82.85714285714286,1104.1053807577498,1666.8922807869963
1,0.25120773911476135,9.722222222222221,6.666666666666667,86.66666666666667,58.333333333333336,58.42696629213483,75.55555555555556,125733.53443177741,1245.2754815401652
2,0.17431192100048065,7.792207792207792,6.896551724137931,96.0,51.94805194805195,49.13793103448276,91.66666666666667,347.14463825636074,9380.979094228014
3,0.2110091745853424,9.89010989010989,8.333333333333334,93.54838709677419,53.84615384615385,48.421052631578945,80.64516129032258,789.0191004918379,5.320148704751816
