,Test_accuracy,correct_buys,correct_sells,correct_holds,correct_low_buys,correct_high_sells,correct_mid_holds,Profit gained,buy_n_hold profit
0,0.4492753744125366,19.23076923076923,7.142857142857143,91.76470588235294,57.69230769230769,46.3768115942029,88.23529411764706,277.9751745478702,1666.8922807869963
1,0.3671497702598572,10.909090909090908,8.536585365853659,90.0,61.81818181818182,60.49382716049383,81.42857142857143,20789.443552756973,1245.2754815401652
2,0.32568806409835815,3.508771929824561,7.446808510638298,92.53731343283582,50.87719298245614,48.93617021276596,84.84848484848484,16.89074766672985,9380.979094228014
3,0.40366971492767334,12.5,9.210526315789474,93.58974358974359,60.9375,50.0,85.71428571428571,299.89397383735354,5.320148704751816
