,Test_accuracy,correct_buys,correct_sells,correct_holds,correct_low_buys,correct_high_sells,correct_mid_holds,Profit gained,buy_n_hold profit
0,0.26605504751205444,8.602150537634408,8.860759493670885,93.47826086956522,49.46236559139785,41.77215189873418,88.88888888888889,35.71271880203068,-64.15459983292143
1,0.14220184087753296,7.920792079207921,5.2631578947368425,81.81818181818181,56.43564356435643,54.255319148936174,77.27272727272727,-86.92498532752646,-55.90202865575834
2,0.18009479343891144,5.555555555555555,8.974358974358974,100.0,52.77777777777778,59.74025974025974,96.0,309.52531118740006,-54.68960086691082
3,0.1376146823167801,10.0,3.4188034188034186,85.71428571428571,50.0,46.55172413793103,80.95238095238095,1559.0096921607467,1576.1791664809543
4,0.19266055524349213,5.607476635514018,8.75,93.54838709677419,43.925233644859816,53.75,90.0,5.224971912020862,-40.19620025164952
