,Test_accuracy,correct_buys,correct_sells,correct_holds,correct_low_buys,correct_high_sells,correct_mid_holds,Profit gained,buy_n_hold profit
0,0.23188406229019165,13.043478260869565,8.73015873015873,88.57142857142857,58.69565217391305,45.6,85.71428571428571,2918.5840016578945,1666.8922807869963
1,0.2222222238779068,13.793103448275861,6.896551724137931,90.9090909090909,60.3448275862069,55.65217391304348,84.84848484848484,173028.2404474065,1245.2754815401652
2,0.12844036519527435,2.5641025641025643,5.063291139240507,90.47619047619048,52.63157894736842,43.037974683544306,85.71428571428571,-21.28564673056208,9380.979094228014
3,0.15596330165863037,8.955223880597014,7.518796992481203,100.0,52.23880597014925,46.21212121212121,94.44444444444444,371.05635544849724,5.320148704751816
