,Test_accuracy,correct_buys,correct_sells,correct_holds,correct_low_buys,correct_high_sells,correct_mid_holds,Profit gained,buy_n_hold profit
0,0.17391304671764374,10.294117647058824,7.826086956521739,83.33333333333333,51.470588235294116,48.24561403508772,79.16666666666667,2931.577321811891,1666.8922807869963
1,0.1497584581375122,6.4935064935064934,6.422018348623853,90.47619047619048,50.64935064935065,48.148148148148145,76.19047619047619,10593.692337876724,1245.2754815401652
2,0.18807339668273926,2.985074626865672,6.837606837606837,91.17647058823529,50.74626865671642,44.827586206896555,88.23529411764706,121.72545443701463,9380.979094228014
3,0.17889907956123352,9.523809523809524,6.923076923076923,96.0,44.44444444444444,41.08527131782946,80.0,660.1709084882795,5.320148704751816
