,Test_accuracy,correct_buys,correct_sells,correct_holds,correct_low_buys,correct_high_sells,correct_mid_holds,Profit gained,buy_n_hold profit
0,0.15942029654979706,15.068493150684931,7.5,92.85714285714286,56.16438356164384,47.05882352941177,85.71428571428571,1572.3084731061483,1666.8922807869963
1,0.19806763529777527,11.39240506329114,8.653846153846153,95.83333333333333,60.75949367088607,59.22330097087379,75.0,24972.811489315773,1245.2754815401652
2,0.11467889696359634,6.25,5.785123966942149,76.47058823529412,53.75,46.666666666666664,70.58823529411765,146.8093782203433,9380.979094228014
3,0.20183485746383667,12.162162162162161,8.403361344537815,100.0,50.68493150684932,46.21848739495798,96.0,663.2261463626138,5.320148704751816
