,Test_accuracy,correct_buys,correct_sells,correct_holds,correct_low_buys,correct_high_sells,correct_mid_holds,Profit gained,buy_n_hold profit
0,0.20642201602458954,10.526315789473685,7.964601769911504,96.55172413793103,53.94736842105263,46.017699115044245,96.42857142857143,190.43340496085546,-64.15459983292143
1,0.18807339668273926,6.8493150684931505,7.079646017699115,87.5,58.9041095890411,55.357142857142854,84.375,-88.99914295503984,-55.90202865575834
2,0.18009479343891144,3.7037037037037037,6.185567010309279,87.87878787878788,58.02469135802469,55.208333333333336,75.75757575757575,48.475822643368645,-54.68960086691082
3,0.11926605552434921,14.084507042253522,4.37956204379562,100.0,53.521126760563384,46.3235294117647,90.0,3030.077536587388,1576.1791664809543
4,0.13302752375602722,4.651162790697675,6.306306306306307,85.71428571428571,43.02325581395349,48.648648648648646,85.0,-57.3424530475877,-40.19620025164952
