,Test_accuracy,correct_buys,correct_sells,correct_holds,correct_low_buys,correct_high_sells,correct_mid_holds,Profit gained,buy_n_hold profit
0,0.14492753148078918,11.904761904761905,8.181818181818182,84.61538461538461,57.142857142857146,49.54128440366973,84.61538461538461,1447.0036260577067,1666.8922807869963
1,0.13526569306850433,9.782608695652174,8.653846153846153,90.9090909090909,57.608695652173914,59.22330097087379,72.72727272727273,10972.983825643569,1245.2754815401652
2,0.0917431190609932,5.319148936170213,6.086956521739131,88.88888888888889,52.12765957446808,47.36842105263158,88.88888888888889,126.70144883427608,9380.979094228014
3,0.12385321408510208,9.89010989010989,7.6923076923076925,90.0,48.35164835164835,47.00854700854701,88.88888888888889,683.3570906638203,5.320148704751816
