,Test_accuracy,correct_buys,correct_sells,correct_holds,correct_low_buys,correct_high_sells,correct_mid_holds,Profit gained,buy_n_hold profit
0,0.2753623127937317,14.0625,8.080808080808081,90.9090909090909,57.142857142857146,47.474747474747474,81.81818181818181,1189.2120657151922,1666.8922807869963
1,0.3285024166107178,14.084507042253522,9.411764705882353,98.03921568627452,60.563380281690144,54.76190476190476,80.3921568627451,37642.6550811537,1245.2754815401652
2,0.25229358673095703,1.694915254237288,5.825242718446602,85.71428571428571,49.152542372881356,45.63106796116505,80.0,249.25997747156003,9380.979094228014
3,0.31192660331726074,10.294117647058824,9.473684210526315,94.54545454545455,48.529411764705884,48.421052631578945,88.88888888888889,172.6204216180418,5.320148704751816
