,Test_accuracy,correct_buys,correct_sells,correct_holds,correct_low_buys,correct_high_sells,correct_mid_holds,Profit gained,buy_n_hold profit
0,0.47826087474823,15.384615384615385,9.523809523809524,92.3913043478261,53.84615384615385,53.225806451612904,90.21739130434783,531.5405411770894,1666.8922807869963
1,0.37681159377098083,8.771929824561404,6.944444444444445,87.17948717948718,64.91228070175438,56.33802816901409,78.2051282051282,19178.97973083391,1245.2754815401652
2,0.32568806409835815,3.5714285714285716,7.368421052631579,92.53731343283582,50.0,49.473684210526315,83.33333333333333,-37.43259868604882,9380.979094228014
3,0.3669724762439728,12.903225806451612,8.98876404494382,95.5223880597015,66.12903225806451,46.06741573033708,87.87878787878788,912.8782467578744,5.320148704751816
