,Test_accuracy,correct_buys,correct_sells,correct_holds,correct_low_buys,correct_high_sells,correct_mid_holds,Profit gained,buy_n_hold profit
0,0.3623853325843811,8.823529411764707,8.860759493670885,92.95774647887323,51.470588235294116,45.56962025316456,85.71428571428571,-61.51897743574863,-64.15459983292143
1,0.2752293646335602,9.859154929577464,3.2967032967032965,89.28571428571429,60.563380281690144,54.44444444444444,83.92857142857143,-91.73172058082643,-55.90202865575834
2,0.30805686116218567,6.666666666666667,6.410256410256411,94.82758620689656,61.333333333333336,62.33766233766234,89.65517241379311,713.9235644122914,-54.68960086691082
3,0.2293577939271927,10.0,3.225806451612903,93.18181818181819,44.0,43.90243902439025,86.36363636363636,1969.9457903909915,1576.1791664809543
4,0.2568807303905487,3.6144578313253013,6.172839506172839,88.88888888888889,44.57831325301205,55.55555555555556,79.24528301886792,-5.693615610248983,-40.19620025164952
