,Test_accuracy,correct_buys,correct_sells,correct_holds,correct_low_buys,correct_high_sells,correct_mid_holds,Profit gained,buy_n_hold profit
0,0.14009661972522736,10.377358490566039,7.865168539325842,91.66666666666667,50.943396226415096,51.13636363636363,83.33333333333333,8286.17663843659,1666.8922807869963
1,0.11594203114509583,6.481481481481482,9.30232558139535,69.23076923076923,55.55555555555556,53.48837209302326,66.66666666666667,11769.632819876428,1245.2754815401652
2,0.11467889696359634,5.982905982905983,5.882352941176471,81.25,48.717948717948715,38.095238095238095,81.25,162.76263619154804,9380.979094228014
3,0.12844036519527435,6.896551724137931,6.976744186046512,87.5,36.52173913043478,41.86046511627907,75.0,62.490745725786525,5.320148704751816
