,Test_accuracy,correct_buys,correct_sells,correct_holds,correct_low_buys,correct_high_sells,correct_mid_holds,Profit gained,buy_n_hold profit
0,0.2222222238779068,14.754098360655737,7.079646017699115,87.87878787878788,55.73770491803279,48.214285714285715,84.84848484848484,1065.0044741318993,1666.8922807869963
1,0.30434781312942505,14.925373134328359,9.375,100.0,59.701492537313435,60.0,81.81818181818181,66270.832753103,1245.2754815401652
2,0.23853211104869843,4.411764705882353,6.796116504854369,89.36170212765957,57.35294117647059,48.03921568627451,85.1063829787234,178.1906174765034,9380.979094228014
3,0.24770642817020416,10.95890410958904,6.862745098039215,90.69767441860465,50.68493150684932,49.01960784313726,83.33333333333333,328.9161196234052,5.320148704751816
