,Test_accuracy,correct_buys,correct_sells,correct_holds,correct_low_buys,correct_high_sells,correct_mid_holds,Profit gained,buy_n_hold profit
0,0.20772947371006012,9.523809523809524,9.565217391304348,89.65517241379311,59.67741935483871,48.69565217391305,89.65517241379311,2411.6791213403303,1666.8922807869963
1,0.19323670864105225,9.30232558139535,7.608695652173913,86.20689655172414,56.97674418604651,54.94505494505494,79.3103448275862,17840.21099447404,1245.2754815401652
2,0.17889907956123352,6.25,6.363636363636363,96.42857142857143,53.75,50.0,96.29629629629629,1182.2800053476058,9380.979094228014
3,0.2568807303905487,10.344827586206897,8.88888888888889,95.1219512195122,47.12643678160919,49.438202247191015,85.36585365853658,89.67840780583711,5.320148704751816
