,Test_accuracy,correct_buys,correct_sells,correct_holds,correct_low_buys,correct_high_sells,correct_mid_holds,Profit gained,buy_n_hold profit
0,0.49082568287849426,6.756756756756757,6.0606060606060606,90.09009009009009,47.2972972972973,39.39393939393939,80.9090909090909,-82.77596839169522,-64.15459983292143
1,0.24770642817020416,7.619047619047619,5.970149253731344,91.30434782608695,54.285714285714285,54.54545454545455,84.78260869565217,-74.13657318193408,-55.90202865575834
2,0.3649289011955261,5.813953488372093,7.8431372549019605,91.89189189189189,54.651162790697676,66.0,83.78378378378379,198.765597376735,-54.68960086691082
3,0.25229358673095703,9.876543209876543,3.3707865168539324,91.66666666666667,49.382716049382715,46.59090909090909,87.5,6537.026616380707,1576.1791664809543
4,0.302752286195755,4.081632653061225,5.769230769230769,86.76470588235294,43.87755102040816,55.76923076923077,82.08955223880596,-21.730767433288676,-40.19620025164952
