,Test_accuracy,correct_buys,correct_sells,correct_holds,correct_low_buys,correct_high_sells,correct_mid_holds,Profit gained,buy_n_hold profit
0,0.2801932394504547,14.754098360655737,7.920792079207921,91.11111111111111,57.377049180327866,48.51485148514851,81.81818181818181,735.7421015556762,1666.8922807869963
1,0.3333333432674408,13.235294117647058,10.344827586206897,98.07692307692308,64.70588235294117,55.81395348837209,80.76923076923077,99845.47423883407,1245.2754815401652
2,0.26146790385246277,1.6129032258064515,7.0,87.5,50.0,45.0,80.0,390.1581495509602,9380.979094228014
3,0.2889908254146576,9.859154929577464,8.51063829787234,90.56603773584905,47.88732394366197,47.87234042553192,86.53846153846153,429.27676834226213,5.320148704751816
