,Test_accuracy,correct_buys,correct_sells,correct_holds,correct_low_buys,correct_high_sells,correct_mid_holds,Profit gained,buy_n_hold profit
0,0.3913043439388275,15.517241379310345,7.792207792207792,91.66666666666667,55.172413793103445,42.857142857142854,87.32394366197182,183.49230689781797,1666.8922807869963
1,0.3140096664428711,10.95890410958904,8.75,92.5925925925926,59.72222222222222,55.0,75.92592592592592,7486.449958693634,1245.2754815401652
2,0.27981650829315186,5.405405405405405,6.818181818181818,91.07142857142857,44.5945945945946,41.37931034482759,80.35714285714286,131.8654636474401,9380.979094228014
3,0.3761467933654785,10.144927536231885,5.714285714285714,89.87341772151899,52.17391304347826,48.57142857142857,83.33333333333333,-46.936628862608075,5.320148704751816
