,Test_accuracy,correct_buys,correct_sells,correct_holds,correct_low_buys,correct_high_sells,correct_mid_holds,Profit gained,buy_n_hold profit
0,0.2431192696094513,7.368421052631579,10.714285714285714,94.87179487179488,48.421052631578945,44.04761904761905,84.21052631578948,-90.88996391088483,-64.15459983292143
1,0.20642201602458954,8.791208791208792,6.382978723404255,93.93939393939394,57.142857142857146,54.83870967741935,90.9090909090909,-93.54026878925802,-55.90202865575834
2,0.17061612010002136,5.0,8.13953488372093,96.0,55.0,57.64705882352941,92.0,-66.03148389945983,-54.68960086691082
3,0.14220184087753296,10.126582278481013,3.389830508474576,90.47619047619048,51.89873417721519,46.15384615384615,85.71428571428571,4176.095833702463,1576.1791664809543
4,0.1834862381219864,4.854368932038835,9.090909090909092,100.0,45.63106796116505,56.81818181818182,92.3076923076923,-66.4730422266374,-40.19620025164952
