,Test_accuracy,correct_buys,correct_sells,correct_holds,correct_low_buys,correct_high_sells,correct_mid_holds,Profit gained,buy_n_hold profit
0,0.2946859896183014,14.084507042253522,8.98876404494382,91.48936170212765,57.142857142857146,47.19101123595506,91.48936170212765,1207.1184275064743,1666.8922807869963
1,0.2801932394504547,10.126582278481013,7.594936708860759,89.79591836734694,56.962025316455694,58.97435897435897,79.59183673469387,8031.368229268287,1245.2754815401652
2,0.18807339668273926,5.128205128205129,7.4766355140186915,87.87878787878788,53.84615384615385,49.532710280373834,87.5,60.38804010484022,9380.979094228014
3,0.22477063536643982,10.869565217391305,7.6923076923076925,91.42857142857143,54.34782608695652,48.888888888888886,80.0,609.7362551092629,5.320148704751816
