,Test_accuracy,correct_buys,correct_sells,correct_holds,correct_low_buys,correct_high_sells,correct_mid_holds,Profit gained,buy_n_hold profit
0,0.27053138613700867,14.084507042253522,10.204081632653061,94.73684210526316,55.714285714285715,48.97959183673469,92.10526315789474,2163.5068546084194,1666.8922807869963
1,0.2946859896183014,11.11111111111111,8.13953488372093,93.87755102040816,56.94444444444444,58.8235294117647,85.71428571428571,99877.88193909464,1245.2754815401652
2,0.12844036519527435,7.407407407407407,6.504065040650406,100.0,54.32098765432099,47.540983606557376,100.0,119.82100680824325,9380.979094228014
3,0.21559633314609528,8.13953488372093,8.24742268041237,91.42857142857143,55.81395348837209,43.75,80.0,40.95495317270988,5.320148704751816
