,Test_accuracy,correct_buys,correct_sells,correct_holds,correct_low_buys,correct_high_sells,correct_mid_holds,Profit gained,buy_n_hold profit
0,0.32367148995399475,12.5,9.195402298850574,91.07142857142857,53.96825396825397,49.42528735632184,89.28571428571429,704.3060409696058,1666.8922807869963
1,0.30434781312942505,9.58904109589041,6.4935064935064934,89.47368421052632,61.64383561643836,57.89473684210526,82.45614035087719,35282.71735995254,1245.2754815401652
2,0.20642201602458954,7.142857142857143,6.25,91.66666666666667,55.072463768115945,49.107142857142854,91.66666666666667,121.94441080251946,9380.979094228014
3,0.20183485746383667,10.227272727272727,6.185567010309279,87.87878787878788,52.27272727272727,46.875,78.78787878787878,409.4984720637834,5.320148704751816
