,Test_accuracy,correct_buys,correct_sells,correct_holds,correct_low_buys,correct_high_sells,correct_mid_holds,Profit gained,buy_n_hold profit
0,0.31192660331726074,9.411764705882353,9.090909090909092,94.64285714285714,54.76190476190476,45.45454545454545,83.92857142857143,214.7613586919797,-64.15459983292143
1,0.21559633314609528,7.954545454545454,7.446808510638298,91.66666666666667,54.54545454545455,52.12765957446808,80.0,-94.66199002933934,-55.90202865575834
2,0.24170616269111633,4.3478260869565215,7.042253521126761,87.5,56.52173913043478,55.714285714285715,75.0,175.02882231810497,-54.68960086691082
3,0.1513761430978775,10.843373493975903,3.508771929824561,95.23809523809524,51.80722891566265,49.557522123893804,85.71428571428571,2530.5563282985568,1576.1791664809543
4,0.2110091745853424,5.154639175257732,6.172839506172839,90.0,45.36082474226804,51.851851851851855,82.05128205128206,4.411180944875412,-40.19620025164952
