,Test_accuracy,correct_buys,correct_sells,correct_holds,correct_low_buys,correct_high_sells,correct_mid_holds,Profit gained,buy_n_hold profit
0,0.21256038546562195,12.658227848101266,8.910891089108912,92.5925925925926,55.12820512820513,48.51485148514851,92.5925925925926,5859.9095896923045,1666.8922807869963
1,0.20772947371006012,10.869565217391305,9.89010989010989,100.0,59.78260869565217,58.888888888888886,83.33333333333333,240667.35984825355,1245.2754815401652
2,0.16055046021938324,6.741573033707865,5.825242718446602,88.46153846153847,52.80898876404494,44.11764705882353,84.61538461538461,255.84767302917135,9380.979094228014
3,0.2293577939271927,9.782608695652174,8.791208791208792,94.28571428571429,48.35164835164835,49.45054945054945,85.71428571428571,146.97758494392406,5.320148704751816
