,Test_accuracy,correct_buys,correct_sells,correct_holds,correct_low_buys,correct_high_sells,correct_mid_holds,Profit gained,buy_n_hold profit
0,0.25120773911476135,11.11111111111111,8.421052631578947,90.0,54.929577464788736,47.36842105263158,90.0,2051.6820061845956,1666.8922807869963
1,0.2801932394504547,10.144927536231885,6.741573033707865,91.83673469387755,63.768115942028984,59.09090909090909,85.71428571428571,55617.786381997015,1245.2754815401652
2,0.16972477734088898,8.108108108108109,6.6115702479338845,100.0,50.68493150684932,49.586776859504134,95.65217391304348,236.10474341166855,9380.979094228014
3,0.20183485746383667,9.210526315789474,7.2727272727272725,90.625,52.63157894736842,46.36363636363637,74.19354838709677,210.26585093881306,5.320148704751816
