,Test_accuracy,correct_buys,correct_sells,correct_holds,correct_low_buys,correct_high_sells,correct_mid_holds,Profit gained,buy_n_hold profit
0,0.15942029654979706,11.458333333333334,8.333333333333334,93.33333333333333,55.208333333333336,51.041666666666664,92.85714285714286,2557.740546780937,1666.8922807869963
1,0.13526569306850433,8.928571428571429,10.465116279069768,100.0,58.55855855855856,61.627906976744185,77.77777777777777,137304.48507077747,1245.2754815401652
2,0.0917431190609932,6.086956521739131,6.25,100.0,51.30434782608695,46.31578947368421,100.0,227.8835231234768,9380.979094228014
3,0.14220184087753296,8.928571428571429,8.791208791208792,86.66666666666667,45.04504504504504,45.05494505494506,86.66666666666667,206.86943314060565,5.320148704751816
