,Test_accuracy,correct_buys,correct_sells,correct_holds,correct_low_buys,correct_high_sells,correct_mid_holds,Profit gained,buy_n_hold profit
0,0.23394495248794556,8.16326530612245,7.594936708860759,90.2439024390244,53.608247422680414,45.56962025316456,78.04878048780488,-76.5568798369097,-64.15459983292143
1,0.14220184087753296,5.9405940594059405,7.368421052631579,81.81818181818181,55.445544554455445,59.57446808510638,68.18181818181819,-94.7210436465973,-55.90202865575834
2,0.17061612010002136,4.587155963302752,8.0,92.5925925925926,53.211009174311926,54.054054054054056,74.07407407407408,100.66460355269302,-54.68960086691082
3,0.11467889696359634,11.494252873563218,3.361344537815126,91.66666666666667,51.724137931034484,47.45762711864407,91.66666666666667,725.4265024624495,1576.1791664809543
4,0.19266055524349213,5.825242718446602,7.317073170731708,90.9090909090909,46.601941747572816,52.4390243902439,84.375,201.75620174265026,-40.19620025164952
