,Test_accuracy,correct_buys,correct_sells,correct_holds,correct_low_buys,correct_high_sells,correct_mid_holds,Profit gained,buy_n_hold profit
0,0.24770642817020416,7.526881720430108,7.594936708860759,89.1304347826087,54.34782608695652,44.30379746835443,78.26086956521739,318.7284971697236,-64.15459983292143
1,0.15596330165863037,4.49438202247191,7.0,79.3103448275862,53.93258426966292,56.56565656565657,68.96551724137932,-95.70244470143992,-55.90202865575834
2,0.1990521401166916,4.040404040404041,7.792207792207792,91.42857142857143,53.535353535353536,51.31578947368421,77.14285714285714,110.26809527386243,-54.68960086691082
3,0.12844036519527435,12.345679012345679,4.065040650406504,92.85714285714286,54.32098765432099,48.36065573770492,92.85714285714286,754.9487648556988,1576.1791664809543
4,0.197247713804245,4.166666666666667,7.0588235294117645,89.1891891891892,46.875,51.76470588235294,83.33333333333333,303.4265007892272,-40.19620025164952
