,Test_accuracy,correct_buys,correct_sells,correct_holds,correct_low_buys,correct_high_sells,correct_mid_holds,Profit gained,buy_n_hold profit
0,0.2431192696094513,8.16326530612245,8.860759493670885,92.6829268292683,48.97959183673469,44.30379746835443,87.5,6.68759946197352,-64.15459983292143
1,0.13302752375602722,7.920792079207921,6.0606060606060606,83.33333333333333,57.42574257425743,55.10204081632653,77.77777777777777,-78.43874058568254,-55.90202865575834
2,0.1753554493188858,5.607476635514018,8.860759493670885,96.0,52.33644859813084,62.82051282051282,88.0,397.38267080280957,-54.68960086691082
3,0.12385321408510208,10.0,3.3333333333333335,83.33333333333333,51.25,45.378151260504204,77.77777777777777,1158.4908190180718,1576.1791664809543
4,0.16972477734088898,6.542056074766355,8.13953488372093,92.0,45.794392523364486,54.651162790697676,87.5,23.628645786344606,-40.19620025164952
