,Test_accuracy,correct_buys,correct_sells,correct_holds,correct_low_buys,correct_high_sells,correct_mid_holds,Profit gained,buy_n_hold profit
0,0.23671497404575348,13.698630136986301,8.0,91.17647058823529,58.333333333333336,45.0,91.17647058823529,2336.185778765372,1666.8922807869963
1,0.28985506296157837,10.38961038961039,10.465116279069768,97.72727272727273,57.142857142857146,54.651162790697676,81.3953488372093,201230.88194359487,1245.2754815401652
2,0.2752293646335602,9.090909090909092,6.521739130434782,95.91836734693878,55.84415584415584,43.956043956043956,85.71428571428571,280.9377311318191,9380.979094228014
3,0.3211009204387665,8.571428571428571,9.195402298850574,91.80327868852459,50.0,50.57471264367816,85.0,-17.012231088173834,5.320148704751816
