,Test_accuracy,correct_buys,correct_sells,correct_holds,correct_low_buys,correct_high_sells,correct_mid_holds,Profit gained,buy_n_hold profit
0,0.18807339668273926,9.523809523809524,7.4766355140186915,92.5925925925926,53.57142857142857,45.794392523364486,88.46153846153847,-49.04187689547642,-64.15459983292143
1,0.16972477734088898,6.172839506172839,7.339449541284404,85.71428571428571,58.02469135802469,53.7037037037037,82.14285714285714,-93.80904553407836,-55.90202865575834
2,0.17061612010002136,4.49438202247191,7.446808510638298,89.28571428571429,57.30337078651685,54.83870967741935,75.0,61.467352056095756,-54.68960086691082
3,0.12385321408510208,13.235294117647058,3.7037037037037037,86.66666666666667,55.88235294117647,45.52238805970149,86.66666666666667,1056.021218771133,1576.1791664809543
4,0.1651376187801361,5.617977528089888,7.619047619047619,95.83333333333333,48.31460674157304,53.333333333333336,86.95652173913044,-48.213577368837065,-40.19620025164952
