,Test_accuracy,correct_buys,correct_sells,correct_holds,correct_low_buys,correct_high_sells,correct_mid_holds,Profit gained,buy_n_hold profit
0,0.24637681245803833,10.81081081081081,8.51063829787234,89.74358974358974,54.794520547945204,47.87234042553192,89.74358974358974,1943.6443296064654,1666.8922807869963
1,0.26570048928260803,9.859154929577464,6.741573033707865,89.36170212765957,60.563380281690144,59.09090909090909,82.97872340425532,42374.493265736,1245.2754815401652
2,0.16972477734088898,8.108108108108109,6.6115702479338845,100.0,50.68493150684932,49.586776859504134,95.65217391304348,182.33663220406845,9380.979094228014
3,0.19266055524349213,9.090909090909092,7.207207207207207,90.0,54.54545454545455,45.945945945945944,75.86206896551724,209.66209099911595,5.320148704751816
