,Test_accuracy,correct_buys,correct_sells,correct_holds,correct_low_buys,correct_high_sells,correct_mid_holds,Profit gained,buy_n_hold profit
0,0.25120773911476135,12.903225806451612,7.6923076923076925,87.8048780487805,54.83870967741935,48.54368932038835,85.36585365853658,872.1109157121662,1666.8922807869963
1,0.33816424012184143,14.925373134328359,10.227272727272727,98.07692307692308,61.19402985074627,63.2183908045977,78.84615384615384,257060.52561857353,1245.2754815401652
2,0.2568807303905487,4.3478260869565215,6.25,88.67924528301887,57.971014492753625,43.1578947368421,83.01886792452831,223.98113974707155,9380.979094228014
3,0.27981650829315186,12.5,7.142857142857143,93.75,51.388888888888886,48.97959183673469,87.23404255319149,335.2007851510384,5.320148704751816
