,Test_accuracy,correct_buys,correct_sells,correct_holds,correct_low_buys,correct_high_sells,correct_mid_holds,Profit gained,buy_n_hold profit
0,0.25120773911476135,13.513513513513514,10.891089108910892,96.875,53.42465753424658,47.524752475247524,93.75,609.5031208863571,1666.8922807869963
1,0.26570048928260803,9.859154929577464,7.777777777777778,89.1304347826087,61.971830985915496,60.674157303370784,80.43478260869566,87278.5322764068,1245.2754815401652
2,0.11467889696359634,6.666666666666667,6.106870229007634,100.0,50.0,43.51145038167939,100.0,46.344534444677066,9380.979094228014
3,0.16972477734088898,8.045977011494253,6.730769230769231,85.18518518518519,52.87356321839081,42.71844660194175,77.77777777777777,15.258238547525425,5.320148704751816
