,Test_accuracy,correct_buys,correct_sells,correct_holds,correct_low_buys,correct_high_sells,correct_mid_holds,Profit gained,buy_n_hold profit
0,0.20183485746383667,9.75609756097561,7.547169811320755,93.33333333333333,51.851851851851855,47.16981132075472,90.0,-69.62633017900299,-64.15459983292143
1,0.1834862381219864,8.13953488372093,8.411214953271028,96.0,59.30232558139535,56.60377358490566,92.0,-88.66114477657213,-55.90202865575834
2,0.1753554493188858,4.25531914893617,6.896551724137931,90.0,57.4468085106383,54.651162790697676,80.0,157.94948278859368,-54.68960086691082
3,0.1376146823167801,14.084507042253522,3.076923076923077,94.11764705882354,54.929577464788736,46.51162790697674,82.3529411764706,261.431879332259,1576.1791664809543
4,0.16055046021938324,3.488372093023256,7.6923076923076925,85.71428571428571,44.18604651162791,50.96153846153846,77.77777777777777,-54.727298072313765,-40.19620025164952
