,Test_accuracy,correct_buys,correct_sells,correct_holds,correct_low_buys,correct_high_sells,correct_mid_holds,Profit gained,buy_n_hold profit
0,0.3165137469768524,10.0,8.641975308641975,94.73684210526316,56.962025316455694,46.91358024691358,82.45614035087719,278.6389975994096,-64.15459983292143
1,0.22477063536643982,8.13953488372093,7.446808510638298,92.10526315789474,56.97674418604651,54.255319148936174,81.08108108108108,-97.36266325734836,-55.90202865575834
2,0.2369668185710907,4.25531914893617,8.333333333333334,88.88888888888889,56.38297872340426,57.74647887323944,73.33333333333333,190.65202367015235,-54.68960086691082
3,0.12844036519527435,10.843373493975903,3.361344537815126,93.75,50.602409638554214,47.45762711864407,87.5,806.6471197178096,1576.1791664809543
4,0.22018349170684814,5.319148936170213,8.13953488372093,94.73684210526316,46.808510638297875,54.11764705882353,86.84210526315789,-4.043532258033636,-40.19620025164952
