,Test_accuracy,correct_buys,correct_sells,correct_holds,correct_low_buys,correct_high_sells,correct_mid_holds,Profit gained,buy_n_hold profit
0,0.2889908254146576,7.777777777777778,9.333333333333334,92.45283018867924,51.68539325842696,40.0,81.13207547169812,-48.25180107656998,-64.15459983292143
1,0.21559633314609528,8.333333333333334,5.882352941176471,91.89189189189189,58.333333333333336,55.95238095238095,91.89189189189189,-91.19029403526866,-55.90202865575834
2,0.21800947189331055,6.0606060606060606,8.860759493670885,100.0,56.56565656565657,61.53846153846154,96.96969696969697,20.810739703849436,-54.68960086691082
3,0.19266055524349213,10.0,3.508771929824561,91.17647058823529,45.714285714285715,46.017699115044245,88.23529411764706,1729.5700831680404,1576.1791664809543
4,0.21559633314609528,4.0,8.0,86.04651162790698,44.0,50.666666666666664,80.95238095238095,-4.626280061012892,-40.19620025164952
