,Test_accuracy,correct_buys,correct_sells,correct_holds,correct_low_buys,correct_high_sells,correct_mid_holds,Profit gained,buy_n_hold profit
0,0.3671497702598572,14.754098360655737,8.641975308641975,92.3076923076923,60.0,44.44444444444444,89.23076923076923,3257.723200093469,1666.8922807869963
1,0.40096619725227356,10.606060606060606,11.428571428571429,95.77464788732394,58.46153846153846,58.57142857142857,83.09859154929578,180539.33746562534,1245.2754815401652
2,0.34403669834136963,6.0606060606060606,6.25,91.66666666666667,54.54545454545455,41.25,84.50704225352112,237.98517907041133,9380.979094228014
3,0.4266054928302765,7.8431372549019605,9.090909090909092,91.11111111111111,52.94117647058823,49.35064935064935,84.26966292134831,-42.91819768329034,5.320148704751816
