,Test_accuracy,correct_buys,correct_sells,correct_holds,correct_low_buys,correct_high_sells,correct_mid_holds,Profit gained,buy_n_hold profit
0,0.19806763529777527,12.359550561797754,9.278350515463918,100.0,56.81818181818182,49.48453608247423,100.0,1737.073954034465,1666.8922807869963
1,0.2028985470533371,9.090909090909092,9.876543209876543,92.5925925925926,56.56565656565657,60.49382716049383,65.38461538461539,59339.91190408447,1245.2754815401652
2,0.16972477734088898,7.291666666666667,6.25,92.3076923076923,53.125,45.26315789473684,84.61538461538461,265.60718643358706,9380.979094228014
3,0.1834862381219864,9.0,8.51063829787234,95.83333333333333,46.464646464646464,47.87234042553192,87.5,-15.79651558341591,5.320148704751816
