,Test_accuracy,correct_buys,correct_sells,correct_holds,correct_low_buys,correct_high_sells,correct_mid_holds,Profit gained,buy_n_hold profit
0,0.19806763529777527,10.95890410958904,7.619047619047619,86.20689655172414,52.77777777777778,47.61904761904762,86.20689655172414,1665.0454439693774,1666.8922807869963
1,0.28502416610717773,12.0,7.0588235294117645,93.61702127659575,64.0,58.333333333333336,82.97872340425532,48522.716506952704,1245.2754815401652
2,0.1513761430978775,9.333333333333334,6.4,100.0,53.333333333333336,46.774193548387096,100.0,461.3102720352857,9380.979094228014
3,0.197247713804245,9.89010989010989,9.0,92.5925925925926,50.54945054945055,47.0,80.76923076923077,441.6639696918201,5.320148704751816
