,Test_accuracy,correct_buys,correct_sells,correct_holds,correct_low_buys,correct_high_sells,correct_mid_holds,Profit gained,buy_n_hold profit
0,0.3333333432674408,12.903225806451612,8.235294117647058,90.0,54.09836065573771,50.588235294117645,88.33333333333333,386.3892468376573,1666.8922807869963
1,0.32367148995399475,10.0,7.792207792207792,90.0,61.42857142857143,57.89473684210526,81.66666666666667,118636.59053627482,1245.2754815401652
2,0.23394495248794556,8.571428571428571,6.481481481481482,95.0,55.072463768115945,50.0,95.0,232.17744973332995,9380.979094228014
3,0.23853211104869843,9.876543209876543,6.382978723404255,88.37209302325581,53.08641975308642,48.93617021276596,78.57142857142857,303.90170009908536,5.320148704751816
