,Test_accuracy,correct_buys,correct_sells,correct_holds,correct_low_buys,correct_high_sells,correct_mid_holds,Profit gained,buy_n_hold profit
0,0.26146790385246277,7.0,8.571428571428571,91.66666666666667,47.0,47.142857142857146,80.85106382978724,-86.12645296201073,-64.15459983292143
1,0.1651376187801361,5.434782608695652,6.25,83.33333333333333,57.608695652173914,50.526315789473685,76.66666666666667,-89.05516852668185,-55.90202865575834
2,0.25592416524887085,5.05050505050505,10.144927536231885,97.67441860465117,52.525252525252526,60.294117647058826,88.37209302325581,584.6555322595459,-54.68960086691082
3,0.19266055524349213,10.126582278481013,2.857142857142857,91.17647058823529,50.63291139240506,48.07692307692308,82.3529411764706,507.30513359631465,1576.1791664809543
4,0.2110091745853424,6.0,7.5,89.47368421052632,45.0,47.5,81.08108108108108,190.14231571047412,-40.19620025164952
