,Test_accuracy,correct_buys,correct_sells,correct_holds,correct_low_buys,correct_high_sells,correct_mid_holds,Profit gained,buy_n_hold profit
0,0.24637681245803833,13.043478260869565,8.0,89.47368421052632,55.88235294117647,48.0,89.47368421052632,1587.992434044191,1666.8922807869963
1,0.2995169162750244,12.32876712328767,7.142857142857143,94.0,65.75342465753425,61.44578313253012,84.0,56247.51139747887,1245.2754815401652
2,0.1651376187801361,8.333333333333334,6.451612903225806,100.0,51.388888888888886,48.78048780487805,90.9090909090909,208.88362231439322,9380.979094228014
3,0.2110091745853424,11.25,8.256880733944953,96.55172413793103,55.0,47.22222222222222,86.20689655172414,499.74159403351575,5.320148704751816
