,Test_accuracy,correct_buys,correct_sells,correct_holds,correct_low_buys,correct_high_sells,correct_mid_holds,Profit gained,buy_n_hold profit
0,0.2753623127937317,14.473684210526315,7.865168539325842,92.85714285714286,53.333333333333336,48.31460674157304,88.0952380952381,1273.8785996877598,1666.8922807869963
1,0.34299516677856445,12.941176470588236,10.294117647058824,98.14814814814815,56.470588235294116,62.6865671641791,87.03703703703704,561371.2459365388,1245.2754815401652
2,0.29816514253616333,5.9523809523809526,5.633802816901408,88.88888888888889,53.01204819277108,43.66197183098591,80.95238095238095,372.5404562081652,9380.979094228014
3,0.35321101546287537,10.666666666666666,10.126582278481013,95.3125,52.0,49.36708860759494,88.88888888888889,221.8802048972842,5.320148704751816
