,Test_accuracy,correct_buys,correct_sells,correct_holds,correct_low_buys,correct_high_sells,correct_mid_holds,Profit gained,buy_n_hold profit
0,0.16908212006092072,11.458333333333334,9.375,100.0,54.73684210526316,52.083333333333336,100.0,4225.336025637073,1666.8922807869963
1,0.16908212006092072,9.70873786407767,10.227272727272727,100.0,58.25242718446602,60.91954022988506,75.0,165218.4493036195,1245.2754815401652
2,0.1055045872926712,6.862745098039215,5.769230769230769,83.33333333333333,51.96078431372549,44.66019417475728,75.0,316.96814658442634,9380.979094228014
3,0.14678898453712463,8.49056603773585,8.333333333333334,93.75,43.80952380952381,45.833333333333336,75.0,-11.84796986536088,5.320148704751816
