,Test_accuracy,correct_buys,correct_sells,correct_holds,correct_low_buys,correct_high_sells,correct_mid_holds,Profit gained,buy_n_hold profit
0,0.10144927352666855,12.5,8.403361344537815,0.0,54.54545454545455,49.152542372881356,0.0,1694.9265449103948,1666.8922807869963
1,0.10628019273281097,9.183673469387756,8.571428571428571,100.0,58.16326530612245,52.88461538461539,100.0,19395.47673917331,1245.2754815401652
2,0.06880734115839005,5.1020408163265305,6.779661016949152,100.0,50.0,45.2991452991453,100.0,130.239388393885,9380.979094228014
3,0.13302752375602722,9.473684210526315,8.849557522123893,100.0,46.31578947368421,46.42857142857143,100.0,299.7595489231597,5.320148704751816
