,Test_accuracy,correct_buys,correct_sells,correct_holds,correct_low_buys,correct_high_sells,correct_mid_holds,Profit gained,buy_n_hold profit
0,0.4202898442745209,8.536585365853659,2.7777777777777777,88.76404494382022,46.91358024691358,41.666666666666664,85.3932584269663,2765.377266780607,1666.8922807869963
1,0.34299516677856445,6.382978723404255,10.416666666666666,92.3076923076923,52.12765957446808,61.702127659574465,84.61538461538461,12074.749570299406,1245.2754815401652
2,0.33944955468177795,6.25,7.2727272727272725,95.5223880597015,51.041666666666664,50.0,86.56716417910448,3071.98180517093,9380.979094228014
3,0.2706421911716461,7.627118644067797,11.320754716981131,93.61702127659575,41.52542372881356,50.943396226415096,86.95652173913044,83.45923927515582,5.320148704751816
