,Test_accuracy,correct_buys,correct_sells,correct_holds,correct_low_buys,correct_high_sells,correct_mid_holds,Profit gained,buy_n_hold profit
0,0.3188405930995941,12.698412698412698,8.13953488372093,87.93103448275862,56.45161290322581,46.51162790697674,84.48275862068965,3351.6528399690897,1666.8922807869963
1,0.17874395847320557,8.045977011494253,6.521739130434782,85.71428571428571,55.172413793103445,54.94505494505494,71.42857142857143,17911.53436143871,1245.2754815401652
2,0.25229358673095703,6.024096385542169,8.791208791208792,95.45454545454545,53.01204819277108,48.35164835164835,81.3953488372093,2143.949630879446,9380.979094228014
3,0.25229358673095703,8.98876404494382,11.11111111111111,94.87179487179488,55.056179775280896,49.438202247191015,79.48717948717949,1982.627697783753,5.320148704751816
