,Test_accuracy,correct_buys,correct_sells,correct_holds,correct_low_buys,correct_high_sells,correct_mid_holds,Profit gained,buy_n_hold profit
0,0.4637681245803833,16.3265306122449,8.695652173913043,92.13483146067416,55.10204081632653,51.470588235294116,87.64044943820225,129.65777500158669,1666.8922807869963
1,0.3864734172821045,9.836065573770492,8.571428571428571,89.47368421052632,65.57377049180327,59.42028985507246,80.26315789473684,18196.09187009749,1245.2754815401652
2,0.29357796907424927,3.389830508474576,7.070707070707071,91.66666666666667,52.54237288135593,47.474747474747474,83.05084745762711,-71.23585879523941,9380.979094228014
3,0.3807339370250702,12.903225806451612,9.30232558139535,95.71428571428571,62.903225806451616,46.51162790697674,88.40579710144928,1131.011784973629,5.320148704751816
