,Test_accuracy,correct_buys,correct_sells,correct_holds,correct_low_buys,correct_high_sells,correct_mid_holds,Profit gained,buy_n_hold profit
0,0.11467889696359634,8.910891089108912,8.181818181818182,100.0,52.0,46.36363636363637,100.0,-89.20579871753884,-64.15459983292143
1,0.11009174585342407,7.8431372549019605,8.256880733944953,100.0,54.90196078431372,54.629629629629626,85.71428571428571,-94.74228960777117,-55.90202865575834
2,0.06635071337223053,3.5398230088495577,5.376344086021505,100.0,50.442477876106196,55.43478260869565,80.0,-8.582473259393026,-54.68960086691082
3,0.08256880939006805,12.048192771084338,3.10077519379845,66.66666666666667,49.397590361445786,45.3125,50.0,708.7449285235432,1576.1791664809543
4,0.07339449226856232,5.607476635514018,6.542056074766355,75.0,43.925233644859816,49.532710280373834,66.66666666666667,-55.69353336824101,-40.19620025164952
