,Test_accuracy,correct_buys,correct_sells,correct_holds,correct_low_buys,correct_high_sells,correct_mid_holds,Profit gained,buy_n_hold profit
0,0.24637681245803833,11.11111111111111,7.954545454545454,92.10526315789474,52.5,47.72727272727273,89.47368421052632,1619.8832012883854,1666.8922807869963
1,0.32367148995399475,11.688311688311689,9.210526315789474,94.44444444444444,62.33766233766234,58.666666666666664,81.48148148148148,12425.156550580417,1245.2754815401652
2,0.197247713804245,5.813953488372093,6.25,88.88888888888889,50.0,53.125,85.71428571428571,267.3323184702973,9380.979094228014
3,0.2293577939271927,7.291666666666667,10.714285714285714,89.47368421052632,50.0,50.602409638554214,81.57894736842105,206.8448471058704,5.320148704751816
