,Test_accuracy,correct_buys,correct_sells,correct_holds,correct_low_buys,correct_high_sells,correct_mid_holds,Profit gained,buy_n_hold profit
0,0.2946859896183014,12.5,9.195402298850574,91.66666666666667,57.74647887323944,47.12643678160919,89.58333333333333,1458.4661685213757,1666.8922807869963
1,0.3188405930995941,12.195121951219512,11.538461538461538,100.0,58.53658536585366,63.63636363636363,82.97872340425532,128853.25683552303,1245.2754815401652
2,0.25229358673095703,5.681818181818182,6.25,90.0,52.27272727272727,44.30379746835443,84.0,253.1777717704823,9380.979094228014
3,0.2568807303905487,10.465116279069768,7.954545454545454,90.9090909090909,51.16279069767442,51.13636363636363,86.04651162790698,222.33541911173685,5.320148704751816
