,Test_accuracy,correct_buys,correct_sells,correct_holds,correct_low_buys,correct_high_sells,correct_mid_holds,Profit gained,buy_n_hold profit
0,0.23394495248794556,8.51063829787234,8.235294117647058,92.3076923076923,53.763440860215056,48.23529411764706,74.35897435897436,-80.32252965790033,-64.15459983292143
1,0.18807339668273926,7.368421052631579,7.526881720430108,90.0,58.94736842105263,56.52173913043478,86.66666666666667,-74.74824529366849,-55.90202865575834
2,0.1895734667778015,3.9215686274509802,6.756756756756757,88.57142857142857,54.90196078431372,53.42465753424658,74.28571428571429,184.5925693369361,-54.68960086691082
3,0.1513761430978775,12.5,3.389830508474576,95.0,52.5,47.863247863247864,95.0,742.4584670496079,1576.1791664809543
4,0.20183485746383667,4.2105263157894735,9.195402298850574,88.88888888888889,48.421052631578945,55.172413793103445,82.85714285714286,-36.38618648895898,-40.19620025164952
