,Test_accuracy,correct_buys,correct_sells,correct_holds,correct_low_buys,correct_high_sells,correct_mid_holds,Profit gained,buy_n_hold profit
0,0.18840579688549042,11.538461538461538,8.527131782945736,84.61538461538461,55.76923076923077,45.3125,84.61538461538461,1601.844663062051,1666.8922807869963
1,0.19323670864105225,11.764705882352942,7.894736842105263,92.0,61.76470588235294,58.4070796460177,88.0,105886.71236769806,1245.2754815401652
2,0.08715596050024033,2.2222222222222223,4.968944099378882,83.33333333333333,52.27272727272727,42.857142857142854,75.0,-30.03224359848592,9380.979094228014
3,0.1376146823167801,9.375,7.194244604316546,93.33333333333333,51.5625,44.927536231884055,86.66666666666667,213.65659320101958,5.320148704751816
