,Test_accuracy,correct_buys,correct_sells,correct_holds,correct_low_buys,correct_high_sells,correct_mid_holds,Profit gained,buy_n_hold profit
0,0.2706421911716461,9.090909090909092,8.333333333333334,95.65217391304348,52.27272727272727,48.19277108433735,78.26086956521739,-56.08688962190331,-64.15459983292143
1,0.17889907956123352,7.6923076923076925,7.920792079207921,92.3076923076923,57.142857142857146,58.415841584158414,84.0,-60.931902585964394,-55.90202865575834
2,0.1753554493188858,5.714285714285714,6.329113924050633,96.29629629629629,53.333333333333336,53.84615384615385,88.88888888888889,186.40281857204639,-54.68960086691082
3,0.16972477734088898,13.157894736842104,2.586206896551724,92.3076923076923,51.31578947368421,47.82608695652174,84.61538461538461,3044.5605617428414,1576.1791664809543
4,0.15596330165863037,4.0,7.608695652173913,88.46153846153847,45.0,52.747252747252745,80.76923076923077,-43.644659416376776,-40.19620025164952
