,Test_accuracy,correct_buys,correct_sells,correct_holds,correct_low_buys,correct_high_sells,correct_mid_holds,Profit gained,buy_n_hold profit
0,0.2946859896183014,15.625,8.333333333333334,91.48936170212765,59.375,46.875,86.95652173913044,1365.0675789479435,1666.8922807869963
1,0.256038635969162,9.876543209876543,8.333333333333334,90.47619047619048,56.79012345679013,55.95238095238095,73.17073170731707,20929.104041403527,1245.2754815401652
2,0.26605504751205444,7.246376811594203,5.154639175257732,92.3076923076923,52.17391304347826,44.791666666666664,82.6923076923077,231.09147015581556,9380.979094228014
3,0.2752293646335602,7.575757575757576,8.0,90.38461538461539,43.93939393939394,48.0,86.27450980392157,276.2760997743583,5.320148704751816
