,Test_accuracy,correct_buys,correct_sells,correct_holds,correct_low_buys,correct_high_sells,correct_mid_holds,Profit gained,buy_n_hold profit
0,0.28985506296157837,13.235294117647058,8.791208791208792,89.58333333333333,56.71641791044776,48.35164835164835,89.58333333333333,1021.572187555979,1666.8922807869963
1,0.3140096664428711,9.722222222222221,6.578947368421052,89.83050847457628,59.72222222222222,57.333333333333336,81.35593220338983,11271.24982524865,1245.2754815401652
2,0.17889907956123352,5.555555555555555,6.1946902654867255,84.84848484848484,54.929577464788736,47.78761061946903,84.84848484848484,165.15217295128878,9380.979094228014
3,0.22018349170684814,11.11111111111111,7.446808510638298,91.17647058823529,52.22222222222222,48.38709677419355,79.41176470588235,524.4832959803543,5.320148704751816
