,Test_accuracy,correct_buys,correct_sells,correct_holds,correct_low_buys,correct_high_sells,correct_mid_holds,Profit gained,buy_n_hold profit
0,0.26605504751205444,8.51063829787234,10.0,95.45454545454545,50.0,48.75,88.37209302325581,-81.93800977149608,-64.15459983292143
1,0.1376146823167801,7.291666666666667,5.882352941176471,85.0,58.333333333333336,51.48514851485149,75.0,-90.62632143424793,-55.90202865575834
2,0.2132701426744461,5.1020408163265305,8.860759493670885,97.05882352941177,53.06122448979592,62.82051282051282,91.17647058823529,708.6197823892708,-54.68960086691082
3,0.16972477734088898,10.144927536231885,2.542372881355932,87.09677419354838,47.82608695652174,45.2991452991453,80.64516129032258,6039.3672601311655,1576.1791664809543
4,0.16972477734088898,5.319148936170213,6.315789473684211,89.65517241379311,44.680851063829785,50.526315789473685,82.14285714285714,66.14198478027075,-40.19620025164952
