,Test_accuracy,correct_buys,correct_sells,correct_holds,correct_low_buys,correct_high_sells,correct_mid_holds,Profit gained,buy_n_hold profit
0,0.10628019273281097,12.307692307692308,7.246376811594203,100.0,53.84615384615385,44.52554744525548,100.0,1139.707614426786,1666.8922807869963
1,0.10144927352666855,9.859154929577464,6.923076923076923,83.33333333333333,57.74647887323944,51.93798449612403,83.33333333333333,20267.502791160317,1245.2754815401652
2,0.059633027762174606,5.405405405405405,4.964539007092198,66.66666666666667,54.054054054054056,44.285714285714285,66.66666666666667,99.81361141689626,9380.979094228014
3,0.0917431190609932,10.0,6.896551724137931,100.0,50.0,44.44444444444444,100.0,1914.9809280884465,5.320148704751816
