,Test_accuracy,correct_buys,correct_sells,correct_holds,correct_low_buys,correct_high_sells,correct_mid_holds,Profit gained,buy_n_hold profit
0,0.2844036817550659,7.608695652173913,10.526315789473685,94.0,51.64835164835165,39.473684210526315,82.0,-88.04301174336814,-64.15459983292143
1,0.2110091745853424,8.24742268041237,5.882352941176471,91.66666666666667,58.76288659793814,57.142857142857146,91.66666666666667,-85.98899203335998,-55.90202865575834
2,0.24644549190998077,6.185567010309279,9.333333333333334,100.0,55.670103092783506,60.810810810810814,97.43589743589743,6.12830839813688,-54.68960086691082
3,0.20642201602458954,10.447761194029852,3.508771929824561,91.89189189189189,44.776119402985074,46.902654867256636,89.1891891891892,1309.4225172615813,1576.1791664809543
4,0.21559633314609528,6.451612903225806,5.9523809523809526,87.8048780487805,46.236559139784944,50.0,82.5,99.89725068972189,-40.19620025164952
