,Test_accuracy,correct_buys,correct_sells,correct_holds,correct_low_buys,correct_high_sells,correct_mid_holds,Profit gained,buy_n_hold profit
0,0.2028985470533371,13.25301204819277,8.080808080808081,92.0,58.53658536585366,47.474747474747474,92.0,2644.248230579967,1666.8922807869963
1,0.25120773911476135,9.67741935483871,10.256410256410257,97.22222222222223,55.913978494623656,58.97435897435897,71.42857142857143,94254.53656095848,1245.2754815401652
2,0.1651376187801361,6.451612903225806,6.122448979591836,88.88888888888889,52.68817204301075,45.36082474226804,77.77777777777777,225.01561147996125,9380.979094228014
3,0.2110091745853424,9.574468085106384,8.602150537634408,93.54838709677419,46.236559139784944,47.31182795698925,87.09677419354838,7.335469984998695,5.320148704751816
