,Test_accuracy,correct_buys,correct_sells,correct_holds,correct_low_buys,correct_high_sells,correct_mid_holds,Profit gained,buy_n_hold profit
0,0.19806763529777527,10.95890410958904,7.619047619047619,86.20689655172414,54.166666666666664,46.666666666666664,86.20689655172414,1228.059593438575,1666.8922807869963
1,0.21739129722118378,10.843373493975903,8.421052631578947,96.55172413793103,61.44578313253012,59.57446808510638,79.3103448275862,26069.552034244738,1245.2754815401652
2,0.1376146823167801,9.722222222222221,6.106870229007634,100.0,52.77777777777778,47.69230769230769,100.0,472.97506795213644,9380.979094228014
3,0.1834862381219864,10.0,8.571428571428571,95.65217391304348,52.22222222222222,49.03846153846154,86.95652173913044,655.9789062528827,5.320148704751816
