,Test_accuracy,correct_buys,correct_sells,correct_holds,correct_low_buys,correct_high_sells,correct_mid_holds,Profit gained,buy_n_hold profit
0,0.10144927352666855,11.578947368421053,8.928571428571429,0.0,52.63157894736842,47.747747747747745,0.0,1324.0851412714428,1666.8922807869963
1,0.08212560415267944,8.16326530612245,8.256880733944953,0.0,55.10204081632653,53.7037037037037,0.0,30615.157414692585,1245.2754815401652
2,0.055045872926712036,4.9504950495049505,5.982905982905983,0.0,50.495049504950494,45.689655172413794,0.0,76.79073967087234,9380.979094228014
3,0.08715596050024033,9.782608695652174,7.936507936507937,0.0,42.857142857142854,42.06349206349206,0.0,352.00761071886996,5.320148704751816
