,Test_accuracy,correct_buys,correct_sells,correct_holds,correct_low_buys,correct_high_sells,correct_mid_holds,Profit gained,buy_n_hold profit
0,0.2752293646335602,9.30232558139535,8.333333333333334,93.75,52.94117647058823,47.61904761904762,85.41666666666667,280.1970623432857,-64.15459983292143
1,0.197247713804245,7.608695652173913,7.446808510638298,90.625,54.34782608695652,52.12765957446808,80.64516129032258,-95.39910555567982,-55.90202865575834
2,0.24644549190998077,4.301075268817204,9.58904109589041,91.11111111111111,55.913978494623656,56.94444444444444,80.0,229.23557492081937,-54.68960086691082
3,0.12844036519527435,11.25,4.065040650406504,93.33333333333333,51.25,45.90163934426229,80.0,214.0857938826342,1576.1791664809543
4,0.1834862381219864,6.185567010309279,6.666666666666667,90.3225806451613,45.36082474226804,51.68539325842696,83.87096774193549,-5.030652232073891,-40.19620025164952
