,Test_accuracy,correct_buys,correct_sells,correct_holds,correct_low_buys,correct_high_sells,correct_mid_holds,Profit gained,buy_n_hold profit
0,0.24770642817020416,8.536585365853659,7.608695652173913,90.9090909090909,46.34146341463415,47.82608695652174,83.72093023255815,46.755789862684,-64.15459983292143
1,0.14678898453712463,8.045977011494253,7.079646017699115,94.44444444444444,57.47126436781609,51.785714285714285,94.44444444444444,-72.88456613795069,-55.90202865575834
2,0.16587677597999573,6.185567010309279,6.666666666666667,95.83333333333333,58.76288659793814,57.30337078651685,87.5,139.11235781877946,-54.68960086691082
3,0.1513761430978775,7.462686567164179,4.032258064516129,85.18518518518519,46.26865671641791,46.34146341463415,81.48148148148148,5021.923863881497,1576.1791664809543
4,0.197247713804245,4.301075268817204,7.6923076923076925,94.11764705882354,43.01075268817204,54.44444444444444,85.29411764705883,-64.47888908664075,-40.19620025164952
