,Test_accuracy,correct_buys,correct_sells,correct_holds,correct_low_buys,correct_high_sells,correct_mid_holds,Profit gained,buy_n_hold profit
0,0.4266054928302765,6.306306306306307,7.142857142857143,91.39784946236558,49.549549549549546,57.142857142857146,77.17391304347827,-80.21920496256318,-64.15459983292143
1,0.2752293646335602,6.106870229007634,0.0,89.65517241379311,50.0,51.724137931034484,89.65517241379311,-66.92370058211922,-55.90202865575834
2,0.29383885860443115,4.3478260869565215,5.882352941176471,88.70967741935483,50.43478260869565,60.60606060606061,79.03225806451613,-64.86699856285959,-54.68960086691082
3,0.30733945965766907,8.928571428571429,6.122448979591836,94.73684210526316,45.535714285714285,41.666666666666664,89.47368421052632,214.84465751272262,1576.1791664809543
4,0.24770642817020416,5.223880597014926,3.0303030303030303,90.19607843137256,43.28358208955224,60.60606060606061,84.0,-33.62784719072175,-40.19620025164952
