,Test_accuracy,correct_buys,correct_sells,correct_holds,correct_low_buys,correct_high_sells,correct_mid_holds,Profit gained,buy_n_hold profit
0,0.302752286195755,5.9523809523809526,10.526315789473685,91.37931034482759,47.61904761904762,47.36842105263158,84.21052631578948,-76.2272005516977,-64.15459983292143
1,0.17889907956123352,8.333333333333334,6.382978723404255,89.28571428571429,60.416666666666664,55.913978494623656,89.28571428571429,-90.97484134158871,-55.90202865575834
2,0.22274881601333618,5.319148936170213,8.641975308641975,97.22222222222223,56.38297872340426,61.25,91.66666666666667,426.7276157531395,-54.68960086691082
3,0.12385321408510208,9.090909090909092,4.032258064516129,88.23529411764706,50.64935064935065,47.15447154471545,82.3529411764706,2286.7478342507143,1576.1791664809543
4,0.14678898453712463,2.803738317757009,9.195402298850574,87.5,42.99065420560748,52.325581395348834,83.33333333333333,-56.50620919461695,-40.19620025164952
