,Test_accuracy,correct_buys,correct_sells,correct_holds,correct_low_buys,correct_high_sells,correct_mid_holds,Profit gained,buy_n_hold profit
0,0.5733944773674011,9.090909090909092,4.0,92.91338582677166,43.93939393939394,50.0,80.31496062992126,-66.15816029810944,-64.15459983292143
1,0.44495412707328796,8.108108108108109,4.25531914893617,91.75257731958763,52.7027027027027,45.65217391304348,85.56701030927834,-60.35483911816735,-55.90202865575834
2,0.44075828790664673,5.063291139240507,3.125,88.0,53.164556962025316,61.29032258064516,77.0,-46.58486150199279,-54.68960086691082
3,0.302752286195755,8.333333333333334,2.7777777777777777,91.93548387096774,51.19047619047619,46.478873239436616,88.70967741935483,165.29470559103686,1576.1791664809543
4,0.40366971492767334,4.444444444444445,7.6923076923076925,91.01123595505618,46.666666666666664,51.282051282051285,86.36363636363636,-2.224554131955543,-40.19620025164952
