,Test_accuracy,correct_buys,correct_sells,correct_holds,correct_low_buys,correct_high_sells,correct_mid_holds,Profit gained,buy_n_hold profit
0,0.3526569902896881,15.0,8.235294117647058,91.93548387096774,58.333333333333336,50.588235294117645,90.1639344262295,1690.1090340345174,1666.8922807869963
1,0.33816424012184143,13.513513513513514,10.126582278481013,96.29629629629629,59.45945945945946,61.53846153846154,81.48148148148148,71750.6635596911,1245.2754815401652
2,0.30733945965766907,2.6666666666666665,8.860759493670885,90.625,54.666666666666664,44.87179487179487,82.8125,76.47172681715966,9380.979094228014
3,0.33944955468177795,11.267605633802816,8.433734939759036,92.1875,50.70422535211268,50.602409638554214,84.12698412698413,401.2068948680054,5.320148704751816
