,Test_accuracy,correct_buys,correct_sells,correct_holds,correct_low_buys,correct_high_sells,correct_mid_holds,Profit gained,buy_n_hold profit
0,0.11009174585342407,7.8431372549019605,6.666666666666667,81.81818181818181,51.96078431372549,43.80952380952381,80.0,-80.05799912863637,-64.15459983292143
1,0.11009174585342407,6.666666666666667,7.766990291262136,90.0,54.285714285714285,54.90196078431372,80.0,-92.64324918385462,-55.90202865575834
2,0.09478673338890076,4.201680672268908,6.172839506172839,90.9090909090909,50.42016806722689,55.0,81.81818181818181,95.01986046218806,-54.68960086691082
3,0.08715596050024033,11.235955056179776,3.252032520325203,83.33333333333333,47.19101123595506,45.08196721311475,83.33333333333333,1267.3316655472536,1576.1791664809543
4,0.08715596050024033,4.464285714285714,7.142857142857143,87.5,44.642857142857146,51.54639175257732,87.5,-49.913022799857245,-40.19620025164952
