,Test_accuracy,correct_buys,correct_sells,correct_holds,correct_low_buys,correct_high_sells,correct_mid_holds,Profit gained,buy_n_hold profit
0,0.14220184087753296,8.51063829787234,7.4766355140186915,88.23529411764706,52.12765957446808,43.925233644859816,87.5,185.61965084157623,-64.15459983292143
1,0.14678898453712463,6.976744186046512,7.207207207207207,85.71428571428571,58.13953488372093,52.72727272727273,76.19047619047619,-84.92411303021814,-55.90202865575834
2,0.18009479343891144,5.4945054945054945,7.526881720430108,96.29629629629629,56.043956043956044,54.34782608695652,85.18518518518519,61.255411694678905,-54.68960086691082
3,0.11009174585342407,11.11111111111111,3.7313432835820897,91.66666666666667,54.166666666666664,45.86466165413534,91.66666666666667,821.0266996489056,1576.1791664809543
4,0.13302752375602722,6.0,6.930693069306931,94.11764705882354,45.0,51.48514851485149,93.75,-41.595717257880686,-40.19620025164952
