,Test_accuracy,correct_buys,correct_sells,correct_holds,correct_low_buys,correct_high_sells,correct_mid_holds,Profit gained,buy_n_hold profit
0,0.2222222238779068,11.627906976744185,7.6923076923076925,96.66666666666667,51.76470588235294,48.35164835164835,93.33333333333333,1197.4167412330837,1666.8922807869963
1,0.27053138613700867,10.465116279069768,8.974358974358974,93.02325581395348,58.8235294117647,60.256410256410255,76.74418604651163,4862.357917792798,1245.2754815401652
2,0.15596330165863037,5.2631578947368425,6.122448979591836,92.0,50.0,51.02040816326531,92.0,8.819833549018881,9380.979094228014
3,0.18807339668273926,9.0,8.791208791208792,88.88888888888889,52.0,48.888888888888886,81.48148148148148,154.0380111830909,5.320148704751816
