,Test_accuracy,correct_buys,correct_sells,correct_holds,correct_low_buys,correct_high_sells,correct_mid_holds,Profit gained,buy_n_hold profit
0,0.13302752375602722,10.0,6.4,100.0,52.5,45.96774193548387,100.0,90.47952301120267,-64.15459983292143
1,0.1055045872926712,7.865168539325842,7.43801652892562,87.5,56.17977528089887,50.0,87.5,-73.75776174915387,-55.90202865575834
2,0.0995260700583458,2.9702970297029703,5.208333333333333,92.85714285714286,51.48514851485149,51.578947368421055,78.57142857142857,14.100233126896086,-54.68960086691082
3,0.09633027762174606,11.363636363636363,4.032258064516129,100.0,46.59090909090909,45.52845528455285,100.0,2313.320153500404,1576.1791664809543
4,0.08715596050024033,3.2967032967032965,6.0344827586206895,81.81818181818181,45.05494505494506,49.56521739130435,72.72727272727273,-31.015960890281676,-40.19620025164952
