,Test_accuracy,correct_buys,correct_sells,correct_holds,correct_low_buys,correct_high_sells,correct_mid_holds,Profit gained,buy_n_hold profit
0,0.34299516677856445,15.0,7.0588235294117645,90.3225806451613,55.0,40.0,85.24590163934427,197.22359931594934,1666.8922807869963
1,0.32367148995399475,11.940298507462687,8.333333333333334,92.85714285714286,58.208955223880594,55.42168674698795,76.78571428571429,6464.158166479557,1245.2754815401652
2,0.2752293646335602,5.714285714285714,7.368421052631579,92.45283018867924,48.57142857142857,41.48936170212766,83.01886792452831,154.23453266821232,9380.979094228014
3,0.3761467933654785,10.294117647058824,5.633802816901408,89.87341772151899,51.470588235294116,50.70422535211268,83.33333333333333,0.2998686771137784,5.320148704751816
