,Test_accuracy,correct_buys,correct_sells,correct_holds,correct_low_buys,correct_high_sells,correct_mid_holds,Profit gained,buy_n_hold profit
0,0.08256880939006805,7.547169811320755,5.555555555555555,100.0,50.943396226415096,42.99065420560748,75.0,164.4837105980534,-64.15459983292143
1,0.07798165082931519,6.25,6.862745098039215,75.0,50.0,49.504950495049506,75.0,-76.93885250910601,-55.90202865575834
2,0.056872036308050156,2.586206896551724,4.444444444444445,100.0,46.55172413793103,48.31460674157304,80.0,-2.8919043014270187,-54.68960086691082
3,0.07798165082931519,8.910891089108912,3.5398230088495577,100.0,44.0,44.24778761061947,100.0,5388.757244748324,1576.1791664809543
4,0.08715596050024033,3.4782608695652173,6.521739130434782,81.81818181818181,40.869565217391305,47.252747252747255,81.81818181818181,-94.18935197368884,-40.19620025164952
