,Test_accuracy,correct_buys,correct_sells,correct_holds,correct_low_buys,correct_high_sells,correct_mid_holds,Profit gained,buy_n_hold profit
0,0.5091742873191833,4.49438202247191,9.090909090909092,89.83050847457628,44.943820224719104,54.54545454545455,76.06837606837607,-70.08399605914836,-64.15459983292143
1,0.35779815912246704,7.017543859649122,0.0,92.10526315789474,46.902654867256636,50.0,88.15789473684211,-72.947167474516,-55.90202865575834
2,0.47867298126220703,4.705882352941177,0.0,88.9908256880734,49.411764705882355,62.5,81.65137614678899,-45.9079912380296,-54.68960086691082
3,0.49082568287849426,6.944444444444445,2.857142857142857,90.990990990991,47.22222222222222,44.11764705882353,86.48648648648648,211.8850495116228,1576.1791664809543
4,0.3899082541465759,5.660377358490566,3.8461538461538463,90.69767441860465,39.62264150943396,57.69230769230769,83.52941176470588,-23.850635183442535,-40.19620025164952
