,Test_accuracy,correct_buys,correct_sells,correct_holds,correct_low_buys,correct_high_sells,correct_mid_holds,Profit gained,buy_n_hold profit
0,0.32568806409835815,7.954545454545454,11.267605633802816,94.91525423728814,52.27272727272727,50.70422535211268,81.03448275862068,455.98436079940507,-64.15459983292143
1,0.197247713804245,8.421052631578947,5.617977528089888,88.23529411764706,55.78947368421053,53.93258426966292,78.78787878787878,-54.86474632429812,-55.90202865575834
2,0.2606635093688965,4.081632653061225,6.666666666666667,88.67924528301887,53.06122448979592,49.152542372881356,75.47169811320755,66.47656465171914,-54.68960086691082
3,0.22018349170684814,10.344827586206897,4.25531914893617,94.5945945945946,51.16279069767442,46.808510638297875,89.1891891891892,730.5725144080667,1576.1791664809543
4,0.2110091745853424,3.061224489795918,7.6923076923076925,88.0952380952381,44.89795918367347,53.84615384615385,78.04878048780488,-41.93017209721023,-40.19620025164952
