,Test_accuracy,correct_buys,correct_sells,correct_holds,correct_low_buys,correct_high_sells,correct_mid_holds,Profit gained,buy_n_hold profit
0,0.2889908254146576,7.766990291262136,6.779661016949152,91.07142857142857,50.48543689320388,40.67796610169491,87.27272727272727,-81.98808489971712,-64.15459983292143
1,0.16972477734088898,7.619047619047619,6.896551724137931,88.46153846153847,57.142857142857146,56.97674418604651,84.61538461538461,-61.05537892170215,-55.90202865575834
2,0.18009479343891144,5.2631578947368425,9.722222222222221,100.0,53.50877192982456,64.78873239436619,100.0,2040.1111816037148,-54.68960086691082
3,0.17889907956123352,11.363636363636363,3.883495145631068,92.5925925925926,48.86363636363637,48.03921568627451,81.48148148148148,785.7814382550554,1576.1791664809543
4,0.21559633314609528,7.407407407407407,8.0,94.28571428571429,46.2962962962963,53.333333333333336,88.23529411764706,57.47350215122554,-40.19620025164952
