,Test_accuracy,correct_buys,correct_sells,correct_holds,correct_low_buys,correct_high_sells,correct_mid_holds,Profit gained,buy_n_hold profit
0,0.23394495248794556,8.602150537634408,9.090909090909092,94.5945945945946,53.26086956521739,48.86363636363637,81.08108108108108,-73.70215628014535,-64.15459983292143
1,0.17889907956123352,5.434782608695652,6.521739130434782,82.3529411764706,57.608695652173914,52.747252747252745,70.58823529411765,-93.66806585681326,-55.90202865575834
2,0.19431279599666595,5.882352941176471,5.405405405405405,88.57142857142857,54.90196078431372,52.054794520547944,80.0,224.2889372218865,-54.68960086691082
3,0.16055046021938324,11.842105263157896,4.132231404958677,100.0,53.94736842105263,47.5,100.0,13.355009644333963,1576.1791664809543
4,0.17889907956123352,4.123711340206185,8.791208791208792,90.0,48.45360824742268,54.94505494505494,79.3103448275862,-87.00362241737234,-40.19620025164952
