,Test_accuracy,correct_buys,correct_sells,correct_holds,correct_low_buys,correct_high_sells,correct_mid_holds,Profit gained,buy_n_hold profit
0,0.1111111119389534,12.67605633802817,7.633587786259542,80.0,53.521126760563384,46.92307692307692,60.0,1614.4093471471645,1666.8922807869963
1,0.15942029654979706,10.0,8.108108108108109,100.0,61.25,50.90909090909091,81.25,33157.136185765725,1245.2754815401652
2,0.09633027762174606,3.7974683544303796,6.25,90.9090909090909,51.89873417721519,44.881889763779526,90.9090909090909,258.41372902081565,9380.979094228014
3,0.16972477734088898,10.227272727272727,9.00900900900901,94.73684210526316,46.59090909090909,47.27272727272727,89.47368421052632,489.48052490790525,5.320148704751816
