,Test_accuracy,correct_buys,correct_sells,correct_holds,correct_low_buys,correct_high_sells,correct_mid_holds,Profit gained,buy_n_hold profit
0,0.23853211104869843,7.446808510638298,10.465116279069768,94.73684210526316,46.808510638297875,50.0,86.48648648648648,188.18669617836417,-64.15459983292143
1,0.17889907956123352,8.51063829787234,6.25,89.28571428571429,58.51063829787234,55.78947368421053,89.28571428571429,-91.78326360553847,-55.90202865575834
2,0.16587677597999573,5.1020408163265305,7.865168539325842,95.83333333333333,56.12244897959184,61.36363636363637,87.5,264.9522655494287,-54.68960086691082
3,0.1513761430978775,9.722222222222221,4.065040650406504,91.30434782608695,52.77777777777778,45.90163934426229,82.6086956521739,1960.600016652467,1576.1791664809543
4,0.18807339668273926,4.716981132075472,9.63855421686747,96.55172413793103,44.339622641509436,57.83132530120482,89.28571428571429,-66.72955005460494,-40.19620025164952
