,Test_accuracy,correct_buys,correct_sells,correct_holds,correct_low_buys,correct_high_sells,correct_mid_holds,Profit gained,buy_n_hold profit
0,0.3348623812198639,8.88888888888889,10.447761194029852,95.08196721311475,50.561797752808985,55.223880597014926,83.60655737704919,-83.31826481524983,-64.15459983292143
1,0.13302752375602722,7.619047619047619,5.319148936170213,84.21052631578948,57.142857142857146,55.913978494623656,84.21052631578948,-90.94143548134603,-55.90202865575834
2,0.1753554493188858,5.825242718446602,8.333333333333334,100.0,54.36893203883495,62.65060240963855,95.83333333333333,2.5558688850225764,-54.68960086691082
3,0.15596330165863037,10.526315789473685,3.389830508474576,91.66666666666667,48.68421052631579,45.2991452991453,87.5,1797.2692507350373,1576.1791664809543
4,0.19266055524349213,3.883495145631068,8.75,88.57142857142857,45.63106796116505,52.5,88.23529411764706,6.0290110319681105,-40.19620025164952
