,Test_accuracy,correct_buys,correct_sells,correct_holds,correct_low_buys,correct_high_sells,correct_mid_holds,Profit gained,buy_n_hold profit
0,0.2110091745853424,9.375,7.777777777777778,93.75,51.578947368421055,43.333333333333336,78.125,-83.94048790699884,-64.15459983292143
1,0.1376146823167801,7.070707070707071,7.8431372549019605,88.23529411764706,55.55555555555556,58.415841584158414,82.3529411764706,-95.90135309408554,-55.90202865575834
2,0.11374407261610031,3.6363636363636362,7.142857142857143,82.3529411764706,51.81818181818182,55.95238095238095,68.75,71.1154833490836,-54.68960086691082
3,0.11009174585342407,12.345679012345679,3.1496062992125986,100.0,50.617283950617285,46.82539682539682,100.0,635.6681488927201,1576.1791664809543
4,0.12844036519527435,4.040404040404041,7.070707070707071,85.0,44.44444444444444,52.525252525252526,78.94736842105263,-66.72220780492265,-40.19620025164952
