,Test_accuracy,correct_buys,correct_sells,correct_holds,correct_low_buys,correct_high_sells,correct_mid_holds,Profit gained,buy_n_hold profit
0,0.3302752375602722,9.523809523809524,8.333333333333334,93.54838709677419,49.397590361445786,45.833333333333336,83.87096774193549,-58.85333311887375,-64.15459983292143
1,0.1651376187801361,7.920792079207921,5.4945054945054945,88.46153846153847,57.42574257425743,54.44444444444444,88.46153846153847,-91.02813743665885,-55.90202865575834
2,0.1990521401166916,6.122448979591836,8.333333333333334,100.0,55.10204081632653,60.24096385542169,96.55172413793103,-0.644270159733324,-54.68960086691082
3,0.197247713804245,10.447761194029852,3.4188034188034186,94.11764705882354,44.776119402985074,43.96551724137931,91.17647058823529,1668.321557199995,1576.1791664809543
4,0.22018349170684814,3.1914893617021276,8.641975308641975,88.37209302325581,45.744680851063826,53.08641975308642,85.71428571428571,47.35083192512087,-40.19620025164952
