,Test_accuracy,correct_buys,correct_sells,correct_holds,correct_low_buys,correct_high_sells,correct_mid_holds,Profit gained,buy_n_hold profit
0,0.30917873978614807,15.942028985507246,10.638297872340425,97.72727272727273,55.88235294117647,50.0,95.45454545454545,3115.40918397605,1666.8922807869963
1,0.30434781312942505,11.428571428571429,8.13953488372093,94.11764705882354,60.0,61.1764705882353,82.3529411764706,65771.72780546742,1245.2754815401652
2,0.12844036519527435,7.5,6.451612903225806,100.0,52.5,45.96774193548387,100.0,147.02275924130282,9380.979094228014
3,0.22018349170684814,8.13953488372093,8.333333333333334,91.66666666666667,55.81395348837209,43.1578947368421,80.55555555555556,100.48107208679342,5.320148704751816
