,Test_accuracy,correct_buys,correct_sells,correct_holds,correct_low_buys,correct_high_sells,correct_mid_holds,Profit gained,buy_n_hold profit
0,0.2844036817550659,9.195402298850574,7.594936708860759,92.3076923076923,56.97674418604651,46.835443037974684,78.84615384615384,-81.5099257648153,-64.15459983292143
1,0.23394495248794556,7.865168539325842,6.896551724137931,90.47619047619048,59.550561797752806,52.325581395348834,80.95238095238095,-94.45309695051381,-55.90202865575834
2,0.22274881601333618,5.05050505050505,5.797101449275362,88.37209302325581,56.56565656565657,52.94117647058823,76.74418604651163,587.2195558491916,-54.68960086691082
3,0.20642201602458954,12.987012987012987,3.669724770642202,96.875,54.54545454545455,50.0,96.875,152.65400040627702,1576.1791664809543
4,0.20642201602458954,4.25531914893617,8.235294117647058,87.17948717948718,50.0,54.11764705882353,81.57894736842105,-48.98684949665738,-40.19620025164952
