,Test_accuracy,correct_buys,correct_sells,correct_holds,correct_low_buys,correct_high_sells,correct_mid_holds,Profit gained,buy_n_hold profit
0,0.29357796907424927,10.126582278481013,8.045977011494253,94.23076923076923,56.41025641025641,47.12643678160919,80.76923076923077,-82.3494333960415,-64.15459983292143
1,0.2431192696094513,6.024096385542169,7.865168539325842,89.1304347826087,56.626506024096386,52.27272727272727,80.43478260869566,-75.06664838862211,-55.90202865575834
2,0.24170616269111633,6.666666666666667,5.2631578947368425,91.11111111111111,56.666666666666664,54.666666666666664,80.0,214.9300950774188,-54.68960086691082
3,0.17889907956123352,12.5,4.132231404958677,100.0,54.166666666666664,47.5,100.0,3.0083010388608358,1576.1791664809543
4,0.197247713804245,4.3478260869565215,8.695652173913043,91.17647058823529,48.91304347826087,54.34782608695652,78.78787878787878,-96.9223672263209,-40.19620025164952
