,Test_accuracy,correct_buys,correct_sells,correct_holds,correct_low_buys,correct_high_sells,correct_mid_holds,Profit gained,buy_n_hold profit
0,0.2706421911716461,9.333333333333334,7.446808510638298,91.83673469387755,45.333333333333336,45.744680851063826,85.41666666666667,54.72909787549508,-64.15459983292143
1,0.15596330165863037,8.333333333333334,6.25,90.9090909090909,57.142857142857146,52.252252252252255,81.81818181818181,-89.04885490262367,-55.90202865575834
2,0.18483412265777588,6.666666666666667,7.368421052631579,100.0,58.888888888888886,60.638297872340424,88.46153846153847,569.6415700313987,-54.68960086691082
3,0.1834862381219864,8.333333333333334,4.032258064516129,88.23529411764706,48.333333333333336,47.96747967479675,85.29411764705883,5510.534968562255,1576.1791664809543
4,0.22477063536643982,4.395604395604396,9.090909090909092,94.87179487179488,41.75824175824176,51.724137931034484,87.17948717948718,-60.94409308701847,-40.19620025164952
