,Test_accuracy,correct_buys,correct_sells,correct_holds,correct_low_buys,correct_high_sells,correct_mid_holds,Profit gained,buy_n_hold profit
0,0.3899082541465759,7.6923076923076925,8.219178082191782,92.5,49.23076923076923,41.0958904109589,86.07594936708861,-72.19209190559565,-64.15459983292143
1,0.2844036817550659,4.6875,3.3707865168539324,86.15384615384616,56.25,52.27272727272727,81.53846153846153,-99.34120877114488,-55.90202865575834
2,0.3412322402000427,5.405405405405405,5.882352941176471,92.7536231884058,60.810810810810814,64.17910447761194,88.40579710144928,562.4605817228534,-54.68960086691082
3,0.26605504751205444,8.88888888888889,2.586206896551724,89.47368421052632,42.22222222222222,43.47826086956522,84.21052631578948,30.568016135151165,1576.1791664809543
4,0.302752286195755,3.896103896103896,6.578947368421052,89.23076923076923,46.753246753246756,56.578947368421055,82.8125,139.06002612730282,-40.19620025164952
