,Test_accuracy,correct_buys,correct_sells,correct_holds,correct_low_buys,correct_high_sells,correct_mid_holds,Profit gained,buy_n_hold profit
0,0.27981650829315186,6.976744186046512,10.843373493975903,93.87755102040816,48.83720930232558,49.397590361445786,87.5,107.49442784792743,-64.15459983292143
1,0.19266055524349213,8.695652173913043,6.315789473684211,90.3225806451613,59.78260869565217,55.319148936170215,87.09677419354838,-89.43580550886753,-55.90202865575834
2,0.1895734667778015,5.208333333333333,8.13953488372093,96.55172413793103,54.166666666666664,62.35294117647059,89.65517241379311,262.76395481609103,-54.68960086691082
3,0.15596330165863037,9.333333333333334,4.201680672268908,91.66666666666667,50.666666666666664,47.45762711864407,83.33333333333333,1603.4702208651868,1576.1791664809543
4,0.16055046021938324,5.405405405405405,9.411764705882353,95.45454545454545,42.34234234234234,55.95238095238095,86.36363636363636,-72.72317626860745,-40.19620025164952
