,Test_accuracy,correct_buys,correct_sells,correct_holds,correct_low_buys,correct_high_sells,correct_mid_holds,Profit gained,buy_n_hold profit
0,0.43478259444236755,18.181818181818183,7.042253521126761,92.5925925925926,58.18181818181818,47.142857142857146,88.88888888888889,212.91312980956826,1666.8922807869963
1,0.35748791694641113,11.475409836065573,7.594936708860759,91.04477611940298,63.9344262295082,60.256410256410255,82.08955223880596,38582.0214071137,1245.2754815401652
2,0.29816514253616333,1.7543859649122806,7.070707070707071,91.93548387096774,49.12280701754386,49.494949494949495,83.60655737704919,-26.34231298689842,9380.979094228014
3,0.4082568883895874,11.940298507462687,10.81081081081081,94.8051948051948,62.6865671641791,48.648648648648646,86.84210526315789,350.2681391874378,5.320148704751816
