,Test_accuracy,correct_buys,correct_sells,correct_holds,correct_low_buys,correct_high_sells,correct_mid_holds,Profit gained,buy_n_hold profit
0,0.39423078298568726,13.333333333333334,7.865168539325842,93.24324324324324,60.0,48.31460674157304,89.04109589041096,456.43562699079894,678.7940878989605
1,0.35576921701431274,9.090909090909092,8.080808080808081,95.38461538461539,56.81818181818182,55.55555555555556,89.0625,67.58470157624194,468.5733088396159
2,0.3378995358943939,4.761904761904762,10.227272727272727,91.17647058823529,54.83870967741935,50.0,82.3529411764706,85.06834823234689,255.73168172693892
3,0.35159817337989807,10.344827586206897,7.608695652173913,92.7536231884058,52.63157894736842,51.08695652173913,84.05797101449275,-69.67447648244789,-65.97131265210028
