,Test_accuracy,correct_buys,correct_sells,correct_holds,correct_low_buys,correct_high_sells,correct_mid_holds,Profit gained,buy_n_hold profit
0,0.28837209939956665,7.207207207207207,10.714285714285714,100.0,46.846846846846844,60.714285714285715,93.61702127659575,-90.60384058404885,-78.23835547143774
1,0.23720930516719818,8.737864077669903,8.450704225352112,87.8048780487805,50.48543689320388,60.0,80.48780487804878,-39.826301529236225,-24.562919643857924
2,0.2957746386528015,8.737864077669903,10.0,96.0,49.51456310679612,54.23728813559322,86.0,-69.45017541830242,-84.28988749503957
3,0.26484018564224243,8.16326530612245,10.81081081081081,89.36170212765957,48.45360824742268,59.45945945945946,85.1063829787234,64.77180595070357,-31.90034799175503
4,0.26940637826919556,10.526315789473685,9.876543209876543,95.34883720930233,56.8421052631579,61.72839506172839,92.85714285714286,274.90763948946113,-32.50977018523099
