,Test_accuracy,correct_buys,correct_sells,correct_holds,correct_low_buys,correct_high_sells,correct_mid_holds,Profit gained,buy_n_hold profit
0,0.3720930218696594,7.070707070707071,12.76595744680851,97.10144927536231,47.474747474747474,57.4468085106383,88.23529411764706,-88.95126667933407,-78.23835547143774
1,0.33023256063461304,6.896551724137931,8.620689655172415,85.71428571428571,52.87356321839081,62.06896551724138,78.26086956521739,-22.274512356676638,-24.562919643857924
2,0.4272300601005554,8.791208791208792,12.820512820512821,93.97590361445783,47.252747252747255,63.1578947368421,87.95180722891567,-51.62629958377528,-84.28988749503957
3,0.465753436088562,9.45945945945946,12.244897959183673,92.70833333333333,43.83561643835616,59.183673469387756,86.45833333333333,-17.284592317350018,-31.90034799175503
4,0.4337899684906006,10.126582278481013,12.962962962962964,93.02325581395348,56.41025641025641,59.25925925925926,87.20930232558139,26.66151701247019,-32.50977018523099
