,Test_accuracy,correct_buys,correct_sells,correct_holds,correct_low_buys,correct_high_sells,correct_mid_holds,Profit gained,buy_n_hold profit
0,0.1860465109348297,6.086956521739131,8.333333333333334,96.42857142857143,48.69565217391305,60.563380281690144,82.14285714285714,-81.47390043645454,-78.23835547143774
1,0.20930232107639313,7.142857142857143,8.641975308641975,86.11111111111111,55.10204081632653,58.75,83.33333333333333,-50.58432958944164,-24.562919643857924
2,0.2065727710723877,6.862745098039215,7.6923076923076925,93.93939393939394,47.05882352941177,51.94805194805195,90.9090909090909,-80.3163272197475,-84.28988749503957
3,0.2785388231277466,9.090909090909092,12.987012987012987,97.67441860465117,48.484848484848484,54.54545454545455,88.0952380952381,78.49610452352005,-31.90034799175503
4,0.2785388231277466,10.256410256410257,6.818181818181818,88.67924528301887,55.84415584415584,53.40909090909091,83.01886792452831,366.70600934946265,-32.50977018523099
