,Test_accuracy,correct_buys,correct_sells,correct_holds,correct_low_buys,correct_high_sells,correct_mid_holds,Profit gained,buy_n_hold profit
0,0.2837209403514862,5.1020408163265305,9.523809523809524,92.5925925925926,44.89795918367347,62.903225806451616,83.33333333333333,-83.86890027281645,-78.23835547143774
1,0.29767441749572754,6.818181818181818,8.823529411764707,88.13559322033899,51.13636363636363,55.223880597014926,88.13559322033899,-40.409989194677294,-24.562919643857924
2,0.2863849699497223,8.791208791208792,5.797101449275362,92.45283018867924,45.05494505494506,52.94117647058823,81.13207547169812,-80.6968648152692,-84.28988749503957
3,0.3287671208381653,7.6923076923076925,13.235294117647058,93.33333333333333,47.252747252747255,55.223880597014926,80.0,67.34900698300055,-31.90034799175503
4,0.2785388231277466,8.433734939759036,7.407407407407407,87.27272727272727,52.4390243902439,54.32098765432099,81.81818181818181,71.98974611162001,-32.50977018523099
