,Test_accuracy,correct_buys,correct_sells,correct_holds,correct_low_buys,correct_high_sells,correct_mid_holds,Profit gained,buy_n_hold profit
0,0.1875,9.090909090909092,6.956521739130435,92.5925925925926,54.54545454545455,48.69565217391305,88.46153846153847,254.09830267584655,678.7940878989605
1,0.20192307233810425,8.474576271186441,6.722689075630252,96.66666666666667,62.71186440677966,52.54237288135593,93.33333333333333,116.76279438826793,468.5733088396159
2,0.2009132355451584,6.097560975609756,9.523809523809524,90.625,54.32098765432099,46.666666666666664,81.25,60.97637947222876,255.73168172693892
3,0.19634702801704407,9.411764705882353,8.411214953271028,96.29629629629629,55.95238095238095,49.532710280373834,88.88888888888889,-71.64713701631632,-65.97131265210028
