,Test_accuracy,correct_buys,correct_sells,correct_holds,correct_low_buys,correct_high_sells,correct_mid_holds,Profit gained,buy_n_hold profit
0,0.17788460850715637,10.606060606060606,7.563025210084033,91.30434782608695,56.06060606060606,50.42016806722689,77.27272727272727,335.29315627372637,678.7940878989605
1,0.1538461595773697,7.5,4.716981132075472,95.45454545454545,53.75,54.716981132075475,95.23809523809524,47.97600868613276,468.5733088396159
2,0.155251145362854,5.3097345132743365,8.433734939759036,91.30434782608695,51.785714285714285,46.98795180722892,86.95652173913044,164.44876191819645,255.73168172693892
3,0.1278538852930069,6.0606060606060606,6.0,80.0,51.02040816326531,47.0,70.0,-26.57976422953074,-65.97131265210028
