,Test_accuracy,correct_buys,correct_sells,correct_holds,correct_low_buys,correct_high_sells,correct_mid_holds,Profit gained,buy_n_hold profit
0,0.35348838567733765,5.833333333333333,15.384615384615385,94.20289855072464,43.333333333333336,57.69230769230769,88.23529411764706,-71.19096756185127,-78.23835547143774
1,0.35348838567733765,9.183673469387756,6.818181818181818,87.67123287671232,47.95918367346939,54.54545454545455,80.55555555555556,-63.49713227736963,-24.562919643857924
2,0.35211268067359924,6.481481481481482,8.823529411764707,91.54929577464789,48.148148148148145,61.76470588235294,85.71428571428571,-55.444814700179826,-84.28988749503957
3,0.456620991230011,7.5,10.526315789473685,89.10891089108911,48.10126582278481,65.78947368421052,84.15841584158416,89.72453120553712,-31.90034799175503
4,0.47488585114479065,9.523809523809524,13.513513513513514,92.85714285714286,53.01204819277108,62.16216216216216,85.71428571428571,3.23356788505059,-32.50977018523099
