,Test_accuracy,correct_buys,correct_sells,correct_holds,correct_low_buys,correct_high_sells,correct_mid_holds,Profit gained,buy_n_hold profit
0,0.2788461446762085,9.23076923076923,7.368421052631579,93.75,55.38461538461539,50.526315789473685,82.97872340425532,390.7011425555808,678.7940878989605
1,0.2211538404226303,8.333333333333334,5.454545454545454,92.10526315789474,63.333333333333336,53.211009174311926,86.84210526315789,93.08867963758476,468.5733088396159
2,0.2009132355451584,6.097560975609756,8.737864077669903,88.23529411764706,55.55555555555556,45.63106796116505,82.3529411764706,165.02204833860247,255.73168172693892
3,0.2054794579744339,8.860759493670885,7.4766355140186915,90.9090909090909,58.97435897435897,49.532710280373834,87.87878787878788,-46.65754684682491,-65.97131265210028
