,Test_accuracy,correct_buys,correct_sells,correct_holds,correct_low_buys,correct_high_sells,correct_mid_holds,Profit gained,buy_n_hold profit
0,0.2604651153087616,6.666666666666667,8.641975308641975,97.72727272727273,48.888888888888886,55.0,95.45454545454545,-83.40555214884282,-78.23835547143774
1,0.2279069721698761,8.333333333333334,7.608695652173913,89.74358974358974,50.0,58.24175824175824,84.61538461538461,2.2973670184069164,-24.562919643857924
2,0.2910798192024231,7.954545454545454,8.108108108108109,96.07843137254902,47.72727272727273,60.273972602739725,88.23529411764706,-88.4361327384747,-84.28988749503957
3,0.2831050157546997,9.411764705882353,12.359550561797754,95.55555555555556,55.95238095238095,58.42696629213483,88.88888888888889,-28.18480167988105,-31.90034799175503
4,0.21461187303066254,12.820512820512821,7.407407407407407,87.87878787878788,61.03896103896104,55.55555555555556,84.84848484848484,11.096605486948832,-32.50977018523099
