,Test_accuracy,correct_buys,correct_sells,correct_holds,correct_low_buys,correct_high_sells,correct_mid_holds,Profit gained,buy_n_hold profit
0,0.24186046421527863,6.25,9.523809523809524,97.5,44.642857142857146,57.142857142857146,84.61538461538461,-81.4985889296143,-78.23835547143774
1,0.19069766998291016,7.563025210084033,10.447761194029852,86.20689655172414,48.739495798319325,56.06060606060606,82.75862068965517,-60.196140404827645,-24.562919643857924
2,0.28169015049934387,7.079646017699115,11.764705882352942,93.87755102040816,47.78761061946903,49.01960784313726,81.25,-84.0710184857779,-84.28988749503957
3,0.2511415481567383,8.49056603773585,10.294117647058824,86.66666666666667,48.57142857142857,57.35294117647059,82.22222222222223,-1.6132442141829275,-31.90034799175503
4,0.24657534062862396,11.34020618556701,8.333333333333334,94.73684210526316,58.333333333333336,58.333333333333336,86.84210526315789,141.02843174984446,-32.50977018523099
