,Test_accuracy,correct_buys,correct_sells,correct_holds,correct_low_buys,correct_high_sells,correct_mid_holds,Profit gained,buy_n_hold profit
0,0.2279069721698761,6.1946902654867255,9.23076923076923,97.29729729729729,45.13274336283186,58.46153846153846,83.33333333333333,-82.29374188371057,-78.23835547143774
1,0.15813954174518585,7.317073170731708,8.695652173913043,82.6086956521739,47.96747967479675,54.411764705882355,78.26086956521739,-57.826514937988016,-24.562919643857924
2,0.2863849699497223,7.207207207207207,13.20754716981132,93.87755102040816,48.648648648648646,56.60377358490566,79.16666666666667,-85.80821416727655,-84.28988749503957
3,0.24200913310050964,7.547169811320755,10.144927536231885,86.36363636363636,48.57142857142857,55.072463768115945,81.81818181818181,-20.582801549879818,-31.90034799175503
4,0.2283104956150055,11.11111111111111,8.13953488372093,94.11764705882354,58.16326530612245,56.97674418604651,88.23529411764706,148.37642214919015,-32.50977018523099
