,Test_accuracy,correct_buys,correct_sells,correct_holds,correct_low_buys,correct_high_sells,correct_mid_holds,Profit gained,buy_n_hold profit
0,0.20000000298023224,5.714285714285714,7.894736842105263,91.17647058823529,47.61904761904762,54.666666666666664,85.29411764705883,-86.58190340665847,-78.23835547143774
1,0.1627907007932663,9.375,7.142857142857143,90.47619047619048,52.083333333333336,55.670103092783506,85.71428571428571,-13.421282713307164,-24.562919643857924
2,0.22065727412700653,6.542056074766355,8.571428571428571,94.44444444444444,45.794392523364486,58.57142857142857,85.71428571428571,-89.30469946802154,-84.28988749503957
3,0.18721461296081543,8.910891089108912,10.638297872340425,91.66666666666667,54.0,55.319148936170215,83.33333333333333,-38.366934147175705,-31.90034799175503
4,0.1780821979045868,12.222222222222221,8.333333333333334,90.47619047619048,56.17977528089887,56.48148148148148,85.71428571428571,91.71560831924788,-32.50977018523099
