,Test_accuracy,correct_buys,correct_sells,correct_holds,correct_low_buys,correct_high_sells,correct_mid_holds,Profit gained,buy_n_hold profit
0,0.13488371670246124,6.25,7.0588235294117645,88.88888888888889,47.32142857142857,54.76190476190476,88.88888888888889,-71.84545173128433,-78.23835547143774
1,0.12558139860630035,8.181818181818182,9.473684210526315,90.0,51.81818181818182,53.191489361702125,90.0,4.2707378664673,-24.562919643857924
2,0.13615024089813232,6.60377358490566,7.6923076923076925,93.75,42.45283018867924,50.0,81.25,-25.194550680268808,-84.28988749503957
3,0.1278538852930069,8.24742268041237,9.821428571428571,90.0,45.833333333333336,48.214285714285715,90.0,92.0619541006198,-31.90034799175503
4,0.16894976794719696,10.869565217391305,8.333333333333334,94.73684210526316,50.54945054945055,54.629629629629626,89.47368421052632,-5.892671214957801,-32.50977018523099
