,Test_accuracy,correct_buys,correct_sells,correct_holds,correct_low_buys,correct_high_sells,correct_mid_holds,Profit gained,buy_n_hold profit
0,0.24651162326335907,7.526881720430108,8.536585365853659,97.5,46.236559139784944,55.55555555555556,95.0,-61.253201550977955,-78.23835547143774
1,0.21395349502563477,7.317073170731708,9.090909090909092,91.17647058823529,53.65853658536585,55.10204081632653,88.23529411764706,-21.029861860587303,-24.562919643857924
2,0.23943662643432617,7.594936708860759,7.446808510638298,95.0,45.56962025316456,52.68817204301075,85.0,-87.54827355207632,-84.28988749503957
3,0.2557077705860138,11.594202898550725,9.821428571428571,97.36842105263158,49.27536231884058,49.107142857142854,86.48648648648648,22.962357004992057,-31.90034799175503
4,0.21917808055877686,7.6923076923076925,7.894736842105263,85.0,53.125,56.14035087719298,80.0,2164.208086279997,-32.50977018523099
