,Test_accuracy,correct_buys,correct_sells,correct_holds,correct_low_buys,correct_high_sells,correct_mid_holds,Profit gained,buy_n_hold profit
0,0.3581395447254181,8.235294117647058,9.67741935483871,94.11764705882354,47.05882352941177,59.67741935483871,86.56716417910448,-81.67377898349633,-78.23835547143774
1,0.302325576543808,8.75,11.11111111111111,90.74074074074075,52.5,59.25925925925926,86.79245283018868,-37.843222470326474,-24.562919643857924
2,0.3755868673324585,10.126582278481013,8.064516129032258,93.05555555555556,53.164556962025316,59.01639344262295,86.11111111111111,-79.78152573918301,-84.28988749503957
3,0.4018264710903168,9.67741935483871,10.38961038961039,92.5,54.83870967741935,57.142857142857146,84.81012658227849,-79.46861482132455,-31.90034799175503
4,0.4018264710903168,11.475409836065573,8.0,90.36144578313252,56.666666666666664,61.333333333333336,84.33734939759036,148.83450657282324,-32.50977018523099
