,Test_accuracy,correct_buys,correct_sells,correct_holds,correct_low_buys,correct_high_sells,correct_mid_holds,Profit gained,buy_n_hold profit
0,0.3125,12.068965517241379,7.368421052631579,92.72727272727273,53.44827586206897,53.68421052631579,85.18518518518519,313.17211222151724,678.7940878989605
1,0.25,8.620689655172415,5.660377358490566,93.18181818181819,58.62068965517241,56.60377358490566,90.69767441860465,79.57042827995403,468.5733088396159
2,0.2876712381839752,6.756756756756757,8.88888888888889,90.9090909090909,50.68493150684932,44.44444444444444,83.63636363636364,221.19950311635796,255.73168172693892
3,0.19178082048892975,9.89010989010989,7.8431372549019605,96.15384615384616,54.44444444444444,49.01960784313726,96.15384615384616,134.5671193097804,-65.97131265210028
