,Test_accuracy,correct_buys,correct_sells,correct_holds,correct_low_buys,correct_high_sells,correct_mid_holds,Profit gained,buy_n_hold profit
0,0.2211538404226303,9.67741935483871,7.142857142857143,94.11764705882354,56.45161290322581,50.450450450450454,88.23529411764706,180.83539514533993,678.7940878989605
1,0.2163461595773697,8.474576271186441,6.140350877192983,94.28571428571429,59.32203389830509,51.32743362831859,80.0,214.58740192040705,468.5733088396159
2,0.2785388231277466,5.797101449275362,10.1010101010101,92.15686274509804,60.294117647058826,51.515151515151516,82.3529411764706,186.33966300334424,255.73168172693892
3,0.2511415481567383,9.58904109589041,8.49056603773585,97.5,58.333333333333336,50.943396226415096,90.0,33.924798530684285,-65.97131265210028
