,Test_accuracy,correct_buys,correct_sells,correct_holds,correct_low_buys,correct_high_sells,correct_mid_holds,Profit gained,buy_n_hold profit
0,0.11162790656089783,5.0359712230215825,8.064516129032258,85.71428571428571,43.47826086956522,58.064516129032256,64.28571428571429,-76.46078252389785,-78.23835547143774
1,0.16744185984134674,7.142857142857143,12.857142857142858,94.73684210526316,49.20634920634921,59.42028985507246,94.73684210526316,-13.531712237638189,-24.562919643857924
2,0.10798121988773346,6.015037593984962,9.722222222222221,100.0,46.61654135338346,59.15492957746479,100.0,-61.6612395034428,-84.28988749503957
3,0.15981735289096832,7.751937984496124,13.333333333333334,100.0,49.21875,58.666666666666664,86.66666666666667,320.6456146566672,-31.90034799175503
4,0.15981735289096832,8.620689655172415,9.411764705882353,94.44444444444444,51.30434782608695,61.1764705882353,83.33333333333333,6.276778616720321,-32.50977018523099
