,Test_accuracy,correct_buys,correct_sells,correct_holds,correct_low_buys,correct_high_sells,correct_mid_holds,Profit gained,buy_n_hold profit
0,0.2930232584476471,6.796116504854369,9.67741935483871,100.0,45.63106796116505,63.9344262295082,92.0,-68.0098554330254,-78.23835547143774
1,0.2837209403514862,7.920792079207921,8.474576271186441,87.27272727272727,57.42574257425743,57.6271186440678,83.33333333333333,-51.462113774772,-24.562919643857924
2,0.22535210847854614,5.607476635514018,7.6923076923076925,90.2439024390244,43.925233644859816,53.125,82.92682926829268,-70.68470963053694,-84.28988749503957
3,0.3652968108654022,8.695652173913043,13.559322033898304,94.11764705882354,43.47826086956522,56.89655172413793,85.29411764705883,-17.83980107126831,-31.90034799175503
4,0.3607305884361267,8.0,7.575757575757576,87.17948717948718,55.4054054054054,57.57575757575758,80.76923076923077,237.9466884855779,-32.50977018523099
