,Test_accuracy,correct_buys,correct_sells,correct_holds,correct_low_buys,correct_high_sells,correct_mid_holds,Profit gained,buy_n_hold profit
0,0.33173078298568726,10.714285714285714,7.608695652173913,93.33333333333333,61.81818181818182,54.34782608695652,86.66666666666667,248.56352908770108,678.7940878989605
1,0.30288460850715637,6.557377049180328,3.5714285714285716,88.88888888888889,60.65573770491803,58.333333333333336,87.09677419354838,-40.111055240139706,468.5733088396159
2,0.3652968108654022,4.225352112676056,9.859154929577464,90.9090909090909,53.521126760563384,46.478873239436616,82.89473684210526,392.26271270274066,255.73168172693892
3,0.37899544835090637,6.756756756756757,10.294117647058824,92.20779220779221,54.054054054054056,55.88235294117647,84.21052631578948,83.66071032313522,-65.97131265210028
