,Test_accuracy,correct_buys,correct_sells,correct_holds,correct_low_buys,correct_high_sells,correct_mid_holds,Profit gained,buy_n_hold profit
0,0.23076923191547394,10.76923076923077,6.60377358490566,91.89189189189189,55.38461538461539,47.61904761904762,81.08108108108108,176.58847687964249,678.7940878989605
1,0.18269230425357819,6.25,5.357142857142857,87.5,59.375,53.153153153153156,87.5,94.17599916430129,468.5733088396159
2,0.2511415481567383,5.128205128205129,11.224489795918368,93.02325581395348,50.64935064935065,50.0,81.3953488372093,89.34419249487433,255.73168172693892
3,0.27397260069847107,11.688311688311689,7.216494845360825,97.77777777777777,57.89473684210526,48.45360824742268,93.33333333333333,-18.645396908930564,-65.97131265210028
