,Test_accuracy,correct_buys,correct_sells,correct_holds,correct_low_buys,correct_high_sells,correct_mid_holds,Profit gained,buy_n_hold profit
0,0.4139534831047058,7.070707070707071,11.764705882352942,95.1219512195122,44.44444444444444,55.88235294117647,90.12345679012346,-76.69797023247459,-78.23835547143774
1,0.4046511650085449,8.13953488372093,11.363636363636363,88.23529411764706,51.16279069767442,54.54545454545455,82.14285714285714,15.005866175945656,-24.562919643857924
2,0.4131455421447754,8.571428571428571,10.714285714285714,95.0,45.714285714285715,64.28571428571429,87.34177215189874,-62.86843344830157,-84.28988749503957
3,0.4931506812572479,4.411764705882353,15.0,89.1891891891892,44.776119402985074,65.0,81.08108108108108,4.289411023932445,-31.90034799175503
4,0.5296803712844849,10.144927536231885,13.157894736842104,92.85714285714286,57.971014492753625,65.78947368421052,87.38738738738739,113.474878275674,-32.50977018523099
