,Test_accuracy,correct_buys,correct_sells,correct_holds,correct_low_buys,correct_high_sells,correct_mid_holds,Profit gained,buy_n_hold profit
0,0.18269230425357819,11.267605633802816,7.079646017699115,91.66666666666667,55.714285714285715,53.097345132743364,70.83333333333333,212.22660675078956,678.7940878989605
1,0.125,6.818181818181818,3.9215686274509802,88.88888888888889,55.172413793103445,56.86274509803921,83.33333333333333,111.8753331789326,468.5733088396159
2,0.16894976794719696,4.504504504504505,7.792207792207792,83.87096774193549,51.81818181818182,45.45454545454545,77.41935483870968,247.12382493340294,255.73168172693892
3,0.18721461296081543,7.6923076923076925,9.090909090909092,92.5925925925926,52.42718446601942,53.40909090909091,81.48148148148148,129.27668075173457,-65.97131265210028
