,Test_accuracy,correct_buys,correct_sells,correct_holds,correct_low_buys,correct_high_sells,correct_mid_holds,Profit gained,buy_n_hold profit
0,0.24519230425357819,11.764705882352942,7.6923076923076925,90.0,54.90196078431372,48.717948717948715,79.48717948717949,218.80261573448217,678.7940878989605
1,0.14423076808452606,8.219178082191782,4.385964912280702,90.47619047619048,58.9041095890411,53.50877192982456,85.0,25.477906880121154,468.5733088396159
2,0.21004566550254822,5.376344086021505,8.045977011494253,87.17948717948718,54.34782608695652,47.12643678160919,82.05128205128206,444.5605360854952,255.73168172693892
3,0.21004566550254822,7.228915662650603,7.142857142857143,86.84210526315789,54.8780487804878,48.97959183673469,71.05263157894737,-60.37305557221882,-65.97131265210028
