,Test_accuracy,correct_buys,correct_sells,correct_holds,correct_low_buys,correct_high_sells,correct_mid_holds,Profit gained,buy_n_hold profit
0,0.25961539149284363,10.9375,6.930693069306931,93.02325581395348,54.6875,52.475247524752476,83.33333333333333,188.01215945393915,678.7940878989605
1,0.20673076808452606,7.8125,5.504587155963303,91.42857142857143,57.8125,55.04587155963303,91.17647058823529,93.47483330707817,468.5733088396159
2,0.26484018564224243,6.024096385542169,10.227272727272727,91.66666666666667,52.4390243902439,47.72727272727273,83.33333333333333,299.8462625177742,255.73168172693892
3,0.21461187303066254,8.791208791208792,8.421052631578947,93.93939393939394,53.333333333333336,51.578947368421055,84.84848484848484,190.00969075602825,-65.97131265210028
