,Test_accuracy,correct_buys,correct_sells,correct_holds,correct_low_buys,correct_high_sells,correct_mid_holds,Profit gained,buy_n_hold profit
0,0.29326921701431274,10.169491525423728,7.216494845360825,92.3076923076923,54.23728813559322,51.54639175257732,78.43137254901961,178.9759831853446,678.7940878989605
1,0.23557692766189575,8.771929824561404,6.25,94.87179487179488,59.64912280701754,57.142857142857146,92.10526315789474,57.97744455006754,468.5733088396159
2,0.2876712381839752,6.4935064935064934,9.195402298850574,90.9090909090909,51.31578947368421,45.97701149425287,83.63636363636364,201.6370678155297,255.73168172693892
3,0.2054794579744339,8.88888888888889,8.16326530612245,93.54838709677419,52.80898876404494,50.0,90.3225806451613,50.4445392224463,-65.97131265210028
