,Test_accuracy,correct_buys,correct_sells,correct_holds,correct_low_buys,correct_high_sells,correct_mid_holds,Profit gained,buy_n_hold profit
0,0.29767441749572754,7.446808510638298,8.695652173913043,98.07692307692308,50.0,59.42028985507246,90.19607843137256,-44.75480699804168,-78.23835547143774
1,0.302325576543808,10.0,10.975609756097562,90.56603773584905,53.75,60.49382716049383,83.01886792452831,18.361623518236556,-24.562919643857924
2,0.35211268067359924,8.75,10.144927536231885,95.3125,48.75,60.294117647058826,87.5,-76.59811951118931,-84.28988749503957
3,0.29680365324020386,10.126582278481013,11.235955056179776,92.15686274509804,50.63291139240506,53.93258426966292,84.0,-4.234858062951432,-31.90034799175503
4,0.3333333432674408,13.513513513513514,10.112359550561798,96.42857142857143,60.273972602739725,60.674157303370784,91.07142857142857,16.165382761744155,-32.50977018523099
