,Test_accuracy,correct_buys,correct_sells,correct_holds,correct_low_buys,correct_high_sells,correct_mid_holds,Profit gained,buy_n_hold profit
0,0.10697674751281738,5.343511450381679,8.219178082191782,90.9090909090909,45.80152671755725,56.94444444444444,81.81818181818181,-84.53178249972532,-78.23835547143774
1,0.14418604969978333,8.130081300813009,10.256410256410257,92.85714285714286,50.40650406504065,57.142857142857146,92.85714285714286,-48.472188185323546,-24.562919643857924
2,0.15023474395275116,6.086956521739131,8.860759493670885,94.73684210526316,48.69565217391305,55.12820512820513,84.21052631578948,-63.75626774772031,-84.28988749503957
3,0.155251145362854,7.5,11.904761904761905,100.0,46.21848739495798,53.57142857142857,93.33333333333333,0.06996230076492793,-31.90034799175503
4,0.15981735289096832,9.345794392523365,7.6923076923076925,85.71428571428571,52.83018867924528,54.94505494505494,80.95238095238095,-56.6317962168237,-32.50977018523099
