,Test_accuracy,correct_buys,correct_sells,correct_holds,correct_low_buys,correct_high_sells,correct_mid_holds,Profit gained,buy_n_hold profit
0,0.2884615361690521,11.290322580645162,7.216494845360825,93.87755102040816,60.65573770491803,53.608247422680414,85.71428571428571,225.48422237437893,678.7940878989605
1,0.19711539149284363,8.0,3.125,86.48648648648648,57.333333333333336,54.166666666666664,86.11111111111111,24.868701380715237,468.5733088396159
2,0.31506848335266113,5.813953488372093,10.81081081081081,94.91525423728814,54.651162790697676,45.945945945945944,89.65517241379311,354.72889733465746,255.73168172693892
3,0.31963470578193665,6.097560975609756,9.58904109589041,90.625,55.55555555555556,53.42465753424658,81.25,58.175475812651165,-65.97131265210028
