,Test_accuracy,correct_buys,correct_sells,correct_holds,correct_low_buys,correct_high_sells,correct_mid_holds,Profit gained,buy_n_hold profit
0,0.29326921701431274,11.320754716981131,6.0606060606060606,87.5,56.60377358490566,55.10204081632653,76.78571428571429,313.4018009386857,678.7940878989605
1,0.22596153616905212,7.6923076923076925,4.901960784313726,90.2439024390244,58.46153846153846,55.88235294117647,87.5,-2.3031496886437424,468.5733088396159
2,0.2785388231277466,5.747126436781609,8.974358974358974,90.74074074074075,55.81395348837209,44.87179487179487,87.03703703703704,347.824184298397,255.73168172693892
3,0.31506848335266113,7.042253521126761,9.30232558139535,90.3225806451613,52.857142857142854,53.48837209302326,75.80645161290323,-41.28685194432868,-65.97131265210028
