,Test_accuracy,correct_buys,correct_sells,correct_holds,correct_low_buys,correct_high_sells,correct_mid_holds,Profit gained,buy_n_hold profit
0,0.32093024253845215,8.333333333333334,10.9375,98.18181818181819,55.208333333333336,59.375,96.29629629629629,-62.73866720052843,-78.23835547143774
1,0.1953488439321518,8.421052631578947,8.98876404494382,83.87096774193549,54.73684210526316,56.17977528089887,80.0,-69.16317067192887,-24.562919643857924
2,0.2863849699497223,7.446808510638298,10.294117647058824,92.15686274509804,46.808510638297875,55.223880597014926,82.3529411764706,-82.71725120193491,-84.28988749503957
3,0.29223743081092834,5.747126436781609,10.81081081081081,87.93103448275862,47.12643678160919,60.810810810810814,80.70175438596492,-36.87091824950888,-31.90034799175503
4,0.26484018564224243,11.627906976744185,8.695652173913043,97.5609756097561,55.294117647058826,56.52173913043478,90.2439024390244,54.98688124088952,-32.50977018523099
