,Test_accuracy,correct_buys,correct_sells,correct_holds,correct_low_buys,correct_high_sells,correct_mid_holds,Profit gained,buy_n_hold profit
0,0.29326921701431274,11.666666666666666,7.216494845360825,92.15686274509804,53.333333333333336,51.54639175257732,82.0,232.80307189248526,678.7940878989605
1,0.24519230425357819,8.928571428571429,5.504587155963303,93.02325581395348,57.142857142857146,56.88073394495413,90.47619047619048,62.28533190360886,468.5733088396159
2,0.29223743081092834,6.4935064935064934,9.30232558139535,91.07142857142857,51.31578947368421,46.51162790697674,82.14285714285714,181.179402088127,255.73168172693892
3,0.19634702801704407,9.782608695652174,8.0,96.29629629629629,53.84615384615385,50.0,96.29629629629629,74.07361612543207,-65.97131265210028
