,Test_accuracy,correct_buys,correct_sells,correct_holds,correct_low_buys,correct_high_sells,correct_mid_holds,Profit gained,buy_n_hold profit
0,0.28837209939956665,5.825242718446602,8.333333333333334,98.07692307692308,44.66019417475728,55.932203389830505,94.23076923076923,-65.19035365039512,-78.23835547143774
1,0.2604651153087616,8.080808080808081,8.823529411764707,87.5,48.484848484848484,58.208955223880594,83.33333333333333,-62.336045372811064,-24.562919643857924
2,0.34741783142089844,8.0,12.244897959183673,93.75,48.0,52.083333333333336,82.8125,-81.3612350701402,-84.28988749503957
3,0.3333333432674408,7.777777777777778,12.307692307692308,90.625,47.77777777777778,57.8125,84.375,39.383763025471865,-31.90034799175503
4,0.29223743081092834,11.956521739130435,9.876543209876543,97.82608695652173,54.34782608695652,59.25925925925926,93.33333333333333,25.066194072235458,-32.50977018523099
