,Test_accuracy,correct_buys,correct_sells,correct_holds,correct_low_buys,correct_high_sells,correct_mid_holds,Profit gained,buy_n_hold profit
0,0.24651162326335907,5.982905982905983,10.526315789473685,97.5609756097561,46.15384615384615,61.40350877192982,85.0,-83.55414065371883,-78.23835547143774
1,0.20000000298023224,8.130081300813009,11.11111111111111,89.65517241379311,50.40650406504065,58.064516129032256,86.20689655172414,-64.93452711687782,-24.562919643857924
2,0.2957746386528015,7.079646017699115,14.285714285714286,94.11764705882354,49.557522123893804,51.02040816326531,82.0,-84.60971297079898,-84.28988749503957
3,0.2602739632129669,7.6923076923076925,11.764705882352942,87.23404255319149,49.51456310679612,60.294117647058826,80.85106382978724,-7.96096021844636,-31.90034799175503
4,0.2831050157546997,11.34020618556701,10.256410256410257,97.72727272727273,57.291666666666664,62.82051282051282,90.9090909090909,107.11833386261256,-32.50977018523099
