,Test_accuracy,correct_buys,correct_sells,correct_holds,correct_low_buys,correct_high_sells,correct_mid_holds,Profit gained,buy_n_hold profit
0,0.23076923191547394,9.090909090909092,5.882352941176471,90.0,50.0,49.01960784313726,76.92307692307692,288.2412373745346,678.7940878989605
1,0.2163461595773697,6.25,6.666666666666667,89.47368421052632,56.25,53.333333333333336,81.08108108108108,127.8538331175579,468.5733088396159
2,0.2785388231277466,5.208333333333333,11.267605633802816,92.3076923076923,49.473684210526315,52.11267605633803,84.61538461538461,220.6464079353495,255.73168172693892
3,0.26484018564224243,7.777777777777778,7.5,91.83673469387755,51.68539325842696,47.5,83.6734693877551,-67.47838151286757,-65.97131265210028
