,Test_accuracy,correct_buys,correct_sells,correct_holds,correct_low_buys,correct_high_sells,correct_mid_holds,Profit gained,buy_n_hold profit
0,0.29326921701431274,12.0,8.256880733944953,93.87755102040816,60.0,55.04587155963303,83.33333333333333,136.8099594035104,678.7940878989605
1,0.25,7.8125,5.154639175257732,89.36170212765957,57.8125,55.670103092783506,86.95652173913044,-18.71133596493513,468.5733088396159
2,0.3561643958091736,6.410256410256411,10.0,92.95774647887323,53.84615384615385,42.857142857142854,84.28571428571429,132.36527933014344,255.73168172693892
3,0.31963470578193665,8.333333333333334,9.195402298850574,93.33333333333333,53.521126760563384,52.87356321839081,86.66666666666667,802.7556813917165,-65.97131265210028
