,Test_accuracy,correct_buys,correct_sells,correct_holds,correct_low_buys,correct_high_sells,correct_mid_holds,Profit gained,buy_n_hold profit
0,0.27906978130340576,6.666666666666667,11.11111111111111,97.87234042553192,48.57142857142857,62.903225806451616,97.87234042553192,-69.04695379094382,-78.23835547143774
1,0.2279069721698761,9.090909090909092,8.860759493670885,89.1891891891892,53.535353535353536,60.256410256410255,81.08108108108108,-23.6695206580234,-24.562919643857924
2,0.34741783142089844,7.0,10.869565217391305,92.53731343283582,45.0,60.0,86.56716417910448,-43.646714234034896,-84.28988749503957
3,0.2876712381839752,8.88888888888889,12.345679012345679,93.75,43.82022471910113,58.02469135802469,87.5,-11.88709717303081,-31.90034799175503
4,0.26940637826919556,12.941176470588236,6.818181818181818,91.30434782608695,61.904761904761905,57.95454545454545,84.78260869565217,9.506321196902448,-32.50977018523099
