,Test_accuracy,correct_buys,correct_sells,correct_holds,correct_low_buys,correct_high_sells,correct_mid_holds,Profit gained,buy_n_hold profit
0,0.16346153616905212,10.76923076923077,7.317073170731708,90.0,53.84615384615385,48.36065573770492,80.0,160.27925456552214,678.7940878989605
1,0.16826923191547394,7.575757575757576,5.982905982905983,92.0,54.54545454545455,52.136752136752136,91.66666666666667,4.3566662392685345,468.5733088396159
2,0.24200913310050964,6.024096385542169,10.526315789473685,92.6829268292683,52.4390243902439,48.421052631578945,80.48780487804878,76.89547393545382,255.73168172693892
3,0.19634702801704407,8.333333333333334,6.796116504854369,90.625,55.42168674698795,49.51456310679612,81.25,-79.58052601432527,-65.97131265210028
