,Test_accuracy,correct_buys,correct_sells,correct_holds,correct_low_buys,correct_high_sells,correct_mid_holds,Profit gained,buy_n_hold profit
0,0.25,15.217391304347826,7.2,97.29729729729729,60.0,50.4,86.48648648648648,166.95830162536896,678.7940878989605
1,0.21153846383094788,5.970149253731344,5.769230769230769,91.89189189189189,56.71641791044776,54.80769230769231,91.66666666666667,60.276359534812855,468.5733088396159
2,0.31506848335266113,5.47945205479452,8.433734939759036,92.06349206349206,56.16438356164384,46.98795180722892,79.03225806451613,253.76042764591,255.73168172693892
3,0.32420089840888977,9.523809523809524,7.526881720430108,92.06349206349206,61.29032258064516,51.61290322580645,82.53968253968254,710.3876981859681,-65.97131265210028
