,Test_accuracy,correct_buys,correct_sells,correct_holds,correct_low_buys,correct_high_sells,correct_mid_holds,Profit gained,buy_n_hold profit
0,0.19711539149284363,9.090909090909092,7.826086956521739,96.29629629629629,53.03030303030303,50.87719298245614,85.18518518518519,253.17453507945987,678.7940878989605
1,0.20673076808452606,8.19672131147541,6.140350877192983,93.93939393939394,57.377049180327866,52.21238938053097,78.78787878787878,146.67845181309323,468.5733088396159
2,0.24657534062862396,6.666666666666667,9.803921568627452,92.85714285714286,58.108108108108105,51.96078431372549,83.33333333333333,123.19790871563173,255.73168172693892
3,0.2054794579744339,9.210526315789474,7.964601769911504,96.66666666666667,56.0,50.442477876106196,86.66666666666667,4.446533719771793,-65.97131265210028
