,Test_accuracy,correct_buys,correct_sells,correct_holds,correct_low_buys,correct_high_sells,correct_mid_holds,Profit gained,buy_n_hold profit
0,0.24651162326335907,5.319148936170213,8.974358974358974,95.34883720930233,43.61702127659574,57.142857142857146,90.69767441860465,-80.96116618528232,-78.23835547143774
1,0.23720930516719818,6.329113924050633,9.375,92.5,55.69620253164557,56.8421052631579,90.0,8.124797567604304,-24.562919643857924
2,0.22065727412700653,7.407407407407407,7.216494845360825,97.14285714285714,48.148148148148145,48.958333333333336,82.85714285714286,-96.37113490598381,-84.28988749503957
3,0.29680365324020386,9.375,10.576923076923077,94.11764705882354,48.4375,51.45631067961165,84.31372549019608,46.45233002389432,-31.90034799175503
4,0.2054794579744339,7.352941176470588,7.142857142857143,82.05128205128206,52.23880597014925,52.67857142857143,76.92307692307692,687.8242665448993,-32.50977018523099
