,Test_accuracy,correct_buys,correct_sells,correct_holds,correct_low_buys,correct_high_sells,correct_mid_holds,Profit gained,buy_n_hold profit
0,0.34418603777885437,7.954545454545454,9.67741935483871,93.84615384615384,48.86363636363637,61.29032258064516,85.9375,-76.476513812167,-78.23835547143774
1,0.2930232584476471,8.536585365853659,11.11111111111111,90.38461538461539,52.4390243902439,60.49382716049383,84.31372549019608,-27.97373556204083,-24.562919643857924
2,0.36150234937667847,9.876543209876543,9.23076923076923,94.02985074626865,50.617283950617285,57.8125,86.56716417910448,-80.27607721506264,-84.28988749503957
3,0.388127863407135,8.19672131147541,12.195121951219512,92.10526315789474,50.81967213114754,57.31707317073171,84.0,-64.13373003364731,-31.90034799175503
4,0.4063926935195923,14.516129032258064,8.860759493670885,93.58974358974359,62.295081967213115,59.49367088607595,85.8974358974359,163.86640936486356,-32.50977018523099
