,Test_accuracy,correct_buys,correct_sells,correct_holds,correct_low_buys,correct_high_sells,correct_mid_holds,Profit gained,buy_n_hold profit
0,0.2837209403514862,5.0,8.064516129032258,96.22641509433963,45.0,57.377049180327866,90.56603773584905,-33.90197062027684,-78.23835547143774
1,0.2511627972126007,8.737864077669903,10.0,90.47619047619048,50.48543689320388,54.285714285714285,82.92682926829268,-58.735933769242834,-24.562919643857924
2,0.35680750012397766,8.080808080808081,15.384615384615385,96.7741935483871,49.494949494949495,55.76923076923077,86.88524590163935,-60.73175085165213,-84.28988749503957
3,0.31506848335266113,8.421052631578947,9.67741935483871,88.70967741935483,47.87234042553192,59.67741935483871,85.48387096774194,23.690372931585273,-31.90034799175503
4,0.2602739632129669,11.363636363636363,9.89010989010989,95.0,54.02298850574713,60.43956043956044,90.0,85.47950229484883,-32.50977018523099
