,Test_accuracy,correct_buys,correct_sells,correct_holds,correct_low_buys,correct_high_sells,correct_mid_holds,Profit gained,buy_n_hold profit
0,0.26442307233810425,12.280701754385966,8.256880733944953,92.85714285714286,56.14035087719298,51.37614678899082,80.48780487804878,250.0347014536501,678.7940878989605
1,0.18269230425357819,8.571428571428571,4.62962962962963,90.0,60.0,56.48148148148148,86.20689655172414,111.09822919608582,468.5733088396159
2,0.26940637826919556,5.747126436781609,10.588235294117647,95.74468085106383,53.48837209302326,49.411764705882355,87.23404255319149,301.4076232301253,255.73168172693892
3,0.21004566550254822,7.6923076923076925,7.619047619047619,88.88888888888889,58.44155844155844,46.666666666666664,83.33333333333333,96.44578075259082,-65.97131265210028
