,Test_accuracy,correct_buys,correct_sells,correct_holds,correct_low_buys,correct_high_sells,correct_mid_holds,Profit gained,buy_n_hold profit
0,0.17788460850715637,11.290322580645162,7.258064516129032,95.45454545454545,56.45161290322581,47.15447154471545,90.9090909090909,184.39905055217184,678.7940878989605
1,0.17788460850715637,7.8125,6.0344827586206895,89.28571428571429,59.375,53.04347826086956,89.28571428571429,63.161890363709404,468.5733088396159
2,0.22374428808689117,6.25,9.803921568627452,91.89189189189189,51.89873417721519,45.09803921568628,78.37837837837837,55.83437536536422,255.73168172693892
3,0.24657534062862396,10.666666666666666,6.796116504854369,95.1219512195122,55.4054054054054,46.601941747572816,87.8048780487805,-85.70581625464317,-65.97131265210028
