,Test_accuracy,correct_buys,correct_sells,correct_holds,correct_low_buys,correct_high_sells,correct_mid_holds,Profit gained,buy_n_hold profit
0,0.26923078298568726,9.523809523809524,7.142857142857143,91.48936170212765,53.96825396825397,51.02040816326531,80.43478260869566,409.434178574993,678.7940878989605
1,0.21153846383094788,8.474576271186441,4.464285714285714,91.89189189189189,62.71186440677966,52.252252252252255,83.78378378378379,61.9388766174504,468.5733088396159
2,0.21461187303066254,5.194805194805195,9.433962264150944,91.66666666666667,55.26315789473684,47.16981132075472,80.55555555555556,146.49731642447105,255.73168172693892
3,0.21004566550254822,10.0,7.4766355140186915,93.75,59.49367088607595,49.532710280373834,90.625,-63.16329412907753,-65.97131265210028
