,Test_accuracy,correct_buys,correct_sells,correct_holds,correct_low_buys,correct_high_sells,correct_mid_holds,Profit gained,buy_n_hold profit
0,0.21395349502563477,5.607476635514018,8.219178082191782,97.14285714285714,40.18691588785047,58.333333333333336,88.57142857142857,-89.75990325830237,-78.23835547143774
1,0.26511627435684204,6.122448979591836,11.764705882352942,87.75510204081633,56.12244897959184,68.65671641791045,83.6734693877551,-23.63770776021323,-24.562919643857924
2,0.18309858441352844,7.619047619047619,8.433734939759036,96.0,44.76190476190476,50.0,84.0,-72.50001600908519,-84.28988749503957
3,0.21461187303066254,8.333333333333334,10.112359550561798,88.23529411764706,48.958333333333336,52.80898876404494,78.78787878787878,244.11195030699503,-31.90034799175503
4,0.232876718044281,9.195402298850574,8.602150537634408,89.74358974358974,53.48837209302326,51.61290322580645,79.48717948717949,-43.54142642193587,-32.50977018523099
