,Test_accuracy,correct_buys,correct_sells,correct_holds,correct_low_buys,correct_high_sells,correct_mid_holds,Profit gained,buy_n_hold profit
0,0.21153846383094788,11.764705882352942,7.2727272727272725,93.33333333333333,54.411764705882355,50.0,86.20689655172414,227.4004498532317,678.7940878989605
1,0.2211538404226303,8.695652173913043,4.854368932038835,97.22222222222223,57.971014492753625,53.398058252427184,94.28571428571429,172.8818307984248,468.5733088396159
2,0.27397260069847107,6.410256410256411,10.75268817204301,93.75,51.94805194805195,48.38709677419355,79.16666666666667,64.6345169580232,255.73168172693892
3,0.18721461296081543,7.142857142857143,7.777777777777778,87.09677419354838,50.51546391752577,51.111111111111114,77.41935483870968,103.48851252189233,-65.97131265210028
