,Test_accuracy,correct_buys,correct_sells,correct_holds,correct_low_buys,correct_high_sells,correct_mid_holds,Profit gained,buy_n_hold profit
0,0.2930232584476471,7.216494845360825,10.144927536231885,100.0,49.48453608247423,57.971014492753625,91.66666666666667,-69.56639663116779,-78.23835547143774
1,0.25581395626068115,8.333333333333334,10.465116279069768,86.66666666666667,58.333333333333336,60.0,80.0,1.5571850908606706,-24.562919643857924
2,0.31455397605895996,7.6923076923076925,8.0,91.66666666666667,48.717948717948715,58.108108108108105,81.66666666666667,-77.78575033982156,-84.28988749503957
3,0.2602739632129669,10.714285714285714,9.782608695652174,90.69767441860465,53.57142857142857,55.43478260869565,80.95238095238095,-72.04561612742843,-31.90034799175503
4,0.2785388231277466,12.195121951219512,9.67741935483871,95.45454545454545,58.02469135802469,56.98924731182796,88.63636363636364,-45.83877576250212,-32.50977018523099
