,Test_accuracy,correct_buys,correct_sells,correct_holds,correct_low_buys,correct_high_sells,correct_mid_holds,Profit gained,buy_n_hold profit
0,0.24651162326335907,5.607476635514018,9.23076923076923,95.34883720930233,42.99065420560748,57.8125,83.72093023255815,-88.55291697033712,-78.23835547143774
1,0.29767441749572754,6.25,12.903225806451612,87.71929824561404,56.25,70.49180327868852,85.96491228070175,-3.1540131055481453,-24.562919643857924
2,0.20187793672084808,7.766990291262136,7.594936708860759,93.54838709677419,46.601941747572816,51.282051282051285,83.87096774193549,-73.60160017013669,-84.28988749503957
3,0.23744292557239532,8.421052631578947,10.465116279069768,92.10526315789474,49.473684210526315,54.651162790697676,83.78378378378379,257.28594883016484,-31.90034799175503
4,0.232876718044281,9.090909090909092,8.791208791208792,87.5,55.172413793103445,52.747252747252745,75.0,-36.89114517016802,-32.50977018523099
