,Test_accuracy,correct_buys,correct_sells,correct_holds,correct_low_buys,correct_high_sells,correct_mid_holds,Profit gained,buy_n_hold profit
0,0.20465116202831268,6.60377358490566,10.0,100.0,46.22641509433962,56.962025316455694,96.55172413793103,-83.43090877975199,-78.23835547143774
1,0.19069766998291016,6.666666666666667,9.375,89.65517241379311,53.333333333333336,56.8421052631579,86.20689655172414,-30.7099181036333,-24.562919643857924
2,0.18309858441352844,6.521739130434782,7.526881720430108,92.85714285714286,44.56521739130435,52.17391304347826,82.14285714285714,-75.02329483310702,-84.28988749503957
3,0.2511415481567383,10.0,10.784313725490197,97.29729729729729,47.5,51.96078431372549,83.33333333333333,-43.23593768775914,-31.90034799175503
4,0.21461187303066254,9.859154929577464,7.207207207207207,86.48648648648648,54.285714285714285,54.95495495495496,81.08108108108108,216.2616475443972,-32.50977018523099
