,Test_accuracy,correct_buys,correct_sells,correct_holds,correct_low_buys,correct_high_sells,correct_mid_holds,Profit gained,buy_n_hold profit
0,0.10576923191547394,8.256880733944953,6.521739130434782,100.0,46.2962962962963,51.08695652173913,85.71428571428571,461.56783540511015,678.7940878989605
1,0.048076923936605453,5.384615384615385,2.5974025974025974,100.0,42.63565891472868,45.45454545454545,100.0,-41.300320208848014,468.5733088396159
2,0.10958904027938843,4.697986577181208,13.114754098360656,100.0,48.648648648648646,55.73770491803279,100.0,613.7184663719207,255.73168172693892
3,0.08675798773765564,5.369127516778524,7.936507936507937,85.71428571428571,48.648648648648646,47.61904761904762,85.71428571428571,275.79267833008566,-65.97131265210028
