,Test_accuracy,correct_buys,correct_sells,correct_holds,correct_low_buys,correct_high_sells,correct_mid_holds,Profit gained,buy_n_hold profit
0,0.40930232405662537,6.25,11.11111111111111,93.97590361445783,41.666666666666664,52.77777777777778,87.8048780487805,-86.8710721660154,-78.23835547143774
1,0.3906976878643036,10.465116279069768,8.16326530612245,88.75,50.0,55.10204081632653,82.27848101265823,7.131693241808562,-24.562919643857924
2,0.4178403615951538,8.421052631578947,9.090909090909092,91.76470588235294,46.31578947368421,54.54545454545455,83.33333333333333,-61.62805271977918,-84.28988749503957
3,0.4885844886302948,8.823529411764707,9.30232558139535,89.81481481481481,49.25373134328358,60.46511627906977,84.25925925925925,222.14697125909672,-31.90034799175503
4,0.5068492889404297,10.0,10.0,91.74311926605505,60.869565217391305,65.0,86.23853211009174,52.95234559110688,-32.50977018523099
