,Test_accuracy,correct_buys,correct_sells,correct_holds,correct_low_buys,correct_high_sells,correct_mid_holds,Profit gained,buy_n_hold profit
0,0.20192307233810425,14.814814814814815,5.6,93.10344827586206,57.407407407407405,47.2,71.42857142857143,108.88279523376107,678.7940878989605
1,0.14423076808452606,7.142857142857143,5.128205128205129,90.47619047619048,58.57142857142857,53.84615384615385,90.0,70.38391409175105,468.5733088396159
2,0.23744292557239532,5.063291139240507,9.183673469387756,92.85714285714286,53.164556962025316,44.89795918367347,80.48780487804878,380.1157494556996,255.73168172693892
3,0.22374428808689117,9.333333333333334,7.547169811320755,89.47368421052632,55.4054054054054,50.0,81.57894736842105,-47.15939322880294,-65.97131265210028
