,Test_accuracy,correct_buys,correct_sells,correct_holds,correct_low_buys,correct_high_sells,correct_mid_holds,Profit gained,buy_n_hold profit
0,0.2511627972126007,6.1946902654867255,10.0,97.61904761904762,46.902654867256636,60.0,85.36585365853658,-73.70599841996935,-78.23835547143774
1,0.20930232107639313,7.317073170731708,11.864406779661017,87.87878787878788,49.59349593495935,55.932203389830505,84.375,-63.19960114038744,-24.562919643857924
2,0.30516430735588074,7.017543859649122,15.217391304347826,94.33962264150944,48.24561403508772,52.17391304347826,82.6923076923077,-83.7384882473228,-84.28988749503957
3,0.2831050157546997,6.862745098039215,14.925373134328359,90.0,48.51485148514851,64.17910447761194,86.0,-6.268984965932489,-31.90034799175503
4,0.27397260069847107,10.679611650485437,10.81081081081081,97.61904761904762,56.86274509803921,62.16216216216216,92.85714285714286,79.60517234759703,-32.50977018523099
