,Test_accuracy,correct_buys,correct_sells,correct_holds,correct_low_buys,correct_high_sells,correct_mid_holds,Profit gained,buy_n_hold profit
0,0.1860465109348297,6.930693069306931,6.024096385542169,90.3225806451613,47.524752475247524,57.31707317073171,80.64516129032258,-86.64513824598615,-78.23835547143774
1,0.15813954174518585,6.122448979591836,8.695652173913043,80.0,52.04081632653061,56.043956043956044,72.0,-59.40832112517944,-24.562919643857924
2,0.17840375006198883,7.291666666666667,7.608695652173913,96.0,46.875,52.747252747252745,88.0,-88.82873194991225,-84.28988749503957
3,0.2831050157546997,10.126582278481013,11.578947368421053,95.55555555555556,51.89873417721519,53.68421052631579,86.36363636363636,-11.24040677055261,-31.90034799175503
4,0.2009132355451584,11.25,8.108108108108109,92.85714285714286,56.962025316455694,55.85585585585586,92.85714285714286,-5.822593129489249,-32.50977018523099
