,Test_accuracy,correct_buys,correct_sells,correct_holds,correct_low_buys,correct_high_sells,correct_mid_holds,Profit gained,buy_n_hold profit
0,0.0625,5.521472392638037,6.818181818181818,100.0,42.592592592592595,43.18181818181818,100.0,544.8465407523953,678.7940878989605
1,0.03846153989434242,3.9548022598870056,3.225806451612903,0.0,44.31818181818182,48.38709677419355,0.0,284.6191141376336,468.5733088396159
2,0.06392694264650345,3.6649214659685865,16.0,100.0,45.78947368421053,60.0,100.0,308.7220467454038,255.73168172693892
3,0.05936073139309883,5.376344086021505,9.090909090909092,0.0,47.027027027027025,54.54545454545455,0.0,-72.05941348395173,-65.97131265210028
