,Test_accuracy,correct_buys,correct_sells,correct_holds,correct_low_buys,correct_high_sells,correct_mid_holds,Profit gained,buy_n_hold profit
0,0.25581395626068115,6.730769230769231,7.575757575757576,95.55555555555556,47.11538461538461,56.06060606060606,88.63636363636364,-77.78693833745648,-78.23835547143774
1,0.23255814611911774,7.766990291262136,10.0,83.33333333333333,54.36893203883495,57.142857142857146,78.04878048780488,-62.32564968597377,-24.562919643857924
2,0.2957746386528015,8.51063829787234,7.6923076923076925,92.5925925925926,50.0,56.92307692307692,84.90566037735849,-87.2653656522252,-84.28988749503957
3,0.26940637826919556,8.695652173913043,8.0,86.53846153846153,51.08695652173913,50.666666666666664,80.3921568627451,-21.815747191997588,-31.90034799175503
4,0.24657534062862396,12.087912087912088,6.818181818181818,92.5,55.55555555555556,57.95454545454545,87.5,-73.25039245808406,-32.50977018523099
