,Test_accuracy,correct_buys,correct_sells,correct_holds,correct_low_buys,correct_high_sells,correct_mid_holds,Profit gained,buy_n_hold profit
0,0.22596153616905212,8.823529411764707,7.619047619047619,94.28571428571429,54.411764705882355,48.57142857142857,85.29411764705883,205.725836654246,678.7940878989605
1,0.2163461595773697,9.090909090909092,5.932203389830509,94.28571428571429,63.63636363636363,53.84615384615385,88.57142857142857,142.6076208058916,468.5733088396159
2,0.19178082048892975,6.024096385542169,8.653846153846153,87.5,53.65853658536585,44.23076923076923,81.25,73.51833240343015,255.73168172693892
3,0.2009132355451584,10.0,7.339449541284404,93.33333333333333,59.49367088607595,48.62385321100918,90.0,138.2019690105866,-65.97131265210028
