,Test_accuracy,correct_buys,correct_sells,correct_holds,correct_low_buys,correct_high_sells,correct_mid_holds,Profit gained,buy_n_hold profit
0,0.3069767355918884,5.747126436781609,7.352941176470588,93.33333333333333,43.67816091954023,56.71641791044776,88.33333333333333,-81.98768411104066,-78.23835547143774
1,0.31162789463996887,6.666666666666667,9.876543209876543,91.52542372881356,58.666666666666664,60.0,89.83050847457628,-34.1349866642023,-24.562919643857924
2,0.3004694879055023,10.126582278481013,8.333333333333334,98.0,48.10126582278481,50.602409638554214,86.0,-84.80304197835225,-84.28988749503957
3,0.3607305884361267,9.23076923076923,12.359550561797754,95.38461538461539,47.69230769230769,56.17977528089887,85.9375,-56.52059410562733,-31.90034799175503
4,0.2602739632129669,4.6875,8.080808080808081,82.14285714285714,50.79365079365079,54.54545454545455,78.57142857142857,213.66424328388968,-32.50977018523099
