,Test_accuracy,correct_buys,correct_sells,correct_holds,correct_low_buys,correct_high_sells,correct_mid_holds,Profit gained,buy_n_hold profit
0,0.125,8.0,6.25,92.85714285714286,52.0,45.45454545454545,85.71428571428571,17.398422366688052,678.7940878989605
1,0.14423076808452606,4.651162790697675,5.633802816901408,86.95652173913044,60.46511627906977,48.93617021276596,82.6086956521739,66.14229016399707,468.5733088396159
2,0.15068493783473969,6.557377049180328,7.352941176470588,86.36363636363636,51.666666666666664,42.64705882352941,86.36363636363636,39.71885796889734,255.73168172693892
3,0.155251145362854,6.557377049180328,5.303030303030303,88.46153846153847,46.666666666666664,46.21212121212121,80.76923076923077,-85.78837767323873,-65.97131265210028
