,Test_accuracy,correct_buys,correct_sells,correct_holds,correct_low_buys,correct_high_sells,correct_mid_holds,Profit gained,buy_n_hold profit
0,0.2279069721698761,4.672897196261682,7.8125,88.63636363636364,44.85981308411215,53.96825396825397,84.0909090909091,-56.11813939600627,-78.23835547143774
1,0.2837209403514862,4.705882352941177,10.81081081081081,87.5,54.11764705882353,60.273972602739725,83.92857142857143,-10.9954555759996,-24.562919643857924
2,0.22535210847854614,6.930693069306931,8.974358974358974,100.0,44.554455445544555,48.05194805194805,85.29411764705883,-72.48819024302662,-84.28988749503957
3,0.24200913310050964,8.88888888888889,10.989010989010989,92.10526315789474,51.111111111111114,56.043956043956044,81.08108108108108,762.4741445595749,-31.90034799175503
4,0.24657534062862396,9.63855421686747,8.602150537634408,88.37209302325581,52.4390243902439,52.68817204301075,79.06976744186046,41.77658883678964,-32.50977018523099
