,Test_accuracy,correct_buys,correct_sells,correct_holds,correct_low_buys,correct_high_sells,correct_mid_holds,Profit gained,buy_n_hold profit
0,0.3509615361690521,10.526315789473685,6.862745098039215,91.17647058823529,55.26315789473684,50.98039215686274,86.56716417910448,149.64156824017823,678.7940878989605
1,0.3173076808452606,9.75609756097561,6.481481481481482,93.22033898305085,56.09756097560975,53.7037037037037,84.48275862068965,113.91094753398828,468.5733088396159
2,0.34246575832366943,5.797101449275362,10.714285714285714,93.93939393939394,47.05882352941177,45.23809523809524,84.84848484848484,236.51018827873605,255.73168172693892
3,0.29680365324020386,10.76923076923077,7.070707070707071,92.72727272727273,54.6875,50.505050505050505,85.45454545454545,-73.9502084306716,-65.97131265210028
