,Test_accuracy,correct_buys,correct_sells,correct_holds,correct_low_buys,correct_high_sells,correct_mid_holds,Profit gained,buy_n_hold profit
0,0.1875,11.267605633802816,7.142857142857143,92.0,54.929577464788736,53.153153153153156,88.0,652.5222361243626,678.7940878989605
1,0.14423076808452606,7.228915662650603,5.714285714285714,90.0,55.42168674698795,50.0,80.0,58.32645009950513,468.5733088396159
2,0.21004566550254822,5.217391304347826,10.294117647058824,91.66666666666667,50.0,55.88235294117647,86.11111111111111,801.3273145884359,255.73168172693892
3,0.18721461296081543,6.862745098039215,7.954545454545454,93.10344827586206,53.46534653465346,52.27272727272727,86.20689655172414,152.49541017947945,-65.97131265210028
