,Test_accuracy,correct_buys,correct_sells,correct_holds,correct_low_buys,correct_high_sells,correct_mid_holds,Profit gained,buy_n_hold profit
0,0.18269230425357819,10.204081632653061,6.7669172932330826,92.3076923076923,53.06122448979592,47.72727272727273,88.46153846153847,192.23181777674296,678.7940878989605
1,0.17788460850715637,9.803921568627452,5.384615384615385,92.5925925925926,60.78431372549019,49.6124031007752,77.77777777777777,17.35337695072967,468.5733088396159
2,0.232876718044281,7.6923076923076925,7.207207207207207,88.37209302325581,54.6875,45.04504504504504,81.3953488372093,393.02583127800034,255.73168172693892
3,0.2557077705860138,10.344827586206897,7.627118644067797,95.34883720930233,56.14035087719298,48.30508474576271,86.04651162790698,-6.3599543532234435,-65.97131265210028
