,Test_accuracy,correct_buys,correct_sells,correct_holds,correct_low_buys,correct_high_sells,correct_mid_holds,Profit gained,buy_n_hold profit
0,0.11538461595773697,12.5,6.569343065693431,100.0,57.142857142857146,48.90510948905109,85.71428571428571,273.4413296733756,678.7940878989605
1,0.09134615212678909,7.6923076923076925,4.918032786885246,87.5,57.69230769230769,53.71900826446281,87.5,54.79690236861692,468.5733088396159
2,0.12328767031431198,4.8076923076923075,8.080808080808081,87.5,51.45631067961165,45.45454545454545,81.25,45.47198959836342,255.73168172693892
3,0.14155250787734985,6.896551724137931,6.25,90.0,51.16279069767442,45.535714285714285,90.0,-5.372449783136176,-65.97131265210028
