,Test_accuracy,correct_buys,correct_sells,correct_holds,correct_low_buys,correct_high_sells,correct_mid_holds,Profit gained,buy_n_hold profit
0,0.29767441749572754,4.545454545454546,6.153846153846154,90.3225806451613,47.72727272727273,56.25,82.25806451612904,-85.53282264337943,-78.23835547143774
1,0.2511627972126007,5.4945054945054945,9.333333333333334,85.71428571428571,51.64835164835165,55.4054054054054,81.63265306122449,-67.84488516977083,-24.562919643857924
2,0.24413146078586578,7.777777777777778,7.407407407407407,92.85714285714286,48.888888888888886,51.25,85.71428571428571,-64.92329938679347,-84.28988749503957
3,0.29680365324020386,8.860759493670885,11.494252873563218,90.56603773584905,48.10126582278481,51.16279069767442,81.13207547169812,-7.822842909198044,-31.90034799175503
4,0.3059360682964325,9.722222222222221,9.89010989010989,91.07142857142857,56.94444444444444,57.142857142857146,85.45454545454545,161.36759028522926,-32.50977018523099
