,Test_accuracy,correct_buys,correct_sells,correct_holds,correct_low_buys,correct_high_sells,correct_mid_holds,Profit gained,buy_n_hold profit
0,0.39534884691238403,6.1946902654867255,13.043478260869565,94.9367088607595,42.47787610619469,65.21739130434783,89.74358974358974,-30.733134150130955,-78.23835547143774
1,0.47441861033439636,7.407407407407407,6.896551724137931,89.52380952380952,40.74074074074074,55.172413793103445,84.61538461538461,215.89743340116127,-24.562919643857924
2,0.3755868673324585,5.3097345132743365,5.2631578947368425,90.12345679012346,42.857142857142854,52.63157894736842,81.48148148148148,-78.1103493492505,-84.28988749503957
3,0.543379008769989,5.555555555555555,13.043478260869565,90.3225806451613,38.888888888888886,60.869565217391305,82.11382113821138,105.62140604806301,-31.90034799175503
4,0.5707762837409973,6.410256410256411,11.11111111111111,90.15151515151516,50.0,44.44444444444444,82.44274809160305,-19.470654599332818,-32.50977018523099
