,Test_accuracy,correct_buys,correct_sells,correct_holds,correct_low_buys,correct_high_sells,correct_mid_holds,Profit gained,buy_n_hold profit
0,0.10096153616905212,11.940298507462687,5.925925925925926,83.33333333333333,53.73134328358209,50.0,50.0,282.6507024656343,678.7940878989605
1,0.09134615212678909,7.894736842105263,4.838709677419355,87.5,57.89473684210526,54.47154471544715,87.5,80.96028627291943,468.5733088396159
2,0.13242009282112122,5.660377358490566,9.090909090909092,100.0,52.38095238095238,47.474747474747474,92.85714285714286,344.6713968100143,255.73168172693892
3,0.11415524780750275,6.741573033707865,6.0344827586206895,85.71428571428571,52.27272727272727,45.689655172413794,85.71428571428571,84.83626210075735,-65.97131265210028
