,Test_accuracy,correct_buys,correct_sells,correct_holds,correct_low_buys,correct_high_sells,correct_mid_holds,Profit gained,buy_n_hold profit
0,0.10232558101415634,5.785123966942149,9.195402298850574,100.0,46.28099173553719,56.97674418604651,100.0,-86.44932664447553,-78.23835547143774
1,0.11162790656089783,8.474576271186441,9.782608695652174,100.0,52.54237288135593,56.043956043956044,80.0,-47.424716778683845,-24.562919643857924
2,0.09859155118465424,6.086956521739131,7.777777777777778,87.5,46.95652173913044,53.93258426966292,50.0,-65.11060290873715,-84.28988749503957
3,0.14611871540546417,8.571428571428571,10.0,92.85714285714286,50.0,53.0,85.71428571428571,15.327541757536805,-31.90034799175503
4,0.11415524780750275,9.433962264150944,8.411214953271028,100.0,50.476190476190474,56.074766355140184,100.0,-59.42517298635565,-32.50977018523099
