,Test_accuracy,correct_buys,correct_sells,correct_holds,correct_low_buys,correct_high_sells,correct_mid_holds,Profit gained,buy_n_hold profit
0,0.1538461595773697,11.627906976744185,6.164383561643835,94.73684210526316,51.16279069767442,46.89655172413793,89.47368421052632,89.9170306959868,678.7940878989605
1,0.14903846383094788,6.521739130434782,5.072463768115942,87.5,60.869565217391305,48.90510948905109,79.16666666666667,83.89084407752125,468.5733088396159
2,0.16894976794719696,7.2727272727272725,7.246376811594203,88.46153846153847,50.90909090909091,44.52554744525548,84.61538461538461,79.32903753320815,255.73168172693892
3,0.18721461296081543,9.090909090909092,5.970149253731344,93.33333333333333,51.851851851851855,46.26865671641791,83.33333333333333,-92.53088301916299,-65.97131265210028
