,Test_accuracy,correct_buys,correct_sells,correct_holds,correct_low_buys,correct_high_sells,correct_mid_holds,Profit gained,buy_n_hold profit
0,0.3413461446762085,10.638297872340425,7.291666666666667,90.76923076923077,57.4468085106383,46.31578947368421,81.53846153846153,177.7178584450425,678.7940878989605
1,0.23557692766189575,7.352941176470588,4.2105263157894735,88.88888888888889,55.223880597014926,56.8421052631579,84.44444444444444,59.26413284205873,468.5733088396159
2,0.34703195095062256,4.166666666666667,10.666666666666666,90.27777777777777,50.70422535211268,49.333333333333336,84.72222222222223,564.4736054755011,255.73168172693892
3,0.29223743081092834,8.333333333333334,7.6923076923076925,89.47368421052632,53.01204819277108,53.84615384615385,80.70175438596492,91.74699195042407,-65.97131265210028
