,Test_accuracy,correct_buys,correct_sells,correct_holds,correct_low_buys,correct_high_sells,correct_mid_holds,Profit gained,buy_n_hold profit
0,0.2604651153087616,4.958677685950414,9.090909090909092,92.0,43.80165289256198,58.13953488372093,84.0,-96.27068841103593,-78.23835547143774
1,0.2930232584476471,6.666666666666667,11.320754716981131,87.71929824561404,54.285714285714285,63.46153846153846,85.96491228070175,-44.555877197414596,-24.562919643857924
2,0.23474177718162537,6.779661016949152,10.344827586206897,97.29729729729729,44.91525423728814,56.14035087719298,83.78378378378379,-82.07595847000252,-84.28988749503957
3,0.24657534062862396,8.695652173913043,10.9375,92.5,48.69565217391305,57.8125,84.61538461538461,-2.0813414969165365,-31.90034799175503
4,0.31506848335266113,9.473684210526315,11.940298507462687,91.2280701754386,54.255319148936174,58.208955223880594,82.45614035087719,66.17926591931368,-32.50977018523099
