,Test_accuracy,correct_buys,correct_sells,correct_holds,correct_low_buys,correct_high_sells,correct_mid_holds,Profit gained,buy_n_hold profit
0,0.2836538553237915,11.594202898550725,7.608695652173913,93.61702127659575,56.52173913043478,54.34782608695652,89.1304347826087,365.7517079056212,678.7940878989605
1,0.23076923191547394,8.0,6.315789473684211,94.73684210526316,57.333333333333336,60.0,94.5945945945946,135.0138227864853,468.5733088396159
2,0.2876712381839752,4.301075268817204,12.32876712328767,94.33962264150944,53.26086956521739,49.31506849315068,88.67924528301887,368.94051916416225,255.73168172693892
3,0.24200913310050964,7.0588235294117645,6.896551724137931,87.23404255319149,55.95238095238095,50.57471264367816,78.72340425531915,332.41321687681665,-65.97131265210028
