,Test_accuracy,correct_buys,correct_sells,correct_holds,correct_low_buys,correct_high_sells,correct_mid_holds,Profit gained,buy_n_hold profit
0,0.20000000298023224,6.086956521739131,7.575757575757576,91.17647058823529,45.21739130434783,61.53846153846154,82.3529411764706,-82.39322051291508,-78.23835547143774
1,0.2186046540737152,6.542056074766355,12.162162162162161,91.17647058823529,55.14018691588785,60.273972602739725,88.23529411764706,-27.021112608493862,-24.562919643857924
2,0.16431924700737,6.896551724137931,10.256410256410257,100.0,46.55172413793103,54.54545454545455,84.21052631578948,-64.02726188055624,-84.28988749503957
3,0.2283104956150055,9.433962264150944,13.25301204819277,96.66666666666667,51.886792452830186,61.44578313253012,86.20689655172414,404.8922932776966,-31.90034799175503
4,0.21004566550254822,9.574468085106384,8.602150537634408,90.625,54.83870967741935,55.913978494623656,84.375,8.372233054980114,-32.50977018523099
