,Test_accuracy,correct_buys,correct_sells,correct_holds,correct_low_buys,correct_high_sells,correct_mid_holds,Profit gained,buy_n_hold profit
0,0.20930232107639313,5.825242718446602,7.894736842105263,91.66666666666667,48.54368932038835,52.0,91.66666666666667,-86.82540035923762,-78.23835547143774
1,0.17209301888942719,9.278350515463918,7.446808510638298,87.5,50.51546391752577,56.98924731182796,83.33333333333333,21.74952481129982,-24.562919643857924
2,0.2535211145877838,6.0606060606060606,8.695652173913043,93.33333333333333,44.44444444444444,57.971014492753625,84.0909090909091,-90.03360085256033,-84.28988749503957
3,0.19634702801704407,9.803921568627452,10.869565217391305,92.0,54.45544554455446,57.608695652173914,84.0,0.4669377076700272,-31.90034799175503
4,0.17351597547531128,12.359550561797754,8.181818181818182,90.0,55.68181818181818,55.45454545454545,85.0,3.6287387608117854,-32.50977018523099
