,Test_accuracy,correct_buys,correct_sells,correct_holds,correct_low_buys,correct_high_sells,correct_mid_holds,Profit gained,buy_n_hold profit
0,0.35348838567733765,9.210526315789474,9.333333333333334,96.875,47.36842105263158,51.351351351351354,89.0625,-75.05222722050877,-78.23835547143774
1,0.24651162326335907,7.407407407407407,7.954545454545454,86.95652173913044,55.55555555555556,54.02298850574713,82.6086956521739,-32.73212610001542,-24.562919643857924
2,0.30516430735588074,8.641975308641975,10.126582278481013,94.33962264150944,49.382716049382715,60.256410256410255,84.90566037735849,-69.13954984661287,-84.28988749503957
3,0.29680365324020386,10.81081081081081,11.34020618556701,95.83333333333333,54.054054054054056,56.25,89.58333333333333,22.07308920696441,-31.90034799175503
4,0.23744292557239532,11.428571428571429,7.407407407407407,87.8048780487805,57.971014492753625,56.48148148148148,85.36585365853658,57.003566189067975,-32.50977018523099
