,Test_accuracy,correct_buys,correct_sells,correct_holds,correct_low_buys,correct_high_sells,correct_mid_holds,Profit gained,buy_n_hold profit
0,0.14903846383094788,10.526315789473685,7.6923076923076925,93.33333333333333,51.31578947368421,51.724137931034484,80.0,609.1661178341861,678.7940878989605
1,0.09615384787321091,7.6923076923076925,3.7735849056603774,81.81818181818181,52.747252747252745,51.42857142857143,81.81818181818181,152.58307016080897,468.5733088396159
2,0.10502283275127411,4.878048780487805,7.142857142857143,91.66666666666667,51.63934426229508,48.80952380952381,83.33333333333333,-85.50370157207064,255.73168172693892
3,0.09589041024446487,5.607476635514018,6.0,75.0,50.943396226415096,48.0,58.333333333333336,89.90672967877606,-65.97131265210028
