,Test_accuracy,correct_buys,correct_sells,correct_holds,correct_low_buys,correct_high_sells,correct_mid_holds,Profit gained,buy_n_hold profit
0,0.2279069721698761,5.2631578947368425,6.956521739130435,88.37209302325581,42.10526315789474,53.50877192982456,83.72093023255815,-93.75007716506762,-78.23835547143774
1,0.2279069721698761,6.451612903225806,7.964601769911504,90.0,53.225806451612904,50.0,90.0,-50.552531381455225,-24.562919643857924
2,0.24413146078586578,3.4482758620689653,6.666666666666667,86.0,36.206896551724135,48.07692307692308,78.0,-88.08968390962404,-84.28988749503957
3,0.2557077705860138,13.953488372093023,8.148148148148149,95.1219512195122,52.38095238095238,45.925925925925924,87.8048780487805,125.22555457139251,-31.90034799175503
4,0.21461187303066254,9.090909090909092,7.142857142857143,86.84210526315789,46.2962962962963,49.20634920634921,86.84210526315789,-54.60490066012693,-32.50977018523099
