,Test_accuracy,correct_buys,correct_sells,correct_holds,correct_low_buys,correct_high_sells,correct_mid_holds,Profit gained,buy_n_hold profit
0,0.1875,10.294117647058824,7.079646017699115,88.88888888888889,56.71641791044776,54.86725663716814,74.07407407407408,134.9516645936978,678.7940878989605
1,0.13942307233810425,7.228915662650603,4.716981132075472,94.73684210526316,55.42168674698795,54.716981132075475,94.44444444444444,60.457055818344905,468.5733088396159
2,0.2283104956150055,5.0,8.0,88.63636363636364,55.55555555555556,46.666666666666664,86.36363636363636,239.96104748253063,255.73168172693892
3,0.24200913310050964,7.446808510638298,9.523809523809524,92.6829268292683,56.98924731182796,55.95238095238095,80.48780487804878,41.844561765333026,-65.97131265210028
