,Test_accuracy,correct_buys,correct_sells,correct_holds,correct_low_buys,correct_high_sells,correct_mid_holds,Profit gained,buy_n_hold profit
0,0.0651162788271904,5.691056910569106,7.608695652173913,0.0,44.71544715447155,54.94505494505494,0.0,-92.8105691484789,-78.23835547143774
1,0.08837209641933441,8.19672131147541,8.695652173913043,100.0,51.63934426229508,52.747252747252745,100.0,-6.696366533579308,-24.562919643857924
2,0.07042253762483597,5.785123966942149,8.695652173913043,0.0,45.45454545454545,49.45054945054945,0.0,-36.13067939540935,-84.28988749503957
3,0.09132420271635056,8.571428571428571,9.649122807017545,0.0,48.07692307692308,49.12280701754386,0.0,468.29938784764573,-31.90034799175503
4,0.08675798773765564,9.00900900900901,8.333333333333334,0.0,48.18181818181818,55.55555555555556,0.0,-6.604599727128331,-32.50977018523099
