,Test_accuracy,correct_buys,correct_sells,correct_holds,correct_low_buys,correct_high_sells,correct_mid_holds,Profit gained,buy_n_hold profit
0,0.2604651153087616,6.666666666666667,10.606060606060606,95.45454545454545,49.523809523809526,61.53846153846154,95.45454545454545,-70.39602191463639,-78.23835547143774
1,0.24651162326335907,9.183673469387756,10.256410256410257,92.3076923076923,54.08163265306123,62.33766233766234,87.17948717948718,-7.793087227718843,-24.562919643857924
2,0.35211268067359924,8.080808080808081,10.416666666666666,93.93939393939394,48.484848484848484,61.702127659574465,86.36363636363636,-33.72421446907296,-84.28988749503957
3,0.31506848335266113,8.88888888888889,12.32876712328767,92.85714285714286,48.31460674157304,58.9041095890411,89.28571428571429,-16.98307986062325,-31.90034799175503
4,0.2511415481567383,11.764705882352942,6.666666666666667,88.63636363636364,60.714285714285715,60.0,81.81818181818181,145.981108894448,-32.50977018523099
