,Test_accuracy,correct_buys,correct_sells,correct_holds,correct_low_buys,correct_high_sells,correct_mid_holds,Profit gained,buy_n_hold profit
0,0.36279070377349854,9.090909090909092,9.67741935483871,98.46153846153847,52.27272727272727,59.01639344262295,89.23076923076923,-79.29174445145601,-78.23835547143774
1,0.2511627972126007,8.16326530612245,9.58904109589041,88.63636363636364,54.08163265306123,62.5,84.0909090909091,-38.803645003064815,-24.562919643857924
2,0.3380281627178192,9.090909090909092,9.523809523809524,93.54838709677419,53.40909090909091,66.12903225806451,90.3225806451613,-78.35476983624649,-84.28988749503957
3,0.3333333432674408,8.333333333333334,13.333333333333334,93.33333333333333,48.19277108433735,64.0,85.0,-21.229348008609122,-31.90034799175503
4,0.29223743081092834,10.714285714285714,8.536585365853659,90.56603773584905,55.42168674698795,59.75609756097561,86.79245283018868,139.6530542542403,-32.50977018523099
