,Test_accuracy,correct_buys,correct_sells,correct_holds,correct_low_buys,correct_high_sells,correct_mid_holds,Profit gained,buy_n_hold profit
0,0.3798076808452606,9.75609756097561,7.526881720430108,91.89189189189189,63.41463414634146,48.38709677419355,86.3013698630137,362.9553011805832,678.7940878989605
1,0.3173076808452606,9.090909090909092,7.4766355140186915,94.73684210526316,59.09090909090909,57.00934579439252,85.71428571428571,148.74876731346203,468.5733088396159
2,0.31963470578193665,4.761904761904762,9.782608695652174,90.625,50.0,47.82608695652174,81.25,19.573897885331206,255.73168172693892
3,0.32420089840888977,8.771929824561404,7.142857142857143,92.1875,51.785714285714285,50.0,84.375,-33.406880514165124,-65.97131265210028
