,Test_accuracy,correct_buys,correct_sells,correct_holds,correct_low_buys,correct_high_sells,correct_mid_holds,Profit gained,buy_n_hold profit
0,0.38461539149284363,9.523809523809524,7.6923076923076925,92.0,61.904761904761905,49.45054945054945,87.83783783783784,439.2434657302436,678.7940878989605
1,0.3509615361690521,11.363636363636363,7.766990291262136,98.36065573770492,59.09090909090909,56.310679611650485,91.66666666666667,65.89362522449358,468.5733088396159
2,0.3287671208381653,4.6875,10.989010989010989,92.1875,52.38095238095238,49.45054945054945,82.8125,58.96097468329074,255.73168172693892
3,0.32420089840888977,10.169491525423728,6.315789473684211,90.76923076923077,50.0,49.473684210526315,81.53846153846153,-82.59648263144237,-65.97131265210028
