,Test_accuracy,correct_buys,correct_sells,correct_holds,correct_low_buys,correct_high_sells,correct_mid_holds,Profit gained,buy_n_hold profit
0,0.33173078298568726,10.0,6.382978723404255,90.625,58.0,46.236559139784944,81.25,253.33594925087067,678.7940878989605
1,0.23076923191547394,7.352941176470588,4.166666666666667,88.63636363636364,55.223880597014926,57.291666666666664,84.0909090909091,59.26413284205873,468.5733088396159
2,0.3378995358943939,4.109589041095891,9.333333333333334,90.14084507042253,51.388888888888886,49.333333333333336,85.91549295774648,577.1655762897587,255.73168172693892
3,0.26484018564224243,7.865168539325842,7.594936708860759,88.23529411764706,56.81818181818182,55.69620253164557,78.43137254901961,91.6403819686424,-65.97131265210028
