,Test_accuracy,correct_buys,correct_sells,correct_holds,correct_low_buys,correct_high_sells,correct_mid_holds,Profit gained,buy_n_hold profit
0,0.1586538404226303,12.5,5.645161290322581,90.0,52.38095238095238,49.193548387096776,65.0,185.9583511703351,678.7940878989605
1,0.11538461595773697,7.6923076923076925,4.3478260869565215,86.66666666666667,58.97435897435897,55.26315789473684,86.66666666666667,52.90602716485922,468.5733088396159
2,0.19634702801704407,5.05050505050505,10.112359550561798,93.54838709677419,52.04081632653061,47.19101123595506,93.54838709677419,257.39167077812937,255.73168172693892
3,0.16894976794719696,7.216494845360825,6.382978723404255,85.71428571428571,51.041666666666664,48.93617021276596,78.57142857142857,74.16108392137903,-65.97131265210028
