,Test_accuracy,correct_buys,correct_sells,correct_holds,correct_low_buys,correct_high_sells,correct_mid_holds,Profit gained,buy_n_hold profit
0,0.1302325576543808,5.882352941176471,9.63855421686747,100.0,46.21848739495798,59.75609756097561,84.61538461538461,-85.1112413305999,-78.23835547143774
1,0.1302325576543808,6.730769230769231,9.278350515463918,85.71428571428571,51.92307692307692,56.25,78.57142857142857,-9.687502692027564,-24.562919643857924
2,0.11267605423927307,6.60377358490566,8.16326530612245,100.0,48.113207547169814,55.670103092783506,77.77777777777777,-77.72628730728641,-84.28988749503957
3,0.14155250787734985,8.653846153846153,10.576923076923077,100.0,51.92307692307692,54.80769230769231,100.0,-14.481702897286128,-31.90034799175503
4,0.155251145362854,10.465116279069768,7.017543859649122,89.47368421052632,55.294117647058826,52.63157894736842,78.94736842105263,189.89975367701095,-32.50977018523099
