,Test_accuracy,correct_buys,correct_sells,correct_holds,correct_low_buys,correct_high_sells,correct_mid_holds,Profit gained,buy_n_hold profit
0,0.3069767355918884,6.25,6.779661016949152,93.33333333333333,46.875,56.89655172413793,86.66666666666667,-20.940826521452777,-78.23835547143774
1,0.27441859245300293,8.0,10.606060606060606,89.79591836734694,52.0,51.515151515151516,83.33333333333333,-39.82429677352807,-24.562919643857924
2,0.38967135548591614,8.333333333333334,16.666666666666668,97.10144927536231,48.958333333333336,56.25,85.29411764705883,-80.39587675219141,-84.28988749503957
3,0.310502290725708,7.608695652173913,9.375,87.3015873015873,49.45054945054945,59.375,84.12698412698413,26.436711021145936,-31.90034799175503
4,0.2831050157546997,11.363636363636363,10.465116279069768,95.55555555555556,55.172413793103445,60.46511627906977,88.88888888888889,105.15951498524471,-32.50977018523099
