,Test_accuracy,correct_buys,correct_sells,correct_holds,correct_low_buys,correct_high_sells,correct_mid_holds,Profit gained,buy_n_hold profit
0,0.2788461446762085,10.0,7.142857142857143,90.0,55.0,52.04081632653061,79.59183673469387,101.4343661956608,678.7940878989605
1,0.23557692766189575,8.19672131147541,4.761904761904762,92.85714285714286,62.295081967213115,51.92307692307692,85.71428571428571,45.9938436150249,468.5733088396159
2,0.24657534062862396,5.47945205479452,9.70873786407767,93.02325581395348,52.77777777777778,45.63106796116505,81.3953488372093,43.255342442391225,255.73168172693892
3,0.22374428808689117,9.75609756097561,6.930693069306931,94.44444444444444,56.79012345679013,49.504950495049506,91.66666666666667,-27.788002241984643,-65.97131265210028
