,Test_accuracy,correct_buys,correct_sells,correct_holds,correct_low_buys,correct_high_sells,correct_mid_holds,Profit gained,buy_n_hold profit
0,0.2604651153087616,6.422018348623853,9.67741935483871,97.72727272727273,44.95412844036697,58.064516129032256,88.37209302325581,-81.0462500155003,-78.23835547143774
1,0.1953488439321518,7.6923076923076925,9.23076923076923,81.81818181818181,52.136752136752136,58.46153846153846,78.125,-56.14140282020252,-24.562919643857924
2,0.28169015049934387,7.017543859649122,13.72549019607843,93.75,46.49122807017544,56.86274509803921,82.97872340425532,-77.86783108020589,-84.28988749503957
3,0.3059360682964325,8.695652173913043,13.513513513513514,92.45283018867924,49.45054945054945,60.810810810810814,84.90566037735849,-0.8887630509907467,-31.90034799175503
4,0.2831050157546997,11.34020618556701,10.256410256410257,97.72727272727273,58.333333333333336,65.38461538461539,93.18181818181819,114.96064636501097,-32.50977018523099
