,Test_accuracy,correct_buys,correct_sells,correct_holds,correct_low_buys,correct_high_sells,correct_mid_holds,Profit gained,buy_n_hold profit
0,0.3069767355918884,8.16326530612245,10.9375,96.22641509433963,50.0,59.375,92.3076923076923,-44.62426114760026,-78.23835547143774
1,0.20930232107639313,7.368421052631579,9.411764705882353,85.71428571428571,53.68421052631579,57.64705882352941,85.29411764705883,-33.50853814280434,-24.562919643857924
2,0.2863849699497223,6.521739130434782,10.294117647058824,90.56603773584905,50.0,61.76470588235294,80.76923076923077,-85.255587904896,-84.28988749503957
3,0.21004566550254822,6.796116504854369,10.0,86.11111111111111,50.0,56.25,77.77777777777777,-39.19379546554201,-31.90034799175503
4,0.232876718044281,11.956521739130435,9.473684210526315,96.875,53.84615384615385,57.89473684210526,90.625,112.30957400745356,-32.50977018523099
