,Test_accuracy,correct_buys,correct_sells,correct_holds,correct_low_buys,correct_high_sells,correct_mid_holds,Profit gained,buy_n_hold profit
0,0.29767441749572754,7.216494845360825,10.606060606060606,96.15384615384616,48.45360824742268,59.09090909090909,92.15686274509804,-70.59724249756044,-78.23835547143774
1,0.21395349502563477,7.216494845360825,9.75609756097561,86.11111111111111,53.608247422680414,58.53658536585366,85.71428571428571,-47.95234624790302,-24.562919643857924
2,0.3004694879055023,6.593406593406593,9.375,89.65517241379311,47.252747252747255,57.8125,82.45614035087719,-86.14758684320233,-84.28988749503957
3,0.23744292557239532,7.0,9.210526315789474,88.37209302325581,52.525252525252526,57.89473684210526,81.3953488372093,-13.352197038983874,-31.90034799175503
4,0.22374428808689117,10.75268817204301,8.602150537634408,93.93939393939394,53.26086956521739,58.064516129032256,87.87878787878788,93.01021131632058,-32.50977018523099
