,Test_accuracy,correct_buys,correct_sells,correct_holds,correct_low_buys,correct_high_sells,correct_mid_holds,Profit gained,buy_n_hold profit
0,0.13488371670246124,5.737704918032787,9.090909090909092,93.75,47.540983606557376,57.89473684210526,81.25,-84.13938864816407,-78.23835547143774
1,0.1534883677959442,8.333333333333334,9.89010989010989,93.75,52.77777777777778,56.666666666666664,93.75,-6.574788582544229,-24.562919643857924
2,0.11737088859081268,5.982905982905983,8.235294117647058,100.0,47.00854700854701,54.76190476190476,81.81818181818181,-46.65099944857813,-84.28988749503957
3,0.11872146278619766,8.108108108108109,9.900990099009901,100.0,49.09090909090909,53.46534653465346,100.0,-24.17251641672317,-31.90034799175503
4,0.15981735289096832,10.204081632653061,8.571428571428571,100.0,52.577319587628864,56.19047619047619,87.5,-37.53519757141383,-32.50977018523099
