,Test_accuracy,correct_buys,correct_sells,correct_holds,correct_low_buys,correct_high_sells,correct_mid_holds,Profit gained,buy_n_hold profit
0,0.2211538404226303,8.823529411764707,6.666666666666667,94.28571428571429,48.529411764705884,48.57142857142857,82.3529411764706,112.65576650194444,678.7940878989605
1,0.25961539149284363,5.797101449275362,6.666666666666667,89.79591836734694,60.869565217391305,53.93258426966292,79.59183673469387,160.28043587594112,468.5733088396159
2,0.2283104956150055,4.672897196261682,12.32876712328767,92.3076923076923,50.0,50.68493150684932,84.61538461538461,248.51443988570256,255.73168172693892
3,0.2602739632129669,7.954545454545454,7.142857142857143,93.61702127659575,50.57471264367816,46.42857142857143,87.23404255319149,-65.50665418560152,-65.97131265210028
