,Test_accuracy,correct_buys,correct_sells,correct_holds,correct_low_buys,correct_high_sells,correct_mid_holds,Profit gained,buy_n_hold profit
0,0.24038460850715637,15.686274509803921,8.0,100.0,58.0,52.0,87.5,168.9340109753319,678.7940878989605
1,0.21153846383094788,7.142857142857143,5.825242718446602,94.28571428571429,57.142857142857146,53.398058252427184,94.11764705882354,79.16338571787148,468.5733088396159
2,0.3333333432674408,6.4935064935064934,8.0,92.53731343283582,56.578947368421055,45.333333333333336,80.59701492537313,228.87757059176135,255.73168172693892
3,0.29680365324020386,8.333333333333334,7.777777777777778,91.2280701754386,54.929577464788736,51.111111111111114,80.70175438596492,216.95543335689786,-65.97131265210028
