,Test_accuracy,correct_buys,correct_sells,correct_holds,correct_low_buys,correct_high_sells,correct_mid_holds,Profit gained,buy_n_hold profit
0,0.32692307233810425,10.638297872340425,7.920792079207921,91.66666666666667,55.319148936170215,50.0,81.66666666666667,172.7166050954238,678.7940878989605
1,0.21153846383094788,7.462686567164179,3.9603960396039604,87.5,56.06060606060606,53.46534653465346,82.5,38.7952548254986,468.5733088396159
2,0.310502290725708,4.054054054054054,9.876543209876543,89.0625,50.68493150684932,46.91358024691358,82.8125,512.3414772662558,255.73168172693892
3,0.27397260069847107,8.536585365853659,7.0588235294117645,90.38461538461539,54.32098765432099,55.294117647058826,80.76923076923077,118.11951882736187,-65.97131265210028
