,Test_accuracy,correct_buys,correct_sells,correct_holds,correct_low_buys,correct_high_sells,correct_mid_holds,Profit gained,buy_n_hold profit
0,0.3162790834903717,7.216494845360825,9.523809523809524,100.0,44.329896907216494,59.67741935483871,96.36363636363636,-76.48992220001541,-78.23835547143774
1,0.24651162326335907,7.216494845360825,8.333333333333334,86.95652173913044,49.48453608247423,57.74647887323944,82.6086956521739,-63.49160079786548,-24.562919643857924
2,0.3004694879055023,8.737864077669903,10.344827586206897,94.23076923076923,51.45631067961165,56.14035087719298,84.61538461538461,-69.55978955542574,-84.28988749503957
3,0.310502290725708,7.777777777777778,11.428571428571429,89.83050847457628,47.19101123595506,60.0,84.7457627118644,-9.16900245140478,-31.90034799175503
4,0.27397260069847107,11.363636363636363,8.235294117647058,93.47826086956522,56.81818181818182,60.0,91.11111111111111,60.945343357855705,-32.50977018523099
