,Test_accuracy,correct_buys,correct_sells,correct_holds,correct_low_buys,correct_high_sells,correct_mid_holds,Profit gained,buy_n_hold profit
0,0.19069766998291016,5.769230769230769,9.63855421686747,96.42857142857143,50.0,60.97560975609756,89.28571428571429,-82.49757764955918,-78.23835547143774
1,0.16744185984134674,6.185567010309279,9.67741935483871,84.0,52.577319587628864,58.69565217391305,84.0,-7.232977969816375,-24.562919643857924
2,0.15962441265583038,7.142857142857143,8.333333333333334,100.0,46.93877551020408,53.68421052631579,84.21052631578948,-70.03050934787484,-84.28988749503957
3,0.232876718044281,7.777777777777778,10.75268817204301,94.44444444444444,46.666666666666664,52.17391304347826,80.55555555555556,-19.867849715112115,-31.90034799175503
4,0.2054794579744339,10.526315789473685,7.2727272727272725,87.87878787878788,57.333333333333336,55.45454545454545,87.87878787878788,551.7410738797142,-32.50977018523099
