,Test_accuracy,correct_buys,correct_sells,correct_holds,correct_low_buys,correct_high_sells,correct_mid_holds,Profit gained,buy_n_hold profit
0,0.22596153616905212,10.76923076923077,7.407407407407407,91.42857142857143,59.375,55.55555555555556,80.0,152.40234340489837,678.7940878989605
1,0.16346153616905212,7.6923076923076925,3.8461538461538463,92.3076923076923,56.41025641025641,54.80769230769231,92.0,57.88853419591865,468.5733088396159
2,0.2511415481567383,5.434782608695652,9.75609756097561,93.33333333333333,55.43478260869565,42.68292682926829,86.36363636363636,376.82701872922746,255.73168172693892
3,0.2876712381839752,8.433734939759036,9.411764705882353,94.11764705882354,56.09756097560975,54.11764705882353,82.3529411764706,89.00896300997837,-65.97131265210028
