,Test_accuracy,correct_buys,correct_sells,correct_holds,correct_low_buys,correct_high_sells,correct_mid_holds,Profit gained,buy_n_hold profit
0,0.3255814015865326,7.142857142857143,9.859154929577464,95.0,48.80952380952381,58.57142857142857,86.66666666666667,-69.78305525902213,-78.23835547143774
1,0.33023256063461304,5.405405405405405,8.333333333333334,88.40579710144928,52.7027027027027,53.521126760563384,85.5072463768116,-4.958102002056478,-24.562919643857924
2,0.26760563254356384,8.333333333333334,8.433734939759036,93.47826086956522,48.80952380952381,48.78048780487805,86.95652173913044,-63.169105836037296,-84.28988749503957
3,0.37442922592163086,10.606060606060606,11.764705882352942,95.58823529411765,51.515151515151516,56.470588235294116,86.56716417910448,524.3347258559324,-31.90034799175503
4,0.2785388231277466,9.375,7.070707070707071,85.71428571428571,57.8125,51.515151515151516,80.0,57.955544572789904,-32.50977018523099
