,Test_accuracy,correct_buys,correct_sells,correct_holds,correct_low_buys,correct_high_sells,correct_mid_holds,Profit gained,buy_n_hold profit
0,0.28837209939956665,6.185567010309279,9.375,92.5925925925926,48.45360824742268,58.73015873015873,85.18518518518519,-72.32321721328677,-78.23835547143774
1,0.33023256063461304,8.235294117647058,8.955223880597014,92.06349206349206,56.470588235294116,54.54545454545455,88.88888888888889,0.28907516713005066,-24.562919643857924
2,0.2863849699497223,8.24742268041237,10.144927536231885,97.87234042553192,47.422680412371136,48.529411764705884,87.23404255319149,-81.05303575612947,-84.28988749503957
3,0.34246575832366943,8.75,11.842105263157896,93.65079365079364,50.0,55.26315789473684,82.25806451612904,553.1288481397519,-31.90034799175503
4,0.2831050157546997,8.219178082191782,7.6923076923076925,89.0909090909091,56.16438356164384,53.84615384615385,81.48148148148148,14.174461384723514,-32.50977018523099
