,Test_accuracy,correct_buys,correct_sells,correct_holds,correct_low_buys,correct_high_sells,correct_mid_holds,Profit gained,buy_n_hold profit
0,0.29767441749572754,8.333333333333334,8.955223880597014,96.15384615384616,53.125,59.701492537313435,94.11764705882354,-64.42802157328603,-78.23835547143774
1,0.20465116202831268,7.608695652173913,8.98876404494382,85.29411764705883,54.34782608695652,57.30337078651685,81.81818181818181,-64.33179679616029,-24.562919643857924
2,0.2535211145877838,7.216494845360825,9.722222222222221,90.9090909090909,46.391752577319586,55.55555555555556,83.72093023255815,-91.297409749363,-84.28988749503957
3,0.21461187303066254,6.796116504854369,9.090909090909092,84.61538461538461,49.01960784313726,54.54545454545455,76.92307692307692,7.453929067373977,-31.90034799175503
4,0.23744292557239532,11.363636363636363,9.375,94.28571428571429,55.172413793103445,59.375,88.57142857142857,150.6213121361206,-32.50977018523099
