,Test_accuracy,correct_buys,correct_sells,correct_holds,correct_low_buys,correct_high_sells,correct_mid_holds,Profit gained,buy_n_hold profit
0,0.24651162326335907,5.217391304347826,10.526315789473685,95.34883720930233,43.47826086956522,62.5,86.04651162790698,-89.13096566578012,-78.23835547143774
1,0.2697674334049225,5.769230769230769,12.068965517241379,84.90566037735849,53.84615384615385,68.42105263157895,83.01886792452831,0.8243690835994926,-24.562919643857924
2,0.20187793672084808,7.079646017699115,7.352941176470588,93.75,46.902654867256636,53.73134328358209,78.125,-80.76107530130227,-84.28988749503957
3,0.22374428808689117,8.411214953271028,10.38961038961039,91.42857142857143,47.66355140186916,53.246753246753244,82.3529411764706,1257.892116825318,-31.90034799175503
4,0.2602739632129669,8.602150537634408,9.876543209876543,91.11111111111111,53.26086956521739,54.32098765432099,77.77777777777777,-41.98674074873475,-32.50977018523099
