,Test_accuracy,correct_buys,correct_sells,correct_holds,correct_low_buys,correct_high_sells,correct_mid_holds,Profit gained,buy_n_hold profit
0,0.21153846383094788,8.771929824561404,5.217391304347826,91.66666666666667,50.87719298245614,48.24561403508772,83.33333333333333,630.0147848224143,678.7940878989605
1,0.14903846383094788,7.042253521126761,5.217391304347826,90.9090909090909,52.11267605633803,50.0,77.27272727272727,60.10509454308237,468.5733088396159
2,0.2054794579744339,5.4945054945054945,8.695652173913043,88.88888888888889,47.77777777777778,47.82608695652174,83.33333333333333,275.50049116949845,255.73168172693892
3,0.2054794579744339,7.6923076923076925,8.333333333333334,93.75,53.333333333333336,50.0,87.5,182.68418245929843,-65.97131265210028
