,Test_accuracy,correct_buys,correct_sells,correct_holds,correct_low_buys,correct_high_sells,correct_mid_holds,Profit gained,buy_n_hold profit
0,0.2511627972126007,6.837606837606837,10.344827586206897,100.0,45.2991452991453,62.06896551724138,94.87179487179488,-73.17003872688763,-78.23835547143774
1,0.24186046421527863,8.737864077669903,10.95890410958904,89.74358974358974,52.42718446601942,61.111111111111114,82.05128205128206,-11.128288790453894,-24.562919643857924
2,0.30985915660858154,8.653846153846153,10.714285714285714,96.22641509433963,50.96153846153846,56.36363636363637,83.01886792452831,-39.20957331011383,-84.28988749503957
3,0.27397260069847107,8.421052631578947,11.688311688311689,91.48936170212765,47.87234042553192,57.142857142857146,87.23404255319149,-46.84120177542503,-31.90034799175503
4,0.2831050157546997,10.869565217391305,10.975609756097562,95.55555555555556,54.94505494505494,60.97560975609756,91.11111111111111,245.8696995979297,-32.50977018523099
